-- phpMyAdmin SQL Dump
-- version 4.5.2
-- http://www.phpmyadmin.net
--
-- Хост: localhost
-- Время создания: Апр 12 2017 г., 22:52
-- Версия сервера: 10.1.13-MariaDB
-- Версия PHP: 7.0.8

SET SQL_MODE = "NO_AUTO_VALUE_ON_ZERO";
SET time_zone = "+00:00";


/*!40101 SET @OLD_CHARACTER_SET_CLIENT=@@CHARACTER_SET_CLIENT */;
/*!40101 SET @OLD_CHARACTER_SET_RESULTS=@@CHARACTER_SET_RESULTS */;
/*!40101 SET @OLD_COLLATION_CONNECTION=@@COLLATION_CONNECTION */;
/*!40101 SET NAMES utf8mb4 */;

--
-- База данных: `footstat`
--

-- --------------------------------------------------------

--
-- Структура таблицы `league`
--

CREATE TABLE `league` (
  `id` int(25) NOT NULL,
  `league` varchar(50) NOT NULL
) ENGINE=InnoDB DEFAULT CHARSET=utf8;

--
-- Дамп данных таблицы `league`
--

INSERT INTO `league` (`id`, `league`) VALUES
(1, 'Испания'),
(2, 'Англия'),
(3, 'Германия');

-- --------------------------------------------------------

--
-- Структура таблицы `play`
--

CREATE TABLE `play` (
  `id` bigint(255) NOT NULL,
  `link` varchar(20) NOT NULL,
  `year` year(4) NOT NULL DEFAULT '2016',
  `date` datetime NOT NULL,
  `league_id` int(11) NOT NULL,
  `home_team_id` int(25) NOT NULL,
  `away_team_id` int(25) NOT NULL,
  `home_score_full` int(125) NOT NULL,
  `away_score_full` int(125) NOT NULL,
  `h_tid_posses` int(25) NOT NULL,
  `a_tid_posses` int(25) NOT NULL,
  `h_tid_shot_on_goal` int(25) NOT NULL,
  `a_tid_shot_on_goal` int(25) NOT NULL,
  `h_tid_foul` int(25) NOT NULL,
  `a_tid_foul` int(25) NOT NULL,
  `h_tid_corner` int(25) NOT NULL,
  `a_tid_corner` int(25) NOT NULL,
  `h_tid_offside` int(25) NOT NULL,
  `a_tid_offside` int(25) NOT NULL,
  `h_tid_yellow_cart` int(25) NOT NULL,
  `a_tid_yellow_cart` int(25) NOT NULL,
  `h_tid_red_cart` int(25) NOT NULL DEFAULT '0',
  `a_tid_red_cart` int(25) NOT NULL DEFAULT '0',
  `delay` tinyint(1) NOT NULL DEFAULT '0',
  `created_at` timestamp NOT NULL DEFAULT CURRENT_TIMESTAMP,
  `updated_at` timestamp NOT NULL DEFAULT CURRENT_TIMESTAMP ON UPDATE CURRENT_TIMESTAMP
) ENGINE=InnoDB DEFAULT CHARSET=utf8;

--
-- Дамп данных таблицы `play`
--

INSERT INTO `play` (`id`, `link`, `year`, `date`, `league_id`, `home_team_id`, `away_team_id`, `home_score_full`, `away_score_full`, `h_tid_posses`, `a_tid_posses`, `h_tid_shot_on_goal`, `a_tid_shot_on_goal`, `h_tid_foul`, `a_tid_foul`, `h_tid_corner`, `a_tid_corner`, `h_tid_offside`, `a_tid_offside`, `h_tid_yellow_cart`, `a_tid_yellow_cart`, `h_tid_red_cart`, `a_tid_red_cart`, `delay`, `created_at`, `updated_at`) VALUES
(1, '/games/638549/', 2016, '2016-08-19 21:45:00', 1, 1, 2, 1, 1, 55, 45, 4, 3, 11, 12, 5, 3, 1, 1, 2, 3, 0, 0, 0, '2016-11-07 14:10:53', '2017-03-13 07:39:30'),
(2, '/games/638550/', 2016, '2016-08-19 23:00:00', 1, 3, 4, 2, 1, 50, 50, 6, 6, 14, 17, 1, 8, 4, 2, 3, 3, 0, 0, 0, '2016-11-07 14:10:53', '2017-03-13 07:40:19'),
(3, '/games/638551/', 2016, '2016-08-20 19:15:00', 1, 5, 6, 6, 2, 73, 27, 12, 2, 17, 13, 10, 2, 4, 0, 1, 3, 0, 0, 0, '2016-11-07 14:10:53', '2017-03-13 07:40:36'),
(4, '/games/638552/', 2016, '2016-08-20 21:15:00', 1, 7, 8, 1, 1, 68, 32, 1, 3, 17, 11, 7, 3, 1, 3, 2, 3, 0, 0, 0, '2016-11-07 14:10:53', '2017-03-13 07:40:50'),
(5, '/games/638553/', 2016, '2016-08-20 23:15:00', 1, 9, 10, 6, 4, 73, 27, 11, 7, 8, 15, 8, 2, 2, 0, 2, 2, 0, 0, 0, '2016-11-07 14:10:53', '2017-03-13 07:41:32'),
(6, '/games/638554/', 2016, '2016-08-21 19:15:00', 1, 11, 12, 2, 1, 38, 62, 4, 4, 18, 15, 2, 5, 2, 0, 3, 3, 0, 0, 0, '2016-11-07 14:10:53', '2017-03-13 07:41:48'),
(7, '/games/638555/', 2016, '2016-08-21 21:15:00', 1, 13, 14, 0, 3, 45, 55, 0, 8, 22, 11, 4, 7, 0, 0, 2, 3, 0, 0, 0, '2016-11-07 14:10:53', '2017-03-13 07:42:11'),
(8, '/games/638556/', 2016, '2016-08-21 23:15:00', 1, 15, 16, 1, 1, 62, 38, 6, 1, 7, 15, 20, 2, 7, 1, 0, 4, 0, 0, 0, '2016-11-07 14:10:53', '2017-03-13 07:42:23'),
(9, '/games/638557/', 2016, '2016-08-22 21:00:00', 1, 17, 18, 0, 1, 64, 36, 2, 6, 5, 13, 8, 4, 2, 0, 4, 1, 0, 0, 0, '2016-11-07 14:10:53', '2017-03-13 07:42:39'),
(10, '/games/638558/', 2016, '2016-08-22 23:00:00', 1, 19, 20, 2, 4, 58, 42, 8, 4, 15, 18, 12, 1, 3, 3, 2, 2, 0, 0, 0, '2016-11-07 14:10:53', '2017-03-13 07:42:54'),
(11, '/games/638561/', 2016, '2016-08-26 23:00:00', 1, 10, 1, 2, 2, 52, 48, 2, 4, 20, 17, 3, 4, 4, 5, 2, 4, 0, 0, 0, '2016-11-07 14:10:53', '2017-03-13 07:43:54'),
(12, '/games/638565/', 2016, '2016-08-26 21:45:00', 1, 6, 3, 0, 0, 57, 43, 5, 1, 20, 15, 13, 2, 6, 1, 0, 2, 0, 0, 0, '2016-11-07 14:10:53', '2017-03-13 07:44:26'),
(13, '/games/638560/', 2016, '2016-08-27 19:15:00', 1, 2, 13, 0, 2, 45, 55, 3, 4, 14, 14, 10, 1, 4, 3, 2, 1, 0, 0, 0, '2016-11-07 14:10:53', '2017-03-13 07:47:12'),
(14, '/games/638564/', 2016, '2016-08-27 19:15:00', 1, 4, 19, 1, 0, 39, 61, 6, 3, 13, 11, 6, 10, 2, 3, 2, 2, 0, 0, 0, '2016-11-07 14:10:53', '2017-03-13 07:47:30'),
(15, '/games/638563/', 2016, '2016-08-28 19:15:00', 1, 20, 7, 5, 1, 53, 47, 10, 2, 8, 16, 6, 4, 3, 1, 5, 1, 0, 0, 0, '2016-11-07 14:10:53', '2017-03-13 07:48:04'),
(16, '/games/638567/', 2016, '2016-08-28 19:15:00', 1, 16, 11, 0, 0, 51, 49, 2, 1, 10, 12, 4, 6, 3, 1, 1, 1, 0, 0, 0, '2016-11-07 14:10:53', '2017-03-13 07:52:40'),
(17, '/games/638566/', 2016, '2016-08-28 21:15:00', 1, 12, 5, 0, 1, 37, 63, 4, 3, 20, 13, 4, 4, 1, 6, 5, 4, 0, 0, 0, '2016-11-07 14:10:53', '2017-03-13 07:55:09'),
(18, '/games/638562/', 2016, '2016-08-28 23:15:00', 1, 8, 9, 0, 0, 38, 62, 5, 0, 16, 12, 5, 1, 2, 2, 1, 3, 0, 0, 0, '2016-11-07 14:10:53', '2017-03-13 07:53:34'),
(19, '/games/638559/', 2016, '2016-08-27 21:15:00', 1, 14, 17, 2, 1, 54, 46, 10, 3, 8, 11, 7, 2, 4, 3, 0, 2, 0, 0, 0, '2016-11-07 14:10:53', '2017-03-13 07:49:58'),
(20, '/games/638568/', 2016, '2016-08-27 23:15:00', 1, 18, 15, 0, 0, 37, 63, 1, 3, 18, 5, 1, 8, 1, 7, 3, 1, 0, 0, 0, '2016-11-07 14:10:53', '2017-03-13 07:52:11'),
(21, '/games/638570/', 2016, '2016-09-09 21:45:00', 1, 13, 10, 1, 1, 65, 35, 3, 1, 10, 10, 10, 1, 3, 1, 2, 4, 0, 1, 0, '2016-11-07 14:10:53', '2017-03-13 07:55:50'),
(22, '/games/638578/', 2016, '2016-09-10 14:00:00', 1, 17, 15, 0, 4, 58, 42, 1, 6, 13, 12, 6, 4, 0, 2, 1, 2, 0, 0, 0, '2016-11-07 14:10:53', '2017-03-13 07:56:14'),
(23, '/games/638569/', 2016, '2016-09-10 17:00:00', 1, 14, 2, 5, 2, 61, 39, 11, 3, 14, 14, 6, 7, 5, 1, 2, 4, 0, 1, 0, '2016-11-07 14:10:53', '2017-03-13 07:56:32'),
(24, '/games/638571/', 2016, '2016-09-10 19:15:00', 1, 1, 8, 0, 2, 51, 49, 2, 6, 8, 14, 9, 7, 3, 1, 2, 1, 0, 0, 0, '2016-11-07 14:10:53', '2017-03-13 07:57:30'),
(25, '/games/638572/', 2016, '2016-09-10 19:15:00', 1, 9, 20, 2, 1, 65, 35, 7, 4, 15, 13, 10, 1, 5, 4, 3, 6, 0, 1, 0, '2016-11-07 14:10:53', '2017-03-13 07:57:14'),
(26, '/games/638576/', 2016, '2016-09-10 21:30:00', 1, 5, 16, 1, 2, 74, 26, 2, 4, 12, 13, 13, 0, 5, 3, 1, 1, 0, 0, 0, '2016-11-07 14:10:53', '2017-03-13 07:58:43'),
(27, '/games/638577/', 2016, '2016-09-11 13:00:00', 1, 11, 18, 2, 1, 55, 45, 4, 2, 12, 16, 3, 5, 3, 2, 0, 2, 0, 0, 0, '2016-11-07 14:10:53', '2017-03-13 07:59:13'),
(28, '/games/638574/', 2016, '2016-09-11 17:00:00', 1, 19, 6, 2, 3, 55, 45, 9, 5, 15, 21, 5, 5, 2, 4, 2, 4, 1, 0, 0, '2016-11-07 14:10:53', '2017-03-13 07:59:28'),
(29, '/games/638573/', 2016, '2016-09-11 19:15:00', 1, 7, 4, 1, 2, 70, 30, 5, 8, 7, 8, 6, 7, 2, 3, 2, 0, 0, 1, 0, '2016-11-07 14:10:53', '2017-03-13 07:59:55'),
(30, '/games/638575/', 2016, '2016-09-11 21:15:00', 1, 3, 12, 0, 1, 60, 40, 3, 2, 15, 15, 7, 6, 5, 2, 2, 3, 0, 0, 0, '2016-11-07 14:10:53', '2017-03-13 08:00:06'),
(31, '/games/638584/', 2016, '2016-09-16 21:45:00', 1, 6, 7, 2, 2, 64, 36, 7, 8, 13, 17, 7, 3, 0, 1, 6, 5, 1, 1, 0, '2016-11-07 14:10:53', '2017-03-13 08:00:32'),
(32, '/games/638587/', 2016, '2016-09-17 14:00:00', 1, 18, 5, 1, 5, 37, 63, 6, 7, 28, 7, 2, 5, 2, 3, 4, 2, 0, 0, 0, '2016-11-07 14:10:53', '2017-03-13 08:00:46'),
(33, '/games/638588/', 2016, '2016-09-17 17:15:00', 1, 15, 11, 5, 0, 54, 46, 7, 1, 14, 9, 1, 4, 2, 0, 0, 2, 0, 0, 0, '2016-11-07 14:10:53', '2017-03-13 08:00:59'),
(34, '/games/638583/', 2016, '2016-09-17 19:15:00', 1, 4, 9, 1, 1, 45, 55, 2, 4, 19, 10, 4, 2, 4, 1, 1, 1, 2, 0, 0, '2016-11-07 14:10:53', '2017-03-13 08:01:36'),
(35, '/games/638582/', 2016, '2016-09-17 21:45:00', 1, 20, 1, 1, 0, 65, 35, 2, 2, 11, 18, 2, 2, 3, 3, 3, 1, 0, 0, 0, '2016-11-07 14:10:53', '2017-03-13 08:01:57'),
(36, '/games/638579/', 2016, '2016-09-18 13:00:00', 1, 2, 17, 0, 0, 39, 61, 2, 5, 18, 13, 3, 5, 0, 7, 4, 1, 0, 0, 0, '2016-11-07 14:10:53', '2017-03-13 08:02:33'),
(37, '/games/638585/', 2016, '2016-09-18 17:15:00', 1, 12, 19, 2, 1, 46, 54, 4, 2, 17, 12, 7, 1, 2, 2, 4, 4, 0, 0, 0, '2016-11-07 14:10:53', '2017-03-13 08:03:32'),
(38, '/games/638581/', 2016, '2016-09-18 19:15:00', 1, 8, 13, 2, 1, 40, 60, 4, 2, 13, 16, 3, 6, 2, 1, 2, 5, 0, 1, 0, '2016-11-07 14:10:53', '2017-03-13 08:03:56'),
(39, '/games/638580/', 2016, '2016-09-18 21:45:00', 1, 10, 14, 0, 2, 41, 59, 2, 7, 19, 8, 4, 5, 1, 3, 4, 2, 0, 0, 0, '2016-11-07 14:10:53', '2017-03-13 08:04:29'),
(40, '/games/638586/', 2016, '2016-09-19 21:45:00', 1, 16, 3, 0, 0, 53, 47, 1, 1, 16, 8, 4, 5, 2, 2, 3, 4, 0, 0, 0, '2016-11-07 14:10:53', '2017-03-13 08:04:55'),
(41, '/games/638592/', 2016, '2016-09-20 21:00:00', 1, 1, 4, 2, 1, 54, 46, 6, 3, 7, 13, 7, 5, 5, 2, 2, 4, 0, 0, 0, '2016-11-07 14:10:53', '2017-03-13 08:05:36'),
(42, '/games/638593/', 2016, '2016-09-20 23:00:00', 1, 9, 6, 1, 0, 56, 44, 3, 3, 24, 17, 6, 2, 1, 1, 5, 4, 0, 0, 0, '2016-11-07 14:10:53', '2017-03-13 08:05:56'),
(43, '/games/638598/', 2016, '2016-09-21 21:00:00', 1, 17, 11, 2, 1, 68, 32, 5, 1, 16, 8, 8, 0, 4, 1, 2, 3, 0, 0, 0, '2016-11-07 14:10:53', '2017-03-13 08:06:54'),
(44, '/games/638590/', 2016, '2016-09-21 21:00:00', 1, 14, 8, 1, 1, 59, 41, 6, 3, 9, 9, 17, 3, 2, 0, 4, 1, 0, 0, 0, '2016-11-07 14:10:53', '2017-03-13 08:06:21'),
(45, '/games/638591/', 2016, '2016-09-21 23:00:00', 1, 13, 20, 4, 1, 60, 40, 7, 3, 3, 7, 7, 4, 2, 1, 1, 2, 0, 1, 0, '2016-11-07 14:10:53', '2017-03-13 08:07:18'),
(46, '/games/638594/', 2016, '2016-09-21 23:00:00', 1, 7, 12, 1, 2, 57, 43, 2, 8, 8, 9, 6, 3, 3, 0, 1, 0, 0, 0, 0, '2016-11-07 14:10:53', '2017-03-13 08:08:34'),
(47, '/games/638597/', 2016, '2016-09-21 23:00:00', 1, 5, 15, 1, 1, 70, 30, 7, 4, 14, 17, 8, 2, 0, 3, 2, 4, 0, 0, 0, '2016-11-07 14:10:53', '2017-03-13 08:08:51'),
(48, '/games/638596/', 2016, '2016-09-22 21:00:00', 1, 3, 18, 1, 2, 54, 46, 5, 2, 20, 18, 7, 1, 0, 4, 0, 3, 0, 0, 0, '2016-11-07 14:10:53', '2017-03-13 08:09:47'),
(49, '/games/638589/', 2016, '2016-09-22 23:00:00', 1, 2, 10, 1, 2, 53, 47, 11, 2, 16, 14, 7, 1, 2, 1, 2, 1, 0, 0, 0, '2016-11-07 14:10:53', '2017-03-13 08:10:15'),
(50, '/games/638595/', 2016, '2016-09-22 23:00:00', 1, 19, 16, 2, 1, 49, 51, 2, 1, 14, 13, 7, 4, 2, 2, 2, 4, 0, 0, 0, '2016-11-07 14:10:53', '2017-03-13 08:10:27'),
(51, '/games/638603/', 2016, '2016-09-23 21:45:00', 1, 6, 1, 1, 0, 50, 50, 4, 6, 20, 15, 6, 5, 2, 3, 4, 6, 0, 0, 0, '2016-11-07 14:10:53', '2017-03-13 08:11:17'),
(52, '/games/638602/', 2016, '2016-09-24 14:00:00', 1, 4, 13, 2, 0, 54, 46, 3, 0, 15, 13, 5, 3, 3, 5, 4, 2, 0, 1, 0, '2016-11-07 14:10:53', '2017-03-13 08:11:45'),
(53, '/games/638608/', 2016, '2016-09-24 17:15:00', 1, 11, 5, 0, 5, 31, 69, 3, 7, 15, 10, 4, 3, 1, 5, 3, 0, 1, 0, 0, '2016-11-07 14:10:53', '2017-03-13 08:11:59'),
(54, '/games/638604/', 2016, '2016-09-24 19:30:00', 1, 12, 9, 3, 1, 35, 65, 7, 2, 9, 9, 4, 5, 0, 4, 2, 2, 0, 1, 0, '2016-11-07 14:10:53', '2017-03-13 08:12:30'),
(55, '/games/638601/', 2016, '2016-09-24 21:45:00', 1, 20, 14, 2, 2, 55, 45, 6, 11, 7, 19, 0, 5, 1, 5, 3, 2, 0, 0, 0, '2016-11-07 14:10:53', '2017-03-13 08:12:42'),
(56, '/games/638606/', 2016, '2016-09-25 13:00:00', 1, 18, 19, 1, 2, 52, 48, 3, 4, 19, 17, 1, 5, 3, 4, 4, 4, 0, 0, 0, '2016-11-07 14:10:53', '2017-03-13 08:12:58'),
(57, '/games/638607/', 2016, '2016-09-25 17:15:00', 1, 15, 3, 1, 0, 67, 33, 5, 1, 13, 19, 10, 0, 8, 0, 1, 4, 0, 1, 0, '2016-11-07 14:10:53', '2017-03-13 08:13:13'),
(58, '/games/638600/', 2016, '2016-09-25 19:30:00', 1, 8, 2, 3, 1, 60, 40, 5, 3, 7, 16, 5, 5, 5, 1, 0, 2, 0, 0, 0, '2016-11-07 14:10:53', '2017-03-13 08:13:39'),
(59, '/games/638599/', 2016, '2016-09-25 21:45:00', 1, 10, 17, 0, 2, 43, 57, 2, 4, 15, 13, 4, 7, 1, 5, 2, 3, 0, 0, 0, '2016-11-07 14:10:53', '2017-03-13 08:13:54'),
(60, '/games/638605/', 2016, '2016-09-26 21:45:00', 1, 16, 7, 3, 1, 43, 57, 6, 3, 15, 19, 5, 6, 4, 1, 3, 3, 0, 0, 0, '2016-11-07 14:10:53', '2017-03-13 08:14:07'),
(61, '/games/638612/', 2016, '2016-09-30 21:45:00', 1, 13, 6, 1, 0, 61, 39, 8, 2, 17, 22, 4, 2, 2, 2, 2, 3, 0, 0, 0, '2016-11-07 14:10:53', '2017-03-13 08:15:00'),
(62, '/games/638615/', 2016, '2016-10-01 14:00:00', 1, 7, 18, 0, 1, 42, 58, 1, 3, 13, 20, 6, 4, 0, 2, 1, 0, 0, 0, 0, '2016-11-07 14:10:53', '2017-03-13 08:15:04'),
(63, '/games/638614/', 2016, '2016-10-01 17:15:00', 1, 9, 16, 2, 1, 75, 25, 12, 1, 10, 13, 9, 2, 3, 1, 2, 6, 0, 0, 0, '2016-11-07 14:10:53', '2017-03-13 08:15:24'),
(64, '/games/638610/', 2016, '2016-10-01 19:30:00', 1, 2, 20, 2, 2, 21, 79, 3, 5, 17, 7, 1, 12, 7, 1, 3, 4, 0, 0, 0, '2016-11-07 14:10:53', '2017-03-13 08:15:57'),
(65, '/games/638617/', 2016, '2016-10-01 21:45:00', 1, 3, 11, 2, 1, 59, 41, 6, 2, 17, 26, 11, 4, 2, 3, 0, 4, 0, 0, 0, '2016-11-07 14:10:53', '2017-03-13 08:16:26'),
(66, '/games/638616/', 2016, '2016-10-02 13:00:00', 1, 19, 15, 0, 2, 41, 59, 5, 10, 10, 15, 6, 5, 0, 4, 1, 3, 0, 0, 0, '2016-11-07 14:10:53', '2017-03-13 08:16:40'),
(67, '/games/638611/', 2016, '2016-10-02 17:14:00', 1, 14, 4, 1, 1, 65, 35, 3, 4, 8, 15, 7, 5, 6, 1, 4, 5, 0, 0, 0, '2016-11-07 14:10:53', '2017-03-13 08:16:58'),
(68, '/games/638613/', 2016, '2016-10-02 19:30:00', 1, 1, 12, 2, 1, 61, 39, 3, 1, 19, 11, 7, 2, 2, 5, 9, 3, 1, 1, 0, '2016-11-07 14:10:53', '2017-03-13 08:17:45'),
(69, '/games/638609/', 2016, '2016-10-02 19:30:00', 1, 10, 8, 0, 0, 40, 60, 1, 1, 14, 10, 3, 1, 3, 3, 2, 2, 0, 0, 0, '2016-11-07 14:10:53', '2017-03-13 08:17:27'),
(70, '/games/638618/', 2016, '2016-10-02 21:45:00', 1, 17, 5, 4, 3, 35, 65, 9, 4, 16, 11, 3, 6, 0, 2, 1, 3, 0, 0, 0, '2016-11-07 14:10:53', '2017-03-13 08:17:55'),
(71, '/games/638620/', 2016, '2016-10-14 21:45:00', 1, 20, 10, 0, 0, 67, 33, 8, 2, 13, 21, 8, 4, 2, 5, 2, 3, 0, 0, 0, '2016-11-07 16:24:02', '2017-03-13 08:18:24'),
(72, '/games/638625/', 2016, '2016-10-15 14:00:00', 1, 18, 9, 2, 3, 41, 59, 6, 4, 17, 20, 5, 2, 2, 5, 2, 5, 0, 0, 0, '2016-11-15 09:44:35', '2017-03-13 08:18:41'),
(73, '/games/638628/', 2016, '2016-10-15 17:15:00', 1, 5, 3, 4, 0, 71, 29, 8, 0, 5, 15, 8, 2, 3, 1, 1, 2, 0, 1, 0, '2016-11-15 10:52:34', '2017-03-13 08:18:53'),
(74, '/games/638626/', 2016, '2016-10-15 19:30:00', 1, 15, 7, 7, 1, 66, 34, 11, 2, 14, 7, 11, 3, 4, 0, 1, 1, 0, 0, 0, '2017-02-01 12:56:52', '2017-03-13 08:19:17'),
(75, '/games/638622/', 2016, '2016-10-15 21:45:00', 1, 6, 14, 1, 6, 49, 51, 2, 9, 14, 8, 2, 5, 0, 1, 4, 1, 0, 0, 0, '2017-02-01 13:04:01', '2017-03-13 08:19:31'),
(76, '/games/638624/', 2016, '2016-10-16 13:00:00', 1, 16, 1, 1, 1, 45, 55, 4, 5, 14, 14, 6, 7, 5, 1, 3, 5, 1, 1, 0, '2017-02-01 13:08:27', '2017-03-13 08:19:44'),
(77, '/games/638623/', 2016, '2016-10-16 17:15:00', 1, 12, 13, 3, 2, 47, 53, 11, 3, 17, 19, 7, 4, 4, 3, 3, 3, 0, 0, 0, '2017-02-01 13:11:16', '2017-03-13 08:20:01'),
(78, '/games/638627/', 2016, '2016-10-16 19:30:00', 1, 11, 19, 1, 2, 49, 51, 2, 3, 21, 11, 4, 4, 2, 0, 5, 1, 0, 0, 0, '2017-02-01 13:13:49', '2017-03-13 08:20:25'),
(79, '/games/638619/', 2016, '2016-10-16 21:45:00', 1, 8, 17, 5, 0, 45, 55, 5, 1, 19, 12, 3, 5, 3, 4, 1, 6, 0, 1, 0, '2017-02-01 13:16:28', '2017-03-13 08:20:43'),
(80, '/games/638621/', 2016, '2016-10-17 21:45:00', 1, 4, 2, 2, 3, 64, 36, 5, 4, 15, 12, 5, 0, 2, 4, 1, 2, 0, 0, 0, '2017-02-01 13:20:55', '2017-03-13 08:20:58'),
(81, '/games/638631/', 2016, '2016-10-21 21:45:00', 1, 2, 6, 1, 2, 43, 57, 5, 6, 20, 12, 6, 4, 1, 3, 3, 2, 1, 0, 0, '2017-02-01 13:23:31', '2017-03-13 08:21:21'),
(82, '/games/638630/', 2016, '2016-10-22 14:00:00', 1, 10, 4, 3, 3, 52, 48, 5, 3, 11, 12, 7, 6, 1, 3, 3, 6, 1, 0, 0, '2017-02-01 13:26:54', '2017-03-13 08:21:35'),
(83, '/games/638637/', 2016, '2016-10-22 17:15:00', 1, 19, 5, 2, 3, 30, 70, 4, 8, 15, 15, 3, 1, 4, 2, 5, 4, 0, 0, 0, '2017-02-01 13:29:20', '2017-03-13 08:21:48'),
(84, '/games/638633/', 2016, '2016-10-22 19:30:00', 1, 13, 16, 3, 0, 60, 40, 5, 3, 17, 20, 4, 2, 0, 1, 3, 5, 0, 0, 0, '2017-02-01 13:31:46', '2017-03-13 08:22:09'),
(85, '/games/638636/', 2016, '2016-10-22 21:45:00', 1, 7, 11, 0, 0, 49, 51, 1, 3, 10, 12, 3, 3, 0, 1, 4, 1, 0, 0, 0, '2017-02-01 13:33:37', '2017-03-13 08:22:22'),
(86, '/games/638638/', 2016, '2016-10-23 13:00:00', 1, 17, 3, 4, 1, 55, 45, 7, 1, 17, 15, 5, 4, 2, 1, 3, 5, 0, 0, 0, '2017-02-01 13:35:27', '2017-03-13 08:22:36'),
(87, '/games/638635/', 2016, '2016-10-23 17:15:00', 1, 9, 15, 1, 0, 59, 41, 5, 3, 15, 11, 4, 5, 1, 2, 4, 4, 0, 1, 0, '2017-02-01 13:37:27', '2017-03-13 08:22:51'),
(88, '/games/638634/', 2016, '2016-10-23 19:30:00', 1, 1, 18, 4, 0, 48, 52, 8, 5, 12, 15, 5, 8, 2, 3, 1, 3, 0, 0, 0, '2017-02-01 13:39:59', '2017-03-13 08:24:00'),
(89, '/games/638629/', 2016, '2016-10-23 19:30:00', 1, 8, 20, 2, 1, 45, 55, 4, 4, 16, 12, 2, 1, 6, 3, 2, 5, 0, 0, 0, '2017-02-01 13:41:53', '2017-03-13 08:23:47'),
(90, '/games/638632/', 2016, '2016-10-23 21:45:00', 1, 14, 12, 2, 1, 66, 34, 8, 3, 10, 17, 6, 4, 4, 1, 2, 3, 0, 0, 0, '2017-02-01 13:43:58', '2017-03-13 08:24:11'),
(91, '/games/638644/', 2016, '2016-10-28 21:45:00', 1, 18, 13, 0, 2, 40, 60, 4, 5, 19, 15, 1, 4, 1, 2, 5, 2, 0, 0, 0, '2017-02-01 13:45:50', '2017-03-13 08:24:31'),
(92, '/games/638646/', 2016, '2016-10-29 14:00:00', 1, 11, 9, 1, 1, 37, 63, 5, 6, 17, 9, 3, 4, 2, 2, 6, 2, 0, 0, 0, '2017-02-01 13:48:01', '2017-03-13 08:24:46'),
(93, '/games/638643/', 2016, '2016-10-29 17:15:00', 1, 16, 14, 1, 4, 41, 59, 3, 5, 15, 6, 4, 3, 1, 3, 5, 1, 0, 0, 0, '2017-02-01 13:50:00', '2017-03-13 08:25:00'),
(94, '/games/638645/', 2016, '2016-10-29 19:30:00', 1, 15, 1, 4, 2, 55, 45, 7, 3, 10, 10, 6, 2, 1, 0, 4, 6, 1, 1, 0, '2017-02-01 13:52:24', '2017-03-13 08:25:37'),
(95, '/games/638647/', 2016, '2016-10-29 21:45:00', 1, 5, 7, 1, 0, 72, 28, 5, 0, 7, 17, 8, 1, 6, 6, 1, 4, 0, 0, 0, '2017-02-01 13:54:10', '2017-03-13 08:25:50'),
(96, '/games/638640/', 2016, '2016-10-30 14:00:00', 1, 4, 8, 2, 1, 48, 52, 9, 1, 16, 16, 3, 7, 1, 4, 2, 3, 0, 0, 0, '2017-02-01 13:56:10', '2017-03-13 08:26:04'),
(97, '/games/638642/', 2016, '2016-10-30 18:15:00', 1, 12, 2, 1, 1, 70, 30, 4, 3, 10, 11, 9, 2, 5, 5, 2, 1, 0, 0, 0, '2017-02-02 05:11:54', '2017-03-13 08:26:26'),
(98, '/games/638641/', 2016, '2016-10-30 20:30:00', 1, 6, 10, 0, 1, 61, 39, 5, 5, 15, 15, 8, 3, 1, 0, 3, 3, 0, 0, 0, '2017-02-02 05:14:16', '2017-03-13 08:26:52'),
(99, '/games/638639/', 2016, '2016-10-30 22:45:00', 1, 20, 17, 3, 3, 76, 24, 8, 6, 12, 23, 8, 1, 3, 3, 2, 8, 0, 1, 0, '2017-02-02 05:16:12', '2017-03-13 08:27:03'),
(100, '/games/638648/', 2016, '2016-10-31 22:45:00', 1, 3, 19, 1, 1, 39, 61, 4, 3, 14, 21, 5, 6, 4, 3, 1, 5, 0, 0, 0, '2017-02-02 05:18:40', '2017-03-13 08:27:13'),
(101, '/games/638655/', 2016, '2016-11-04 22:45:00', 1, 1, 11, 3, 2, 63, 37, 7, 4, 12, 20, 9, 2, 2, 2, 5, 6, 0, 1, 0, '2017-02-02 05:24:35', '2017-03-13 08:27:43'),
(102, '/games/638657/', 2016, '2016-11-05 15:00:00', 1, 7, 3, 1, 1, 59, 41, 6, 5, 11, 7, 7, 6, 3, 2, 1, 2, 0, 0, 0, '2017-02-02 05:26:32', '2017-03-13 08:27:55'),
(103, '/games/638654/', 2016, '2016-11-05 18:15:00', 1, 13, 15, 2, 0, 59, 41, 3, 2, 18, 20, 6, 6, 0, 2, 2, 4, 0, 0, 0, '2017-02-02 05:42:41', '2017-03-13 08:28:12'),
(104, '/games/638652/', 2016, '2016-11-05 20:30:00', 1, 2, 16, 0, 1, 39, 61, 4, 3, 18, 10, 3, 4, 1, 2, 5, 2, 0, 0, 0, '2017-02-02 06:07:30', '2017-03-13 08:28:43'),
(105, '/games/638649/', 2016, '2016-11-05 22:45:00', 1, 20, 4, 1, 0, 65, 35, 6, 5, 10, 20, 7, 4, 3, 2, 1, 5, 0, 0, 0, '2017-02-02 06:09:30', '2017-03-13 08:28:55'),
(106, '/games/638653/', 2016, '2016-11-06 14:00:00', 1, 14, 18, 3, 0, 65, 35, 7, 3, 7, 20, 2, 2, 3, 2, 3, 5, 0, 0, 0, '2017-02-02 06:11:45', '2017-03-13 08:29:06'),
(107, '/games/638651/', 2016, '2016-11-06 18:15:00', 1, 10, 12, 0, 0, 52, 48, 3, 0, 13, 11, 5, 3, 3, 3, 1, 2, 0, 0, 0, '2017-02-02 06:13:51', '2017-03-13 08:29:50'),
(108, '/games/638658/', 2016, '2016-11-06 18:15:00', 1, 17, 19, 2, 1, 54, 46, 4, 4, 19, 15, 4, 3, 2, 1, 6, 1, 0, 0, 0, '2017-02-02 06:15:53', '2017-03-13 08:29:26'),
(109, '/games/638650/', 2016, '2016-11-06 20:30:00', 1, 8, 6, 2, 0, 49, 51, 7, 3, 16, 12, 10, 1, 2, 1, 0, 2, 0, 0, 0, '2017-02-02 06:18:21', '2017-03-13 08:30:00'),
(110, '/games/638656/', 2016, '2016-11-06 22:45:00', 1, 9, 5, 1, 2, 48, 52, 4, 7, 18, 12, 3, 5, 1, 0, 4, 6, 0, 0, 0, '2017-02-02 06:20:33', '2017-03-13 08:30:11'),
(111, '/games/638660/', 2016, '2016-11-18 22:45:00', 1, 6, 20, 2, 0, 34, 66, 3, 4, 22, 10, 4, 5, 7, 3, 0, 1, 0, 0, 0, '2017-02-02 06:23:06', '2017-03-13 08:44:08'),
(112, '/games/638667/', 2016, '2016-11-19 15:00:00', 1, 3, 9, 2, 3, 27, 73, 3, 7, 15, 12, 3, 14, 2, 2, 3, 2, 0, 0, 0, '2017-02-02 06:26:59', '2017-03-13 08:44:19'),
(113, '/games/638666/', 2016, '2016-11-19 18:15:00', 1, 5, 1, 0, 0, 81, 19, 8, 1, 13, 12, 14, 1, 5, 1, 0, 2, 0, 2, 0, '2017-02-02 06:31:55', '2017-03-13 08:44:35'),
(114, '/games/638659/', 2016, '2016-11-19 20:30:00', 1, 4, 17, 1, 0, 42, 58, 5, 2, 11, 13, 7, 0, 1, 2, 2, 5, 0, 2, 0, '2017-02-02 06:34:17', '2017-03-13 08:44:54'),
(115, '/games/638664/', 2016, '2016-11-19 22:45:00', 1, 15, 14, 0, 3, 47, 53, 5, 7, 21, 14, 8, 6, 3, 2, 4, 2, 0, 0, 0, '2017-02-02 06:36:15', '2017-03-13 08:45:09'),
(116, '/games/638662/', 2016, '2016-11-20 14:00:00', 1, 16, 10, 0, 1, 55, 45, 4, 3, 20, 14, 2, 5, 1, 1, 5, 2, 0, 0, 0, '2017-02-02 06:37:50', '2017-03-13 08:45:20'),
(117, '/games/638668/', 2016, '2016-11-20 18:15:00', 1, 19, 7, 1, 1, 65, 35, 7, 5, 7, 18, 11, 2, 10, 0, 2, 5, 0, 0, 0, '2017-02-02 07:30:23', '2017-03-13 08:45:32'),
(118, '/games/638665/', 2016, '2016-11-20 20:30:00', 1, 11, 13, 1, 3, 40, 60, 1, 9, 17, 9, 3, 5, 2, 4, 2, 1, 0, 0, 0, '2017-02-02 07:32:10', '2017-03-13 08:45:51'),
(119, '/games/638661/', 2016, '2016-11-20 22:45:00', 1, 12, 8, 1, 0, 51, 49, 5, 2, 13, 17, 6, 5, 4, 1, 0, 2, 0, 0, 0, '2017-02-02 07:34:05', '2017-03-13 08:46:02'),
(120, '/games/638663/', 2016, '2016-11-21 22:45:00', 1, 18, 2, 2, 0, 55, 45, 5, 2, 13, 17, 3, 2, 6, 1, 2, 3, 0, 0, 0, '2017-02-02 07:35:56', '2017-03-13 08:46:11'),
(121, '/games/638669/', 2016, '2016-11-25 22:45:00', 1, 4, 6, 3, 1, 62, 38, 9, 2, 11, 7, 5, 1, 3, 4, 0, 1, 0, 1, 0, '2017-02-02 07:39:49', '2017-03-13 08:46:30'),
(122, '/games/638676/', 2016, '2016-11-26 15:00:00', 1, 1, 3, 4, 3, 37, 63, 4, 8, 15, 13, 2, 5, 1, 3, 3, 1, 0, 0, 0, '2017-02-02 07:46:13', '2017-03-13 08:46:44'),
(123, '/games/638674/', 2016, '2016-11-26 18:15:00', 1, 14, 11, 2, 1, 53, 47, 7, 3, 9, 18, 5, 6, 2, 0, 1, 3, 0, 0, 0, '2017-02-02 07:48:26', '2017-03-13 08:47:01'),
(124, '/games/638672/', 2016, '2016-11-26 20:30:00', 1, 10, 18, 3, 0, 49, 51, 4, 3, 19, 16, 3, 4, 1, 1, 1, 2, 0, 0, 0, '2017-02-02 07:50:49', '2017-03-13 08:47:19'),
(125, '/games/638677/', 2016, '2016-11-26 22:45:00', 1, 9, 19, 2, 1, 59, 41, 1, 4, 19, 14, 3, 6, 9, 2, 0, 1, 0, 0, 0, '2017-02-02 07:53:18', '2017-03-13 08:47:30'),
(126, '/games/638671/', 2016, '2016-11-27 14:00:00', 1, 8, 16, 0, 2, 63, 37, 10, 7, 11, 19, 12, 1, 0, 2, 2, 3, 0, 0, 0, '2017-02-02 07:55:06', '2017-03-13 08:47:40'),
(127, '/games/638673/', 2016, '2016-11-27 18:15:00', 1, 2, 15, 0, 3, 46, 54, 1, 5, 9, 6, 7, 4, 1, 2, 2, 2, 0, 0, 0, '2017-02-02 08:24:19', '2017-03-13 08:47:54'),
(128, '/games/638678/', 2016, '2016-11-27 20:30:00', 1, 17, 7, 3, 1, 70, 30, 6, 1, 4, 15, 5, 0, 6, 2, 0, 3, 0, 0, 0, '2017-02-02 08:26:07', '2017-03-13 08:48:28'),
(129, '/games/638675/', 2016, '2016-11-27 22:45:00', 1, 13, 5, 1, 1, 52, 48, 6, 2, 16, 11, 8, 6, 4, 6, 2, 4, 0, 0, 0, '2017-02-02 08:27:54', '2017-03-13 08:48:39'),
(130, '/games/638670/', 2016, '2016-11-28 22:45:00', 1, 20, 12, 3, 1, 54, 46, 4, 3, 19, 21, 5, 3, 2, 2, 3, 6, 0, 1, 0, '2017-02-02 08:30:02', '2017-03-13 08:48:48'),
(131, '/games/638688/', 2016, '2016-12-03 15:00:00', 1, 7, 9, 2, 1, 41, 59, 6, 6, 18, 16, 4, 8, 2, 6, 2, 2, 0, 0, 0, '2017-02-02 08:42:03', '2017-03-13 08:56:22'),
(132, '/games/638685/', 2016, '2016-12-03 18:15:00', 1, 5, 14, 1, 1, 55, 45, 3, 5, 19, 16, 5, 7, 1, 2, 4, 2, 0, 0, 0, '2017-02-02 08:47:08', '2017-03-13 08:56:34'),
(133, '/games/638682/', 2016, '2016-12-03 20:30:00', 1, 18, 8, 0, 0, 47, 53, 4, 3, 21, 16, 2, 4, 3, 5, 6, 3, 0, 0, 0, '2017-02-02 08:50:11', '2017-03-13 08:56:58'),
(134, '/games/638683/', 2016, '2016-12-03 22:45:00', 1, 15, 10, 0, 0, 67, 33, 3, 3, 10, 19, 9, 2, 3, 0, 2, 2, 0, 0, 0, '2017-02-02 08:52:17', '2017-03-13 08:57:20'),
(135, '/games/638679/', 2016, '2016-12-04 14:00:00', 1, 6, 17, 3, 3, 40, 60, 5, 6, 22, 14, 4, 3, 0, 4, 6, 1, 1, 0, 0, '2017-02-02 09:07:52', '2017-03-13 08:57:36'),
(136, '/games/638680/', 2016, '2016-12-04 18:15:00', 1, 12, 4, 3, 1, 47, 53, 5, 4, 9, 16, 2, 2, 4, 6, 1, 4, 0, 0, 0, '2017-02-02 09:10:19', '2017-03-13 08:57:48'),
(137, '/games/638684/', 2016, '2016-12-04 20:30:00', 1, 11, 2, 3, 1, 56, 44, 5, 2, 17, 13, 2, 5, 1, 2, 3, 1, 0, 0, 0, '2017-02-02 09:11:56', '2017-03-13 08:58:00'),
(138, '/games/638681/', 2016, '2016-12-04 20:30:00', 1, 16, 20, 1, 1, 34, 66, 2, 3, 15, 11, 3, 5, 0, 1, 3, 3, 0, 0, 0, '2017-02-02 09:14:04', '2017-03-13 09:00:02'),
(139, '/games/638687/', 2016, '2016-12-04 22:45:00', 1, 19, 1, 2, 2, 38, 62, 3, 6, 16, 7, 2, 13, 3, 1, 5, 1, 0, 0, 0, '2017-02-02 09:16:14', '2017-03-13 09:01:41'),
(140, '/games/638686/', 2016, '2016-12-05 22:45:00', 1, 3, 13, 5, 1, 45, 55, 10, 3, 15, 10, 8, 6, 2, 1, 1, 4, 0, 0, 0, '2017-02-02 09:17:51', '2017-03-13 09:01:53'),
(141, '/games/638697/', 2016, '2016-12-09 22:45:00', 1, 1, 7, 1, 1, 51, 49, 7, 2, 16, 14, 6, 2, 4, 4, 3, 5, 0, 0, 0, '2017-02-02 09:19:41', '2017-03-13 09:06:19'),
(142, '/games/638694/', 2016, '2016-12-10 15:00:00', 1, 2, 5, 0, 3, 20, 80, 1, 6, 18, 6, 2, 5, 2, 3, 3, 0, 0, 0, 0, '2017-02-02 09:21:42', '2017-03-13 09:06:33'),
(143, '/games/638696/', 2016, '2016-12-10 18:15:00', 1, 13, 19, 3, 2, 64, 36, 6, 3, 17, 20, 8, 4, 2, 2, 4, 6, 0, 1, 0, '2017-02-02 09:24:05', '2017-03-13 09:06:44'),
(144, '/games/638691/', 2016, '2016-12-10 20:30:00', 1, 20, 18, 1, 1, 69, 31, 1, 6, 17, 18, 6, 4, 2, 5, 3, 3, 0, 0, 0, '2017-02-02 09:25:50', '2017-03-13 09:07:03'),
(145, '/games/638695/', 2016, '2016-12-10 22:45:00', 1, 14, 3, 3, 2, 64, 36, 5, 2, 16, 17, 10, 3, 4, 1, 3, 4, 0, 0, 0, '2017-02-02 09:27:39', '2017-03-13 09:07:16'),
(146, '/games/638690/', 2016, '2016-12-11 14:00:00', 1, 4, 16, 0, 0, 63, 37, 1, 3, 14, 7, 7, 2, 1, 4, 1, 1, 0, 0, 0, '2017-02-02 09:29:49', '2017-03-13 09:07:28'),
(147, '/games/638698/', 2016, '2016-12-11 18:15:00', 1, 17, 9, 0, 3, 47, 53, 6, 5, 13, 13, 4, 6, 1, 0, 3, 3, 0, 0, 0, '2017-02-02 09:31:45', '2017-03-13 09:07:37'),
(148, '/games/638693/', 2016, '2016-12-11 20:30:00', 1, 10, 11, 2, 1, 44, 56, 6, 5, 13, 10, 4, 3, 1, 0, 1, 2, 0, 0, 0, '2017-02-02 09:33:35', '2017-03-13 09:07:59'),
(149, '/games/638689/', 2016, '2016-12-11 22:45:00', 1, 6, 12, 1, 0, 39, 61, 1, 4, 14, 12, 3, 7, 2, 0, 3, 2, 0, 0, 0, '2017-02-02 09:35:19', '2017-03-13 09:08:13'),
(150, '/games/638692/', 2016, '2016-12-12 22:45:00', 1, 8, 15, 3, 0, 54, 46, 5, 3, 13, 13, 2, 7, 0, 6, 3, 3, 0, 0, 0, '2017-02-02 09:37:52', '2017-03-13 09:08:27'),
(151, '/games/638700/', 2016, '2016-12-16 22:45:00', 1, 16, 6, 1, 0, 50, 50, 2, 3, 20, 6, 6, 4, 2, 0, 6, 1, 0, 0, 0, '2017-02-02 09:40:15', '2017-03-13 09:08:59'),
(152, '/games/638703/', 2016, '2016-12-17 15:00:00', 1, 11, 8, 1, 3, 50, 50, 7, 9, 16, 14, 12, 2, 1, 5, 2, 1, 0, 0, 0, '2017-02-02 09:42:14', '2017-03-13 09:09:11'),
(153, '/games/638702/', 2016, '2016-12-17 18:15:00', 1, 15, 20, 1, 0, 31, 69, 3, 3, 15, 11, 8, 5, 2, 1, 2, 1, 0, 0, 0, '2017-02-02 09:44:18', '2017-03-13 09:09:20'),
(154, '/games/638707/', 2016, '2016-12-17 22:30:00', 1, 7, 13, 0, 2, 37, 63, 4, 6, 9, 11, 5, 9, 1, 3, 0, 1, 0, 0, 0, '2017-02-02 09:47:39', '2017-03-13 09:09:38'),
(155, '/games/638708/', 2016, '2016-12-17 22:45:00', 1, 9, 1, 4, 1, 59, 41, 5, 3, 17, 12, 3, 6, 4, 2, 4, 3, 1, 0, 0, '2017-02-02 13:02:22', '2017-03-13 09:09:50'),
(156, '/games/638701/', 2016, '2016-12-18 18:15:00', 1, 18, 4, 1, 1, 39, 61, 2, 4, 10, 10, 3, 6, 2, 5, 2, 2, 1, 0, 0, '2017-02-02 13:04:11', '2017-03-13 09:09:59'),
(157, '/games/638705/', 2016, '2016-12-18 20:30:00', 1, 3, 2, 2, 0, 65, 35, 4, 3, 8, 16, 5, 1, 5, 5, 1, 3, 0, 0, 0, '2017-02-02 13:07:53', '2017-03-13 09:10:09'),
(158, '/games/638704/', 2016, '2016-12-18 22:45:00', 1, 5, 10, 4, 1, 67, 33, 7, 1, 11, 16, 5, 2, 3, 0, 0, 3, 0, 0, 0, '2017-02-02 13:09:58', '2017-03-13 09:10:31'),
(159, '/games/638699/', 2016, '2016-12-19 22:45:00', 1, 12, 17, 2, 1, 52, 48, 7, 4, 16, 13, 9, 7, 1, 2, 4, 4, 0, 1, 0, '2017-02-02 13:13:42', '2017-03-13 09:10:41'),
(160, '/games/638706/', 2017, '2017-02-22 20:45:00', 1, 19, 14, 2, 1, 29, 71, 5, 5, 12, 18, 3, 11, 2, 5, 5, 2, 0, 0, 0, '2017-02-02 13:26:47', '2017-03-13 09:11:12'),
(161, '/games/638714/', 2017, '2017-01-06 22:45:00', 1, 10, 3, 1, 1, 48, 52, 4, 3, 13, 14, 2, 8, 3, 0, 1, 3, 0, 0, 0, '2017-02-02 13:28:34', '2017-03-13 09:11:41'),
(162, '/games/638716/', 2017, '2017-01-07 15:00:00', 1, 14, 7, 5, 0, 61, 39, 13, 1, 11, 12, 9, 1, 3, 1, 1, 4, 0, 0, 0, '2017-02-02 13:36:14', '2017-03-13 09:11:51'),
(163, '/games/638711/', 2017, '2017-01-07 18:15:00', 1, 4, 15, 0, 2, 55, 45, 2, 4, 11, 10, 5, 3, 1, 6, 2, 2, 0, 0, 0, '2017-02-02 13:38:06', '2017-03-13 09:12:02'),
(164, '/games/638712/', 2017, '2017-01-07 20:30:00', 1, 20, 11, 1, 0, 66, 34, 10, 2, 8, 18, 8, 3, 3, 3, 2, 3, 0, 0, 0, '2017-02-02 13:42:12', '2017-03-13 09:12:23'),
(165, '/games/638717/', 2017, '2017-01-07 22:45:00', 1, 13, 9, 0, 4, 54, 46, 5, 10, 15, 18, 7, 4, 0, 2, 2, 3, 0, 0, 0, '2017-02-02 13:44:12', '2017-03-13 09:12:35'),
(166, '/games/638709/', 2017, '2017-01-08 14:00:00', 1, 12, 16, 0, 0, 60, 40, 4, 4, 10, 13, 13, 4, 1, 5, 2, 4, 0, 0, 0, '2017-02-02 13:48:06', '2017-03-13 09:12:44'),
(167, '/games/638710/', 2017, '2017-01-08 18:15:00', 1, 6, 18, 2, 0, 52, 48, 3, 3, 10, 20, 4, 2, 3, 1, 2, 6, 0, 0, 0, '2017-02-02 13:50:08', '2017-03-13 09:12:55'),
(168, '/games/638718/', 2017, '2017-01-08 20:30:00', 1, 17, 1, 3, 1, 51, 49, 3, 4, 17, 15, 2, 7, 3, 0, 1, 4, 0, 0, 0, '2017-02-02 13:51:50', '2017-03-13 09:13:14'),
(169, '/games/638713/', 2017, '2017-01-08 22:45:00', 1, 8, 5, 1, 1, 30, 70, 3, 7, 16, 13, 2, 4, 2, 2, 3, 2, 1, 0, 0, '2017-02-02 13:53:20', '2017-03-13 09:13:25'),
(170, '/games/638715/', 2017, '2017-01-09 22:45:00', 1, 2, 19, 3, 3, 48, 52, 4, 3, 19, 13, 7, 3, 1, 1, 2, 5, 0, 0, 0, '2017-02-02 13:56:05', '2017-03-13 09:13:42'),
(171, '/games/638720/', 2017, '2017-01-14 15:00:00', 1, 18, 12, 0, 0, 43, 57, 5, 2, 20, 11, 4, 8, 4, 1, 3, 3, 0, 0, 0, '2017-02-02 17:37:31', '2017-03-13 09:14:03'),
(172, '/games/638723/', 2017, '2017-01-14 18:15:00', 1, 5, 20, 5, 0, 61, 39, 10, 1, 15, 11, 5, 1, 7, 3, 3, 4, 0, 0, 0, '2017-02-02 17:39:09', '2017-03-13 09:14:15'),
(173, '/games/638721/', 2017, '2017-01-14 20:30:00', 1, 15, 6, 1, 0, 52, 48, 3, 6, 15, 17, 9, 2, 2, 1, 0, 3, 0, 0, 0, '2017-02-02 17:40:49', '2017-03-13 09:14:27'),
(174, '/games/638724/', 2017, '2017-01-14 21:45:00', 1, 3, 8, 0, 0, 47, 53, 3, 1, 14, 8, 10, 0, 4, 1, 0, 1, 0, 0, 0, '2017-02-02 17:42:33', '2017-03-13 09:14:55'),
(175, '/games/638725/', 2017, '2017-01-15 14:00:00', 1, 19, 10, 2, 1, 55, 45, 5, 3, 17, 13, 6, 3, 3, 1, 5, 0, 0, 0, 0, '2017-02-02 17:44:05', '2017-03-13 09:15:06'),
(176, '/games/638719/', 2017, '2017-01-15 18:15:00', 1, 17, 16, 1, 0, 60, 39, 4, 1, 19, 10, 7, 4, 4, 0, 4, 5, 0, 1, 0, '2017-02-02 17:46:01', '2017-03-13 09:15:18'),
(177, '/games/638722/', 2017, '2017-01-15 20:30:00', 1, 11, 4, 2, 3, 55, 45, 4, 8, 14, 17, 2, 4, 2, 2, 4, 1, 0, 0, 0, '2017-02-02 17:47:44', '2017-03-13 09:15:37'),
(178, '/games/638726/', 2017, '2017-01-15 20:30:00', 1, 7, 2, 1, 1, 58, 42, 5, 4, 13, 25, 3, 6, 1, 5, 4, 4, 2, 0, 0, '2017-02-02 17:49:56', '2017-03-13 09:15:59'),
(179, '/games/638727/', 2017, '2017-01-15 22:45:00', 1, 9, 14, 2, 1, 57, 43, 4, 3, 13, 10, 6, 1, 6, 1, 3, 1, 0, 0, 0, '2017-02-02 17:51:36', '2017-03-13 09:16:12'),
(180, '/games/638728/', 2017, '2017-01-16 22:45:00', 1, 1, 13, 0, 2, 40, 60, 1, 5, 22, 12, 8, 8, 1, 1, 0, 2, 0, 0, 0, '2017-02-02 17:53:19', '2017-03-13 09:16:23'),
(181, '/games/638733/', 2017, '2017-01-20 22:45:00', 1, 20, 3, 1, 1, 54, 46, 3, 1, 13, 8, 4, 5, 0, 2, 2, 1, 1, 0, 0, '2017-02-02 18:47:46', '2017-03-13 09:16:42'),
(182, '/games/638735/', 2017, '2017-01-21 15:00:00', 1, 10, 7, 3, 1, 56, 44, 8, 4, 19, 17, 10, 5, 1, 2, 0, 3, 0, 0, 0, '2017-02-02 18:54:04', '2017-03-13 09:16:54'),
(183, '/games/638737/', 2017, '2017-01-21 18:15:00', 1, 14, 1, 2, 1, 57, 42, 7, 6, 7, 20, 5, 4, 9, 2, 2, 3, 0, 0, 0, '2017-02-02 18:55:54', '2017-03-13 09:17:04'),
(184, '/games/638729/', 2017, '2017-01-21 20:30:00', 1, 16, 18, 2, 2, 56, 44, 3, 4, 9, 20, 4, 3, 3, 2, 3, 2, 0, 0, 0, '2017-02-02 18:57:34', '2017-03-13 09:17:23'),
(185, '/games/638734/', 2017, '2017-01-21 22:45:00', 1, 8, 19, 0, 2, 59, 40, 5, 5, 14, 17, 7, 2, 1, 1, 2, 2, 0, 0, 0, '2017-02-02 18:59:11', '2017-03-13 09:17:40'),
(186, '/games/638736/', 2017, '2017-01-22 14:00:00', 1, 2, 9, 3, 4, 39, 61, 7, 9, 14, 8, 3, 6, 2, 4, 5, 3, 0, 0, 0, '2017-02-02 19:00:51', '2017-03-13 09:17:51'),
(187, '/games/638730/', 2017, '2017-01-22 18:15:00', 1, 12, 15, 2, 2, 56, 44, 5, 5, 12, 9, 2, 6, 2, 5, 2, 3, 0, 0, 0, '2017-02-02 19:02:55', '2017-03-13 09:18:10'),
(188, '/games/638738/', 2017, '2017-01-22 20:30:00', 1, 13, 17, 1, 0, 59, 41, 6, 5, 13, 12, 4, 3, 1, 3, 2, 2, 0, 0, 0, '2017-02-02 19:04:32', '2017-03-13 09:18:31'),
(189, '/games/638731/', 2017, '2017-01-22 20:30:00', 1, 6, 11, 0, 0, 52, 47, 4, 1, 14, 20, 9, 5, 6, 2, 2, 2, 0, 0, 0, '2017-02-02 19:06:28', '2017-03-13 09:18:42'),
(190, '/games/638732/', 2017, '2017-01-22 22:45:00', 1, 4, 5, 0, 4, 37, 63, 6, 7, 12, 4, 8, 5, 3, 2, 3, 1, 0, 0, 0, '2017-02-02 19:08:15', '2017-03-13 09:18:57'),
(191, '/games/638740/', 2017, '2017-01-27 22:45:00', 1, 2, 1, 1, 1, 46, 54, 2, 5, 9, 16, 4, 6, 4, 3, 1, 0, 0, 0, 0, '2017-02-02 19:10:11', '2017-03-13 09:19:20'),
(192, '/games/638742/', 2017, '2017-01-28 15:00:00', 1, 8, 7, 2, 0, 70, 30, 6, 0, 11, 18, 7, 4, 3, 1, 3, 2, 0, 0, 0, '2017-02-02 19:12:00', '2017-03-13 09:19:32'),
(193, '/games/638747/', 2017, '2017-01-28 18:15:00', 1, 16, 15, 0, 0, 60, 39, 61, 39, 19, 18, 7, 2, 2, 2, 3, 2, 0, 0, 0, '2017-02-02 19:14:03', '2017-03-13 09:19:41'),
(194, '/games/638744/', 2017, '2017-01-28 20:30:00', 1, 4, 3, 3, 1, 43, 57, 6, 7, 14, 7, 9, 10, 2, 3, 0, 2, 0, 0, 0, '2017-02-02 19:16:02', '2017-03-13 09:20:05'),
(195, '/games/638748/', 2017, '2017-01-28 22:45:00', 1, 18, 17, 0, 2, 52, 48, 0, 3, 20, 14, 8, 0, 1, 3, 1, 1, 0, 0, 0, '2017-02-02 19:17:34', '2017-03-13 09:20:17'),
(196, '/games/638745/', 2017, '2017-01-30 14:00:00', 1, 6, 5, 1, 1, 34, 66, 7, 4, 17, 12, 8, 2, 1, 2, 2, 3, 0, 0, 0, '2017-02-02 19:19:18', '2017-03-13 09:20:26'),
(197, '/games/638741/', 2017, '2017-01-29 18:15:00', 1, 10, 9, 3, 1, 42, 58, 8, 5, 18, 14, 7, 4, 0, 1, 2, 2, 0, 1, 0, '2017-02-02 19:22:22', '2017-03-13 09:20:37'),
(198, '/games/638746/', 2017, '2017-01-29 20:30:00', 1, 12, 11, 2, 1, 65, 35, 6, 3, 11, 22, 5, 0, 6, 2, 4, 4, 0, 0, 0, '2017-02-02 19:24:04', '2017-03-13 09:20:57'),
(199, '/games/638739/', 2017, '2017-01-29 22:45:00', 1, 14, 13, 3, 0, 43, 57, 4, 3, 15, 12, 0, 3, 3, 2, 2, 3, 0, 1, 0, '2017-02-02 19:26:00', '2017-03-13 09:21:09'),
(200, '/games/638743/', 2017, '2017-01-30 22:45:00', 1, 20, 19, 3, 1, 63, 37, 4, 3, 17, 13, 6, 3, 5, 5, 1, 5, 0, 1, 0, '2017-02-02 19:27:30', '2017-03-13 09:21:22'),
(201, '', 2017, '2017-02-02 22:45:00', 1, 3, 6, 0, 0, 50, 50, 0, 0, 0, 0, 0, 0, 0, 0, 0, 0, 0, 0, 1, '2017-02-07 14:59:10', '2017-02-07 14:59:10'),
(202, '/games/638751/', 2017, '2017-02-04 15:00:00', 1, 1, 10, 0, 1, 58, 42, 5, 3, 10, 18, 17, 2, 2, 1, 1, 4, 0, 0, 0, '2017-02-07 15:08:00', '2017-03-13 09:22:22'),
(203, '/games/638756/', 2017, '2017-02-03 18:15:00', 1, 5, 12, 3, 0, 54, 46, 6, 5, 11, 18, 7, 2, 0, 2, 1, 3, 0, 0, 0, '2017-02-07 16:03:36', '2017-03-13 09:22:38'),
(204, '/games/638758/', 2017, '2017-02-04 20:30:00', 1, 15, 18, 2, 0, 60, 40, 1, 2, 10, 15, 3, 6, 5, 0, 1, 1, 0, 0, 0, '2017-02-07 16:07:37', '2017-03-13 09:22:49'),
(205, '/games/638754/', 2017, '2017-02-04 22:45:00', 1, 19, 4, 0, 4, 48, 52, 1, 7, 12, 10, 2, 6, 3, 2, 2, 1, 1, 0, 0, '2017-02-07 16:09:42', '2017-03-13 09:23:15'),
(206, '/games/638752/', 2017, '2017-02-05 14:00:00', 1, 9, 8, 0, 0, 66, 34, 4, 4, 14, 16, 9, 0, 3, 0, 2, 2, 0, 0, 0, '2017-02-07 19:50:29', '2017-03-13 09:23:32'),
(207, '/games/638757/', 2017, '2017-02-05 18:15:00', 1, 11, 16, 2, 4, 63, 37, 4, 7, 20, 20, 8, 4, 1, 6, 7, 3, 0, 0, 0, '2017-02-07 19:52:57', '2017-03-13 09:23:43'),
(208, '/games/638750/', 2017, '2017-02-05 20:30:00', 1, 13, 2, 3, 2, 58, 42, 6, 5, 6, 22, 3, 2, 2, 1, 2, 2, 0, 0, 0, '2017-02-07 19:54:50', '2017-03-13 09:23:55'),
(209, '/games/638755/', 2017, '2017-02-05 22:45:00', 1, 17, 14, 0, 0, 50, 50, 0, 0, 0, 0, 0, 0, 0, 0, 0, 0, 0, 0, 1, '2017-02-07 19:56:06', '2017-03-13 09:24:55'),
(210, '/games/638753/', 2017, '2017-02-06 22:45:00', 1, 7, 20, 1, 0, 27, 73, 4, 5, 27, 9, 6, 5, 1, 4, 5, 3, 0, 0, 0, '2017-02-07 19:57:53', '2017-03-13 09:24:42'),
(211, '/games/638760/', 2017, '2017-02-10 22:45:00', 1, 10, 13, 1, 2, 38, 62, 2, 5, 15, 14, 5, 6, 4, 3, 3, 2, 0, 0, 0, '2017-02-12 11:21:11', '2017-03-13 09:26:42'),
(212, '/games/638764/', 2017, '2017-02-11 15:00:00', 1, 6, 19, 0, 0, 45, 55, 2, 4, 15, 17, 4, 6, 4, 1, 4, 3, 0, 0, 0, '2017-02-12 11:25:38', '2017-03-13 09:26:53'),
(213, '/games/638766/', 2017, '2017-02-11 18:15:00', 1, 16, 5, 0, 6, 30, 70, 4, 9, 16, 9, 3, 9, 2, 3, 1, 3, 0, 0, 0, '2017-02-12 11:28:34', '2017-03-13 09:27:02'),
(214, '/games/638765/', 2017, '2017-02-11 20:30:00', 1, 12, 3, 2, 1, 51, 49, 5, 3, 12, 11, 3, 2, 4, 1, 1, 2, 0, 0, 0, '2017-02-12 11:30:42', '2017-03-13 09:27:27'),
(215, '/games/638759/', 2017, '2017-02-11 22:45:00', 1, 2, 14, 1, 3, 34, 66, 8, 6, 10, 8, 3, 2, 3, 3, 3, 2, 0, 0, 0, '2017-02-12 11:34:20', '2017-03-13 09:27:37'),
(216, '/games/638767/', 2017, '2017-02-12 18:15:00', 1, 18, 11, 0, 2, 57, 43, 3, 2, 16, 16, 4, 3, 7, 7, 3, 6, 0, 1, 0, '2017-02-13 11:09:47', '2017-03-13 09:28:55'),
(217, '/games/638761/', 2017, '2017-02-12 14:00:00', 1, 8, 1, 1, 1, 56, 44, 5, 5, 14, 12, 9, 9, 1, 2, 0, 5, 1, 0, 0, '2017-02-13 11:43:39', '2017-03-13 09:28:00'),
(218, '/games/638762/', 2017, '2017-02-12 20:30:00', 1, 20, 9, 0, 1, 56, 44, 7, 3, 15, 16, 1, 4, 2, 5, 2, 4, 0, 0, 0, '2017-02-13 11:48:00', '2017-03-13 09:29:12'),
(219, '/games/638768/', 2017, '2017-02-12 22:45:00', 1, 15, 17, 3, 2, 45, 55, 5, 6, 11, 13, 3, 3, 1, 1, 1, 2, 0, 0, 0, '2017-02-13 11:49:58', '2017-03-13 09:29:23'),
(220, '/games/638763/', 2017, '2017-02-13 22:45:00', 1, 4, 7, 4, 0, 54, 46, 9, 3, 11, 14, 7, 8, 4, 4, 2, 2, 0, 0, 0, '2017-02-14 15:33:44', '2017-03-13 09:29:33'),
(221, '/games/625160/', 2016, '2016-08-15 22:00:00', 2, 39, 40, 2, 1, 62, 38, 6, 3, 16, 16, 7, 1, 1, 1, 5, 2, 0, 0, 0, '2017-02-14 17:12:19', '2017-03-13 09:30:50'),
(222, '/games/625155/', 2016, '2016-08-14 18:00:00', 2, 37, 38, 3, 4, 51, 49, 5, 7, 13, 17, 5, 4, 4, 3, 3, 3, 0, 0, 0, '2017-02-14 17:12:19', '2017-03-13 09:38:11'),
(223, '/games/625154/', 2016, '2016-08-14 15:30:00', 2, 35, 36, 1, 3, 47, 53, 3, 7, 7, 10, 4, 2, 3, 4, 0, 1, 0, 0, 0, '2017-02-14 17:12:19', '2017-03-13 09:37:56'),
(224, '/games/625161/', 2016, '2016-08-13 19:30:00', 2, 33, 34, 2, 1, 77, 23, 4, 3, 11, 14, 9, 6, 1, 2, 1, 2, 0, 0, 0, '2017-02-14 17:12:20', '2017-03-13 09:37:21'),
(225, '/games/625162/', 2016, '2016-08-13 17:00:00', 2, 29, 30, 1, 1, 46, 54, 2, 1, 18, 14, 9, 6, 1, 2, 3, 5, 0, 0, 0, '2017-02-14 17:12:20', '2017-03-13 09:34:06'),
(226, '/games/625158/', 2016, '2016-08-13 17:00:00', 2, 27, 28, 0, 1, 62, 38, 4, 3, 12, 15, 3, 6, 0, 2, 2, 2, 0, 0, 0, '2017-02-14 17:12:20', '2017-03-13 09:33:49'),
(227, '/games/625156/', 2016, '2016-08-13 17:00:00', 2, 25, 26, 0, 1, 47, 53, 3, 9, 10, 14, 7, 4, 3, 2, 3, 2, 0, 0, 0, '2017-02-14 17:12:20', '2017-03-13 09:33:30'),
(228, '/games/625163/', 2016, '2016-08-13 17:00:00', 2, 23, 24, 1, 1, 64, 36, 6, 1, 8, 12, 6, 2, 1, 0, 1, 2, 0, 1, 0, '2017-02-14 17:12:20', '2017-03-13 09:31:54'),
(229, '/games/625159/', 2016, '2016-08-13 17:00:00', 2, 31, 32, 1, 1, 42, 58, 6, 4, 10, 14, 5, 6, 5, 0, 0, 0, 0, 0, 0, '2017-02-14 17:12:20', '2017-03-13 09:31:35'),
(230, '/games/625157/', 2016, '2016-08-13 14:30:00', 2, 21, 22, 2, 1, 50, 50, 5, 5, 8, 17, 5, 3, 1, 0, 2, 2, 0, 0, 0, '2017-02-14 17:12:20', '2017-03-13 09:38:27'),
(231, '/games/625173/', 2016, '2016-08-21 18:00:00', 2, 40, 35, 1, 0, 47, 53, 2, 5, 15, 15, 1, 6, 1, 1, 3, 2, 0, 1, 0, '2017-02-14 17:17:26', '2017-03-13 09:42:09'),
(232, '/games/625172/', 2016, '2016-08-21 15:30:00', 2, 34, 29, 1, 2, 47, 53, 5, 3, 11, 14, 8, 1, 2, 0, 1, 1, 0, 0, 0, '2017-02-14 17:17:26', '2017-03-13 09:42:42'),
(233, '/games/625164/', 2016, '2016-08-20 19:30:00', 2, 22, 37, 0, 0, 40, 60, 1, 4, 11, 7, 2, 7, 1, 2, 1, 2, 0, 0, 0, '2017-02-14 17:17:26', '2017-03-13 09:43:11'),
(234, '/games/625171/', 2016, '2016-08-20 17:00:00', 2, 24, 39, 1, 2, 38, 62, 2, 4, 20, 10, 0, 5, 1, 2, 4, 3, 0, 0, 0, '2017-02-14 17:17:26', '2017-03-13 09:40:41'),
(235, '/games/625169/', 2016, '2016-08-20 17:00:00', 2, 26, 21, 0, 2, 57, 43, 3, 4, 7, 10, 8, 3, 0, 5, 0, 0, 0, 0, 0, '2017-02-14 17:17:26', '2017-03-13 09:39:57'),
(236, '/games/625426/', 2016, '2016-08-20 17:00:00', 2, 25, 38, 2, 0, 20, 80, 2, 5, 14, 5, 1, 12, 3, 0, 0, 1, 0, 0, 0, '2017-02-14 17:17:26', '2017-03-13 09:42:25'),
(237, '/games/625168/', 2016, '2016-08-20 17:00:00', 2, 28, 31, 1, 2, 34, 66, 4, 7, 16, 10, 7, 4, 0, 1, 3, 1, 0, 0, 0, '2017-02-14 17:17:26', '2017-03-13 09:43:02'),
(238, '/games/625170/', 2016, '2016-08-20 17:00:00', 2, 32, 27, 1, 0, 57, 43, 5, 2, 19, 9, 10, 4, 2, 0, 3, 3, 0, 0, 0, '2017-02-14 17:17:26', '2017-03-13 09:41:29'),
(239, '/games/625167/', 2016, '2016-08-20 15:30:00', 2, 30, 33, 1, 4, 43, 58, 3, 6, 12, 13, 7, 7, 3, 1, 3, 4, 0, 0, 0, '2017-02-14 17:17:26', '2017-03-13 09:39:40'),
(240, '/games/625166/', 2016, '2016-08-19 23:00:00', 2, 36, 23, 2, 0, 43, 57, 5, 1, 11, 8, 4, 0, 2, 2, 0, 0, 0, 0, 0, '2017-02-14 17:17:26', '2017-03-13 09:39:31'),
(241, '/games/625179/', 2016, '2016-08-28 18:00:00', 2, 33, 40, 3, 1, 67, 33, 5, 2, 5, 10, 5, 4, 3, 3, 1, 3, 0, 0, 0, '2017-02-14 18:29:04', '2017-03-13 09:46:06'),
(242, '/games/625183/', 2016, '2016-08-28 15:30:00', 2, 28, 29, 0, 0, 41, 59, 2, 2, 12, 11, 5, 4, 1, 3, 1, 3, 0, 0, 0, '2017-02-14 18:29:04', '2017-03-13 09:45:54'),
(243, '/games/625177/', 2016, '2016-08-27 19:30:00', 2, 21, 36, 0, 1, 38, 62, 2, 9, 9, 6, 1, 6, 0, 1, 2, 3, 0, 0, 0, '2017-02-14 18:29:04', '2017-03-13 09:45:45'),
(244, '/games/625175/', 2016, '2016-08-27 17:00:00', 2, 27, 35, 1, 1, 59, 41, 5, 3, 15, 10, 10, 4, 5, 2, 3, 1, 0, 0, 0, '2017-02-14 18:29:04', '2017-03-13 09:45:19'),
(245, '/games/625182/', 2016, '2016-08-27 17:00:00', 2, 24, 37, 1, 3, 45, 55, 6, 7, 18, 15, 3, 2, 1, 2, 6, 1, 0, 0, 0, '2017-02-14 18:29:04', '2017-03-13 09:45:10'),
(246, '/games/625180/', 2016, '2016-08-27 17:00:00', 2, 23, 34, 1, 1, 64, 36, 7, 2, 15, 8, 5, 5, 4, 2, 2, 2, 0, 0, 0, '2017-02-14 18:29:04', '2017-03-13 09:45:00'),
(247, '/games/625178/', 2016, '2016-08-27 17:00:00', 2, 22, 26, 2, 1, 52, 48, 6, 3, 14, 10, 4, 6, 3, 1, 2, 2, 0, 0, 0, '2017-02-14 18:29:04', '2017-03-13 09:44:46'),
(248, '/games/625176/', 2016, '2016-08-27 17:00:00', 2, 31, 30, 1, 0, 55, 45, 9, 1, 14, 11, 9, 2, 3, 1, 2, 1, 0, 0, 0, '2017-02-14 18:29:04', '2017-03-13 09:44:08'),
(249, '/games/625174/', 2016, '2016-08-27 17:00:00', 2, 39, 25, 3, 0, 60, 40, 10, 0, 6, 9, 9, 5, 1, 2, 2, 2, 0, 0, 0, '2017-02-14 18:29:04', '2017-03-13 09:43:57'),
(250, '/games/625181/', 2016, '2016-08-27 14:30:00', 2, 32, 38, 1, 1, 49, 51, 4, 3, 11, 17, 5, 5, 2, 6, 3, 5, 0, 0, 0, '2017-02-14 18:29:04', '2017-03-13 09:43:39'),
(251, '/games/625191/', 2016, '2016-09-12 22:00:00', 2, 34, 31, 0, 3, 33, 67, 2, 9, 11, 8, 5, 4, 0, 1, 1, 1, 0, 0, 0, '2017-02-14 18:33:09', '2017-03-13 09:50:04'),
(252, '/games/625192/', 2016, '2016-09-11 18:00:00', 2, 26, 39, 2, 2, 45, 55, 2, 7, 17, 9, 1, 11, 0, 3, 3, 4, 0, 0, 0, '2017-02-14 18:33:09', '2017-03-13 09:49:52'),
(253, '/games/625187/', 2016, '2016-09-10 19:30:00', 2, 38, 22, 4, 1, 62, 38, 11, 3, 4, 8, 1, 7, 3, 1, 1, 3, 0, 0, 0, '2017-02-14 18:33:09', '2017-03-13 09:49:40'),
(254, '/games/625190/', 2016, '2016-09-10 17:00:00', 2, 30, 32, 0, 4, 40, 60, 2, 8, 13, 18, 10, 8, 2, 0, 3, 2, 0, 0, 0, '2017-02-14 18:33:09', '2017-03-13 09:48:51'),
(255, '/games/625186/', 2016, '2016-09-10 17:00:00', 2, 25, 21, 1, 1, 39, 61, 2, 3, 13, 3, 5, 9, 0, 3, 2, 0, 0, 0, 0, '2017-02-14 18:33:09', '2017-03-13 09:48:40'),
(256, '/games/625184/', 2016, '2016-09-10 17:00:00', 2, 35, 28, 1, 0, 63, 37, 5, 2, 9, 11, 10, 5, 1, 1, 1, 3, 0, 0, 0, '2017-02-14 18:33:09', '2017-03-13 09:48:19'),
(257, '/games/625193/', 2016, '2016-09-10 17:00:00', 2, 40, 24, 2, 4, 58, 42, 4, 8, 10, 15, 4, 4, 2, 1, 2, 2, 0, 0, 0, '2017-02-14 18:33:09', '2017-03-13 09:47:47'),
(258, '/games/625189/', 2016, '2016-09-10 17:00:00', 2, 29, 27, 1, 2, 58, 42, 4, 4, 5, 9, 6, 6, 3, 1, 1, 2, 0, 0, 0, '2017-02-14 18:33:09', '2017-03-13 09:47:31'),
(259, '/games/625185/', 2016, '2016-09-10 17:00:00', 2, 37, 23, 2, 1, 57, 43, 2, 5, 10, 8, 6, 1, 0, 2, 2, 5, 0, 0, 0, '2017-02-14 18:33:09', '2017-03-13 09:49:06'),
(260, '/games/625188/', 2016, '2016-09-10 14:30:00', 2, 36, 33, 1, 2, 40, 60, 3, 6, 15, 10, 4, 4, 3, 3, 4, 2, 0, 0, 0, '2017-02-14 18:33:09', '2017-03-13 09:46:44'),
(261, '/games/625200/', 2016, '2016-09-18 18:30:00', 2, 32, 34, 1, 0, 74, 26, 9, 2, 7, 16, 14, 1, 0, 0, 1, 6, 0, 1, 0, '2017-02-14 18:38:41', '2017-03-13 09:53:27'),
(262, '/games/625195/', 2016, '2016-09-18 16:15:00', 2, 27, 30, 4, 1, 57, 43, 8, 4, 15, 9, 10, 5, 2, 3, 2, 1, 0, 0, 0, '2017-02-14 18:38:41', '2017-03-13 09:52:57'),
(263, '/games/625201/', 2016, '2016-09-18 16:15:00', 2, 23, 26, 1, 0, 53, 47, 6, 3, 14, 9, 7, 1, 5, 1, 1, 1, 0, 0, 0, '2017-02-14 18:38:41', '2017-03-13 09:53:43'),
(264, '/games/625202/', 2016, '2016-09-18 14:00:00', 2, 24, 36, 3, 1, 40, 60, 5, 2, 14, 19, 5, 7, 0, 2, 3, 4, 0, 0, 0, '2017-02-14 18:38:41', '2017-03-13 09:52:34'),
(265, '/games/625196/', 2016, '2016-09-17 19:30:00', 2, 31, 29, 3, 1, 52, 48, 6, 0, 5, 15, 6, 3, 4, 3, 2, 1, 0, 0, 0, '2017-02-14 18:38:41', '2017-03-13 09:52:20'),
(266, '/games/625203/', 2016, '2016-09-17 17:00:00', 2, 28, 40, 4, 2, 30, 70, 6, 5, 14, 6, 2, 6, 1, 1, 2, 1, 0, 0, 0, '2017-02-14 18:38:42', '2017-03-13 09:51:41'),
(267, '/games/625199/', 2016, '2016-09-17 17:00:00', 2, 33, 35, 4, 0, 64, 36, 11, 2, 8, 11, 5, 5, 1, 2, 2, 1, 1, 0, 0, '2017-02-14 18:38:42', '2017-03-13 09:51:07'),
(268, '/games/625197/', 2016, '2016-09-17 17:00:00', 2, 21, 37, 1, 4, 39, 61, 2, 9, 9, 12, 2, 4, 3, 2, 0, 3, 1, 0, 0, '2017-02-14 18:38:42', '2017-03-13 09:50:54'),
(269, '/games/625198/', 2016, '2016-09-17 17:00:00', 2, 22, 25, 3, 0, 59, 41, 6, 2, 10, 9, 7, 1, 2, 4, 0, 1, 0, 0, 0, '2017-02-14 18:38:42', '2017-03-13 09:51:55'),
(270, '/games/625194/', 2016, '2016-09-16 22:00:00', 2, 39, 38, 1, 2, 53, 47, 4, 5, 6, 13, 6, 4, 6, 2, 1, 1, 0, 0, 0, '2017-02-14 18:38:42', '2017-03-13 09:50:30'),
(271, '/games/625206/', 2016, '2016-09-26 22:00:00', 2, 25, 24, 2, 0, 44, 56, 4, 2, 11, 15, 7, 6, 5, 0, 1, 3, 0, 0, 0, '2017-02-14 18:41:21', '2017-03-13 09:57:07'),
(272, '/games/625213/', 2016, '2016-09-25 18:00:00', 2, 40, 23, 0, 3, 45, 55, 1, 9, 9, 14, 6, 2, 0, 0, 5, 2, 0, 0, 0, '2017-02-14 18:41:21', '2017-03-13 09:56:57'),
(273, '/games/625205/', 2016, '2016-09-24 19:30:00', 2, 37, 39, 3, 0, 50, 50, 5, 2, 9, 11, 9, 1, 5, 2, 0, 2, 0, 0, 0, '2017-02-14 18:41:21', '2017-03-13 09:56:45'),
(274, '/games/625204/', 2016, '2016-09-24 17:00:00', 2, 35, 31, 1, 0, 53, 47, 1, 2, 10, 14, 5, 3, 1, 2, 2, 2, 0, 0, 0, '2017-02-14 18:41:21', '2017-03-13 09:56:28'),
(275, '/games/625211/', 2016, '2016-09-24 17:00:00', 2, 34, 27, 2, 3, 45, 55, 4, 4, 15, 12, 3, 5, 3, 2, 0, 2, 0, 0, 0, '2017-02-14 18:41:21', '2017-03-13 09:56:14'),
(276, '/games/625209/', 2016, '2016-09-24 17:00:00', 2, 29, 32, 1, 2, 42, 58, 2, 5, 14, 9, 2, 10, 0, 3, 2, 1, 0, 0, 0, '2017-02-14 18:41:21', '2017-03-13 09:55:20'),
(277, '/games/625207/', 2016, '2016-09-24 17:00:00', 2, 38, 21, 5, 1, 74, 26, 12, 1, 8, 8, 13, 2, 0, 1, 1, 2, 0, 1, 0, '2017-02-14 18:41:21', '2017-03-13 09:55:06'),
(278, '/games/625212/', 2016, '2016-09-24 17:00:00', 2, 26, 33, 1, 3, 42, 58, 5, 4, 15, 9, 2, 7, 1, 2, 2, 6, 0, 0, 0, '2017-02-14 18:41:21', '2017-03-13 09:54:40'),
(279, '/games/625210/', 2016, '2016-09-24 17:00:00', 2, 30, 28, 1, 1, 56, 44, 2, 3, 9, 13, 6, 6, 1, 1, 3, 4, 0, 0, 0, '2017-02-14 18:41:21', '2017-03-13 09:54:26'),
(280, '/games/625208/', 2016, '2016-09-24 14:30:00', 2, 36, 22, 4, 1, 67, 33, 7, 3, 9, 12, 8, 6, 4, 1, 0, 2, 0, 0, 0, '2017-02-14 18:41:21', '2017-03-13 09:54:07'),
(281, '/games/625214/', 2016, '2016-10-02 18:30:00', 2, 25, 37, 0, 1, 33, 67, 1, 3, 2, 3, 2, 6, 4, 0, 0, 0, 0, 0, 0, '2017-02-14 18:44:12', '2017-03-13 10:33:26'),
(282, '/games/625221/', 2016, '2016-10-02 16:15:00', 2, 32, 33, 2, 0, 42, 58, 7, 6, 20, 10, 4, 3, 8, 5, 2, 2, 0, 0, 0, '2017-02-14 18:44:12', '2017-03-13 10:33:02'),
(283, '/games/625217/', 2016, '2016-10-02 16:15:00', 2, 22, 23, 0, 0, 38, 62, 1, 5, 9, 9, 3, 6, 1, 2, 1, 0, 0, 0, 0, '2017-02-14 18:44:12', '2017-03-13 10:33:14'),
(284, '/games/625218/', 2016, '2016-10-02 14:00:00', 2, 36, 30, 1, 1, 67, 33, 9, 6, 14, 9, 13, 2, 1, 1, 3, 0, 0, 0, 0, '2017-02-14 18:44:12', '2017-03-13 10:32:37'),
(285, '/games/625222/', 2016, '2016-10-01 17:00:00', 2, 24, 35, 2, 2, 48, 52, 7, 2, 17, 12, 4, 5, 0, 2, 3, 4, 0, 0, 0, '2017-02-14 18:44:12', '2017-03-13 10:30:46'),
(286, '/games/625216/', 2016, '2016-10-01 17:00:00', 2, 21, 39, 0, 2, 41, 59, 2, 9, 13, 15, 5, 7, 1, 0, 2, 2, 0, 0, 0, '2017-02-14 18:44:12', '2017-03-13 10:30:36'),
(287, '/games/625223/', 2016, '2016-10-01 17:00:00', 2, 40, 29, 1, 1, 40, 60, 2, 3, 13, 12, 4, 5, 5, 2, 2, 3, 0, 0, 0, '2017-02-14 18:44:12', '2017-03-13 10:29:58'),
(288, '/games/625219/', 2016, '2016-10-01 17:00:00', 2, 34, 28, 1, 1, 56, 44, 2, 7, 7, 13, 6, 5, 2, 1, 1, 3, 0, 0, 0, '2017-02-14 18:44:12', '2017-03-13 10:31:37'),
(289, '/games/625220/', 2016, '2016-10-01 14:30:00', 2, 26, 38, 1, 2, 41, 59, 3, 6, 11, 9, 3, 10, 1, 2, 2, 2, 0, 0, 0, '2017-02-14 18:44:12', '2017-03-13 10:29:36'),
(290, '/games/625215/', 2016, '2016-09-30 22:00:00', 2, 31, 27, 1, 1, 57, 43, 3, 2, 16, 11, 10, 9, 3, 1, 5, 5, 0, 0, 0, '2017-02-14 18:44:12', '2017-03-13 10:29:23'),
(291, '/games/625228/', 2016, '2016-10-17 22:00:00', 2, 38, 36, 0, 0, 65, 35, 3, 1, 14, 20, 3, 1, 2, 5, 0, 4, 0, 0, 0, '2017-02-14 18:48:17', '2017-03-13 10:36:16'),
(292, '/games/625231/', 2016, '2016-10-16 18:00:00', 2, 23, 25, 3, 1, 65, 35, 14, 1, 11, 10, 8, 4, 0, 1, 1, 2, 0, 0, 0, '2017-02-14 18:48:17', '2017-03-13 10:36:07'),
(293, '/games/625230/', 2016, '2016-10-16 15:30:00', 2, 29, 24, 0, 1, 64, 36, 3, 2, 15, 10, 4, 6, 0, 1, 4, 1, 0, 0, 0, '2017-02-14 18:48:18', '2017-03-13 10:35:54'),
(294, '/games/625227/', 2016, '2016-10-15 19:30:00', 2, 27, 40, 0, 1, 55, 45, 3, 4, 12, 13, 7, 6, 1, 1, 1, 4, 0, 1, 0, '2017-02-14 18:48:18', '2017-03-13 10:35:33'),
(295, '/games/625232/', 2016, '2016-10-15 17:00:00', 2, 30, 34, 2, 0, 57, 43, 6, 1, 10, 13, 6, 4, 2, 2, 1, 1, 0, 0, 0, '2017-02-14 18:48:18', '2017-03-13 10:35:21'),
(296, '/games/625224/', 2016, '2016-10-15 17:00:00', 2, 35, 21, 6, 1, 50, 51, 10, 4, 8, 14, 5, 4, 0, 0, 0, 3, 0, 0, 0, '2017-02-14 18:48:18', '2017-03-13 10:35:10'),
(297, '/games/625233/', 2016, '2016-10-15 17:00:00', 2, 28, 32, 1, 1, 29, 72, 4, 8, 14, 10, 5, 8, 1, 3, 2, 2, 0, 0, 0, '2017-02-14 18:48:18', '2017-03-13 10:34:49'),
(298, '/games/625229/', 2016, '2016-10-15 17:00:00', 2, 33, 31, 1, 1, 73, 27, 8, 2, 7, 9, 13, 1, 0, 6, 0, 2, 0, 0, 0, '2017-02-14 18:48:18', '2017-03-13 10:34:21'),
(299, '/games/625225/', 2016, '2016-10-15 17:00:00', 2, 37, 26, 3, 2, 49, 51, 6, 6, 7, 10, 5, 6, 9, 2, 0, 1, 1, 0, 0, '2017-02-14 18:48:18', '2017-03-13 10:34:11'),
(300, '/games/625226/', 2016, '2016-10-15 14:30:00', 2, 39, 22, 3, 0, 55, 45, 6, 0, 6, 12, 8, 5, 0, 1, 1, 1, 0, 0, 0, '2017-02-14 18:48:18', '2017-03-13 10:33:58'),
(301, '/games/625237/', 2016, '2016-10-23 18:00:00', 2, 39, 36, 4, 0, 44, 56, 6, 5, 7, 17, 5, 7, 2, 3, 3, 2, 0, 0, 0, '2017-02-14 19:27:50', '2017-03-13 10:39:40'),
(302, '/games/625241/', 2016, '2016-10-23 15:30:00', 2, 33, 23, 1, 1, 65, 35, 3, 2, 11, 10, 10, 3, 1, 4, 3, 3, 0, 0, 0, '2017-02-14 19:27:50', '2017-03-13 10:39:30'),
(303, '/games/625240/', 2016, '2016-10-22 19:30:00', 2, 38, 28, 2, 1, 68, 33, 7, 1, 9, 13, 3, 2, 3, 3, 1, 3, 0, 0, 0, '2017-02-14 19:27:50', '2017-03-13 10:39:15'),
(304, '/games/625238/', 2016, '2016-10-22 17:00:00', 2, 21, 30, 0, 2, 49, 51, 2, 6, 16, 8, 5, 7, 1, 0, 2, 3, 0, 0, 0, '2017-02-14 19:27:50', '2017-03-13 10:37:29');
INSERT INTO `play` (`id`, `link`, `year`, `date`, `league_id`, `home_team_id`, `away_team_id`, `home_score_full`, `away_score_full`, `h_tid_posses`, `a_tid_posses`, `h_tid_shot_on_goal`, `a_tid_shot_on_goal`, `h_tid_foul`, `a_tid_foul`, `h_tid_corner`, `a_tid_corner`, `h_tid_offside`, `a_tid_offside`, `h_tid_yellow_cart`, `a_tid_yellow_cart`, `h_tid_red_cart`, `a_tid_red_cart`, `delay`, `created_at`, `updated_at`) VALUES
(305, '/games/625236/', 2016, '2016-10-22 17:00:00', 2, 25, 31, 2, 1, 35, 65, 3, 8, 16, 15, 2, 8, 1, 1, 2, 3, 0, 0, 0, '2017-02-14 19:27:50', '2017-03-13 10:38:50'),
(306, '/games/625243/', 2016, '2016-10-22 17:00:00', 2, 40, 34, 1, 0, 64, 36, 3, 2, 10, 13, 6, 2, 3, 1, 2, 5, 0, 0, 0, '2017-02-14 19:27:50', '2017-03-13 10:38:35'),
(307, '/games/625239/', 2016, '2016-10-22 17:00:00', 2, 22, 27, 3, 1, 45, 55, 4, 7, 10, 8, 8, 8, 1, 3, 0, 0, 0, 0, 0, '2017-02-14 19:27:50', '2017-03-13 10:38:24'),
(308, '/games/625235/', 2016, '2016-10-22 17:00:00', 2, 37, 29, 0, 0, 75, 25, 6, 4, 6, 13, 8, 3, 5, 2, 1, 0, 0, 0, 0, '2017-02-14 19:27:50', '2017-03-13 10:38:06'),
(309, '/games/625242/', 2016, '2016-10-22 17:00:00', 2, 26, 24, 0, 0, 54, 46, 5, 2, 15, 16, 7, 2, 1, 4, 2, 1, 0, 0, 0, '2017-02-14 19:27:50', '2017-03-13 10:37:15'),
(310, '/games/625234/', 2016, '2016-10-22 14:30:00', 2, 35, 32, 0, 0, 38, 62, 1, 4, 10, 15, 7, 4, 1, 3, 2, 4, 0, 0, 0, '2017-02-14 19:27:50', '2017-03-13 10:36:55'),
(311, '/games/625249/', 2016, '2016-10-31 23:00:00', 2, 30, 26, 3, 1, 46, 54, 4, 6, 7, 14, 6, 4, 2, 1, 2, 0, 0, 0, 0, '2017-02-14 19:32:42', '2017-03-13 10:43:00'),
(312, '/games/625248/', 2016, '2016-10-30 19:00:00', 2, 23, 39, 0, 2, 55, 45, 1, 7, 13, 16, 7, 3, 2, 0, 0, 0, 0, 0, 0, '2017-02-14 19:32:42', '2017-03-13 10:42:40'),
(313, '/games/625245/', 2016, '2016-10-30 16:30:00', 2, 31, 40, 2, 0, 49, 51, 6, 3, 15, 12, 8, 8, 2, 1, 2, 3, 0, 0, 0, '2017-02-14 19:32:42', '2017-03-13 10:42:28'),
(314, '/games/625244/', 2016, '2016-10-29 19:30:00', 2, 27, 38, 2, 4, 45, 55, 6, 10, 15, 5, 3, 3, 4, 1, 1, 2, 0, 0, 0, '2017-02-14 19:32:42', '2017-03-13 10:42:11'),
(315, '/games/625253/', 2016, '2016-10-29 17:00:00', 2, 28, 33, 0, 4, 30, 70, 1, 8, 17, 10, 1, 7, 3, 3, 4, 3, 0, 0, 0, '2017-02-14 19:32:42', '2017-03-13 10:40:25'),
(316, '/games/625251/', 2016, '2016-10-29 17:00:00', 2, 32, 22, 1, 1, 64, 36, 5, 1, 11, 20, 8, 1, 2, 1, 3, 4, 0, 0, 0, '2017-02-14 19:32:42', '2017-03-13 10:42:00'),
(317, '/games/625247/', 2016, '2016-10-29 17:00:00', 2, 29, 35, 2, 0, 40, 60, 3, 3, 7, 7, 4, 9, 0, 0, 2, 1, 0, 0, 0, '2017-02-14 19:32:42', '2017-03-13 10:41:41'),
(318, '/games/625252/', 2016, '2016-10-29 17:00:00', 2, 24, 21, 1, 0, 54, 46, 1, 2, 13, 8, 7, 2, 0, 2, 1, 2, 0, 0, 0, '2017-02-14 19:32:42', '2017-03-13 10:41:26'),
(319, '/games/625246/', 2016, '2016-10-29 17:00:00', 2, 36, 25, 0, 0, 72, 28, 11, 1, 12, 9, 19, 1, 0, 2, 2, 3, 1, 0, 0, '2017-02-14 19:32:42', '2017-03-13 10:40:49'),
(320, '/games/625250/', 2016, '2016-10-29 14:30:00', 2, 34, 37, 1, 4, 34, 66, 1, 7, 9, 13, 0, 8, 6, 1, 4, 3, 0, 0, 0, '2017-02-14 19:32:42', '2017-03-13 10:40:09'),
(321, '/games/625259/', 2016, '2016-11-06 19:30:00', 2, 22, 28, 1, 2, 59, 41, 2, 5, 8, 8, 5, 6, 4, 0, 0, 2, 0, 0, 0, '2017-02-14 19:40:31', '2017-03-13 10:46:43'),
(322, '/games/625262/', 2016, '2016-11-06 18:00:00', 2, 26, 36, 1, 3, 37, 63, 1, 3, 9, 16, 2, 0, 0, 1, 0, 2, 0, 0, 0, '2017-02-14 19:40:31', '2017-03-13 10:46:31'),
(323, '/games/625260/', 2016, '2016-11-06 17:15:00', 2, 38, 24, 6, 1, 60, 40, 17, 8, 14, 10, 6, 3, 1, 2, 1, 2, 0, 0, 0, '2017-02-14 19:40:31', '2017-03-13 10:46:15'),
(324, '/games/625258/', 2016, '2016-11-06 17:15:00', 2, 21, 23, 2, 1, 34, 66, 2, 7, 13, 15, 1, 10, 1, 1, 0, 5, 0, 0, 0, '2017-02-14 19:40:31', '2017-03-13 10:45:47'),
(325, '/games/625255/', 2016, '2016-11-06 15:00:00', 2, 37, 32, 1, 1, 46, 54, 2, 3, 11, 17, 7, 2, 7, 1, 1, 2, 0, 0, 0, '2017-02-14 19:40:31', '2017-03-13 10:45:23'),
(326, '/games/625257/', 2016, '2016-11-05 20:30:00', 2, 39, 31, 5, 0, 60, 40, 9, 0, 5, 16, 4, 2, 2, 1, 0, 3, 0, 0, 0, '2017-02-14 19:40:31', '2017-03-13 10:45:11'),
(327, '/games/625256/', 2016, '2016-11-05 18:00:00', 2, 25, 27, 3, 2, 38, 62, 7, 5, 11, 12, 4, 7, 3, 3, 1, 2, 0, 0, 0, '2017-02-14 19:40:31', '2017-03-13 10:45:01'),
(328, '/games/625254/', 2016, '2016-11-05 18:00:00', 2, 35, 34, 1, 2, 70, 30, 7, 4, 14, 17, 12, 2, 1, 2, 3, 3, 0, 1, 0, '2017-02-14 19:40:31', '2017-03-13 10:44:30'),
(329, '/games/625263/', 2016, '2016-11-05 18:00:00', 2, 40, 30, 1, 1, 58, 42, 2, 4, 11, 10, 6, 4, 4, 1, 4, 1, 0, 0, 0, '2017-02-14 19:40:31', '2017-03-13 10:43:44'),
(330, '/games/625261/', 2016, '2016-11-05 18:00:00', 2, 33, 29, 1, 1, 71, 29, 7, 3, 7, 15, 8, 2, 5, 2, 1, 3, 0, 0, 0, '2017-02-14 19:40:31', '2017-03-13 10:43:34'),
(331, '/games/625273/', 2016, '2016-11-21 23:00:00', 2, 28, 25, 4, 0, 46, 55, 6, 2, 12, 12, 4, 3, 2, 3, 0, 0, 0, 0, 0, '2017-02-14 19:48:25', '2017-03-13 10:49:33'),
(332, '/games/625267/', 2016, '2016-11-20 19:00:00', 2, 29, 39, 0, 1, 42, 58, 1, 3, 13, 10, 2, 3, 0, 1, 2, 3, 0, 0, 0, '2017-02-14 19:48:25', '2017-03-13 10:49:23'),
(333, '/games/625271/', 2016, '2016-11-19 20:30:00', 2, 32, 40, 3, 2, 67, 33, 6, 3, 13, 16, 4, 5, 2, 6, 3, 3, 0, 1, 0, '2017-02-14 19:48:25', '2017-03-13 10:49:13'),
(334, '/games/625270/', 2016, '2016-11-19 18:00:00', 2, 34, 21, 3, 0, 41, 59, 4, 7, 9, 8, 2, 8, 1, 1, 2, 0, 1, 0, 0, '2017-02-14 19:48:25', '2017-03-13 10:47:29'),
(335, '/games/625268/', 2016, '2016-11-19 18:00:00', 2, 23, 38, 0, 0, 36, 65, 0, 2, 8, 11, 1, 8, 2, 2, 1, 1, 0, 0, 0, '2017-02-14 19:48:25', '2017-03-13 10:48:55'),
(336, '/games/625264/', 2016, '2016-11-19 18:00:00', 2, 27, 33, 1, 2, 38, 62, 2, 4, 12, 15, 2, 7, 1, 1, 1, 2, 0, 0, 0, '2017-02-14 19:48:25', '2017-03-13 10:48:41'),
(337, '/games/625269/', 2016, '2016-11-19 18:00:00', 2, 30, 35, 0, 1, 51, 49, 6, 2, 17, 10, 3, 4, 2, 3, 3, 3, 0, 0, 0, '2017-02-14 19:48:25', '2017-03-13 10:48:29'),
(338, '/games/625265/', 2016, '2016-11-19 18:00:00', 2, 31, 26, 1, 1, 63, 37, 6, 3, 13, 12, 10, 3, 1, 4, 5, 2, 0, 0, 0, '2017-02-14 19:48:26', '2017-03-13 10:48:13'),
(339, '/games/625272/', 2016, '2016-11-19 18:00:00', 2, 24, 22, 2, 1, 46, 54, 3, 2, 12, 18, 4, 6, 1, 0, 2, 3, 0, 0, 0, '2017-02-14 19:48:26', '2017-03-13 10:47:43'),
(340, '/games/625266/', 2016, '2016-11-19 15:30:00', 2, 36, 37, 1, 1, 46, 55, 5, 1, 14, 11, 10, 4, 3, 0, 3, 3, 0, 0, 0, '2017-02-14 19:48:26', '2017-03-13 10:47:09'),
(341, '/games/625281/', 2016, '2016-11-27 19:30:00', 2, 23, 31, 1, 0, 53, 47, 7, 1, 11, 15, 5, 2, 0, 0, 0, 2, 0, 0, 0, '2017-02-14 19:50:34', '2017-03-13 10:52:07'),
(342, '/games/625280/', 2016, '2016-11-27 19:30:00', 2, 36, 40, 1, 1, 68, 32, 8, 2, 16, 16, 8, 4, 4, 2, 3, 1, 0, 0, 0, '2017-02-14 19:50:34', '2017-03-13 10:51:57'),
(343, '/games/625274/', 2016, '2016-11-27 17:15:00', 2, 37, 35, 3, 1, 52, 49, 3, 3, 12, 13, 3, 10, 1, 4, 3, 5, 0, 0, 0, '2017-02-14 19:50:34', '2017-03-13 10:51:46'),
(344, '/games/625283/', 2016, '2016-11-27 15:00:00', 2, 24, 30, 0, 1, 50, 50, 2, 1, 24, 14, 3, 3, 1, 6, 4, 0, 1, 0, 0, '2017-02-14 19:50:34', '2017-03-13 10:51:22'),
(345, '/games/625276/', 2016, '2016-11-26 20:30:00', 2, 39, 32, 2, 1, 46, 54, 5, 6, 13, 16, 3, 8, 3, 3, 2, 1, 0, 0, 0, '2017-02-14 19:50:34', '2017-03-13 10:51:10'),
(346, '/games/625279/', 2016, '2016-11-26 18:00:00', 2, 38, 34, 2, 0, 77, 23, 7, 1, 5, 9, 9, 4, 0, 1, 1, 3, 0, 0, 0, '2017-02-14 19:50:34', '2017-03-13 10:50:57'),
(347, '/games/625277/', 2016, '2016-11-26 18:00:00', 2, 21, 28, 1, 1, 53, 47, 4, 2, 7, 10, 2, 6, 1, 0, 3, 2, 0, 0, 0, '2017-02-14 19:50:34', '2017-03-13 10:50:45'),
(348, '/games/625282/', 2016, '2016-11-26 18:00:00', 2, 26, 27, 5, 4, 57, 44, 9, 4, 12, 24, 10, 6, 2, 1, 4, 5, 0, 0, 0, '2017-02-14 19:50:34', '2017-03-13 10:50:22'),
(349, '/games/625278/', 2016, '2016-11-26 18:00:00', 2, 22, 29, 2, 2, 41, 59, 3, 2, 15, 12, 2, 3, 3, 1, 4, 4, 0, 0, 0, '2017-02-14 19:50:34', '2017-03-13 10:50:13'),
(350, '/games/625275/', 2016, '2016-11-26 15:30:00', 2, 25, 33, 1, 2, 33, 67, 5, 5, 8, 15, 5, 8, 4, 3, 2, 3, 0, 0, 0, '2017-02-14 19:50:34', '2017-03-13 10:50:00'),
(351, '/games/625288/', 2016, '2016-12-05 23:00:00', 2, 29, 21, 1, 0, 61, 39, 4, 2, 6, 10, 13, 7, 3, 2, 1, 1, 0, 0, 0, '2017-02-14 19:52:57', '2017-03-13 10:54:59'),
(352, '/games/625286/', 2016, '2016-12-04 19:00:00', 2, 31, 36, 1, 1, 46, 55, 6, 2, 13, 11, 6, 3, 3, 4, 2, 3, 0, 0, 0, '2017-02-14 19:52:58', '2017-03-13 10:54:48'),
(353, '/games/625284/', 2016, '2016-12-04 16:30:00', 2, 35, 38, 4, 3, 40, 60, 8, 3, 9, 17, 4, 9, 1, 1, 2, 2, 0, 0, 0, '2017-02-14 19:52:58', '2017-03-13 10:54:39'),
(354, '/games/625293/', 2016, '2016-12-03 20:30:00', 2, 40, 37, 1, 5, 51, 50, 3, 10, 10, 11, 3, 2, 0, 2, 3, 3, 0, 0, 0, '2017-02-14 19:52:58', '2017-03-13 10:54:19'),
(355, '/games/625291/', 2016, '2016-12-03 18:00:00', 2, 32, 26, 5, 0, 60, 40, 15, 0, 11, 17, 5, 0, 3, 4, 0, 4, 0, 0, 0, '2017-02-14 19:52:58', '2017-03-13 10:53:47'),
(356, '/games/625289/', 2016, '2016-12-03 18:00:00', 2, 30, 25, 2, 0, 56, 44, 4, 4, 7, 13, 4, 9, 3, 5, 3, 2, 0, 0, 0, '2017-02-14 19:52:58', '2017-03-13 10:53:24'),
(357, '/games/625285/', 2016, '2016-12-03 18:00:00', 2, 27, 23, 3, 0, 42, 58, 4, 3, 11, 13, 4, 9, 0, 0, 3, 1, 0, 0, 0, '2017-02-14 19:52:58', '2017-03-13 10:53:01'),
(358, '/games/625292/', 2016, '2016-12-03 18:00:00', 2, 28, 24, 3, 1, 40, 60, 3, 5, 12, 8, 3, 4, 1, 2, 2, 1, 0, 1, 0, '2017-02-14 19:52:58', '2017-03-13 10:54:09'),
(359, '/games/625290/', 2016, '2016-12-03 18:00:00', 2, 34, 22, 2, 1, 54, 47, 6, 5, 8, 12, 3, 4, 1, 3, 3, 1, 0, 0, 0, '2017-02-14 19:52:58', '2017-03-13 10:53:57'),
(360, '/games/625287/', 2016, '2016-12-03 15:30:00', 2, 33, 39, 1, 3, 61, 39, 5, 4, 14, 9, 9, 2, 2, 1, 2, 3, 2, 0, 0, '2017-02-14 19:52:58', '2017-03-13 10:52:45'),
(361, '/games/625299/', 2016, '2016-12-11 19:30:00', 2, 38, 40, 2, 2, 68, 32, 3, 3, 7, 8, 11, 4, 5, 3, 2, 0, 0, 0, 0, '2017-02-14 19:54:39', '2017-03-13 10:58:34'),
(362, '/games/625300/', 2016, '2016-12-11 17:15:00', 2, 36, 32, 1, 0, 40, 60, 5, 4, 19, 17, 3, 8, 1, 0, 3, 3, 0, 0, 0, '2017-02-14 19:54:39', '2017-03-13 10:58:17'),
(363, '/games/625301/', 2016, '2016-12-11 17:15:00', 2, 23, 29, 1, 0, 55, 45, 3, 2, 14, 12, 4, 2, 3, 2, 4, 3, 0, 0, 0, '2017-02-14 19:54:39', '2017-03-13 10:58:03'),
(364, '/games/625296/', 2016, '2016-12-11 15:00:00', 2, 39, 28, 1, 0, 67, 33, 2, 1, 6, 10, 3, 1, 2, 2, 2, 4, 0, 0, 0, '2017-02-14 19:54:39', '2017-03-13 10:57:34'),
(365, '/games/625298/', 2016, '2016-12-10 20:30:00', 2, 22, 33, 4, 2, 22, 78, 6, 4, 10, 7, 3, 11, 0, 3, 3, 1, 0, 0, 0, '2017-02-14 19:54:39', '2017-03-13 10:57:21'),
(366, '/games/625302/', 2016, '2016-12-10 18:00:00', 2, 26, 34, 3, 0, 62, 38, 5, 2, 10, 8, 7, 4, 1, 2, 1, 2, 0, 0, 0, '2017-02-14 19:54:39', '2017-03-13 10:56:23'),
(367, '/games/625294/', 2016, '2016-12-10 18:00:00', 2, 37, 30, 3, 1, 64, 36, 6, 5, 9, 6, 7, 7, 3, 3, 0, 0, 0, 0, 0, '2017-02-14 19:54:39', '2017-03-13 10:57:10'),
(368, '/games/625297/', 2016, '2016-12-10 18:00:00', 2, 21, 27, 3, 3, 57, 43, 6, 6, 16, 14, 4, 7, 2, 0, 2, 4, 0, 0, 0, '2017-02-14 19:54:39', '2017-03-13 10:56:57'),
(369, '/games/625295/', 2016, '2016-12-10 18:00:00', 2, 25, 35, 3, 2, 31, 69, 7, 4, 14, 18, 4, 11, 5, 0, 2, 2, 0, 0, 0, '2017-02-14 19:54:39', '2017-03-13 10:56:36'),
(370, '/games/625303/', 2016, '2016-12-10 15:30:00', 2, 24, 31, 3, 2, 47, 53, 6, 4, 11, 16, 2, 4, 3, 3, 2, 2, 0, 0, 0, '2017-02-14 19:54:39', '2017-03-13 10:55:51'),
(371, '/games/625313/', 2016, '2016-12-14 23:00:00', 2, 32, 21, 3, 0, 63, 37, 9, 5, 6, 14, 5, 5, 2, 4, 0, 2, 0, 0, 0, '2017-02-14 19:56:38', '2017-03-13 11:01:07'),
(372, '/games/625311/', 2016, '2016-12-14 23:00:00', 2, 33, 24, 2, 0, 63, 37, 7, 2, 16, 20, 5, 2, 3, 3, 1, 2, 0, 0, 0, '2017-02-14 19:56:38', '2017-03-13 11:00:54'),
(373, '/games/625309/', 2016, '2016-12-14 23:00:00', 2, 28, 26, 3, 1, 40, 60, 4, 4, 8, 8, 0, 11, 3, 1, 0, 0, 0, 0, 0, '2017-02-14 19:56:38', '2017-03-13 11:00:39'),
(374, '/games/625312/', 2016, '2016-12-14 23:00:00', 2, 30, 23, 0, 0, 29, 71, 3, 4, 9, 10, 3, 11, 1, 2, 1, 2, 1, 0, 0, '2017-02-14 19:56:38', '2017-03-13 11:00:21'),
(375, '/games/625308/', 2016, '2016-12-14 23:00:00', 2, 27, 36, 1, 2, 39, 61, 3, 6, 16, 10, 1, 8, 0, 1, 2, 3, 0, 0, 0, '2017-02-14 19:56:39', '2017-03-13 11:00:11'),
(376, '/games/625307/', 2016, '2016-12-14 22:45:00', 2, 40, 25, 1, 0, 58, 42, 7, 2, 12, 15, 6, 1, 0, 3, 0, 2, 0, 0, 0, '2017-02-14 19:56:39', '2017-03-13 11:00:01'),
(377, '/games/625305/', 2016, '2016-12-14 22:45:00', 2, 29, 38, 0, 3, 37, 63, 3, 4, 11, 14, 5, 2, 1, 4, 1, 0, 0, 0, 0, '2017-02-14 19:56:39', '2017-03-13 10:59:44'),
(378, '/games/625306/', 2016, '2016-12-14 22:45:00', 2, 34, 39, 0, 1, 34, 66, 3, 6, 15, 10, 5, 5, 1, 3, 3, 2, 0, 0, 0, '2017-02-14 19:56:39', '2017-03-13 10:59:23'),
(379, '/games/625310/', 2016, '2016-12-13 22:45:00', 2, 31, 37, 2, 1, 42, 58, 4, 3, 10, 10, 8, 3, 1, 2, 2, 1, 1, 0, 0, '2017-02-14 19:56:39', '2017-03-13 10:59:08'),
(380, '/games/625304/', 2016, '2016-12-13 22:45:00', 2, 35, 22, 1, 0, 63, 37, 3, 4, 5, 15, 4, 11, 4, 2, 0, 3, 0, 0, 0, '2017-02-14 19:56:39', '2017-03-13 10:58:56'),
(381, '/games/625316/', 2016, '2016-12-19 23:00:00', 2, 31, 38, 0, 1, 32, 68, 1, 4, 13, 9, 1, 6, 1, 1, 3, 1, 0, 0, 0, '2017-02-14 20:00:13', '2017-03-13 11:04:22'),
(382, '/games/625321/', 2016, '2016-12-18 19:00:00', 2, 32, 25, 2, 1, 60, 40, 9, 2, 10, 11, 11, 2, 0, 2, 1, 2, 0, 0, 0, '2017-02-14 20:00:13', '2017-03-13 11:04:11'),
(383, '/games/625317/', 2016, '2016-12-18 19:00:00', 2, 33, 37, 2, 1, 61, 39, 5, 1, 9, 13, 8, 1, 4, 1, 4, 2, 0, 0, 0, '2017-02-14 20:00:13', '2017-03-13 11:03:55'),
(384, '/games/625314/', 2016, '2016-12-18 16:30:00', 2, 35, 23, 1, 3, 47, 53, 5, 8, 6, 12, 7, 4, 0, 2, 0, 3, 0, 0, 0, '2017-02-14 20:00:13', '2017-03-13 11:03:28'),
(385, '/games/625322/', 2016, '2016-12-17 20:30:00', 2, 28, 36, 0, 2, 42, 58, 1, 5, 9, 13, 2, 3, 3, 2, 3, 3, 0, 0, 0, '2017-02-14 20:00:13', '2017-03-13 11:03:15'),
(386, '/games/625323/', 2016, '2016-12-17 18:00:00', 2, 40, 21, 1, 0, 56, 44, 6, 5, 13, 9, 10, 6, 1, 9, 2, 4, 0, 0, 0, '2017-02-14 20:00:13', '2017-03-13 11:02:08'),
(387, '/games/625319/', 2016, '2016-12-17 18:00:00', 2, 30, 22, 2, 2, 65, 35, 7, 8, 9, 12, 9, 9, 3, 0, 2, 6, 0, 1, 0, '2017-02-14 20:00:13', '2017-03-13 11:01:57'),
(388, '/games/625320/', 2016, '2016-12-17 18:00:00', 2, 34, 24, 1, 0, 43, 57, 2, 4, 10, 9, 4, 11, 2, 2, 1, 2, 0, 0, 0, '2017-02-14 20:00:13', '2017-03-13 11:02:54'),
(389, '/games/625318/', 2016, '2016-12-17 18:00:00', 2, 29, 26, 3, 0, 43, 57, 4, 2, 10, 11, 3, 8, 0, 3, 1, 0, 0, 0, 0, '2017-02-14 20:00:13', '2017-03-13 11:02:35'),
(390, '/games/625315/', 2016, '2016-12-17 15:30:00', 2, 27, 39, 0, 1, 54, 46, 2, 6, 12, 15, 5, 3, 1, 2, 2, 3, 0, 0, 0, '2017-02-14 20:00:13', '2017-03-13 11:01:39'),
(391, '/games/625331/', 2016, '2016-12-28 22:45:00', 2, 23, 32, 1, 4, 34, 66, 2, 5, 7, 16, 2, 10, 2, 0, 1, 4, 1, 0, 0, '2017-02-14 20:02:49', '2017-03-13 11:07:17'),
(392, '/games/625329/', 2016, '2016-12-27 20:15:00', 2, 38, 30, 4, 1, 64, 36, 6, 2, 9, 6, 8, 2, 0, 2, 0, 1, 0, 0, 0, '2017-02-14 20:02:50', '2017-03-13 11:07:07'),
(393, '/games/625327/', 2016, '2016-12-26 20:15:00', 2, 21, 33, 0, 3, 33, 67, 3, 6, 11, 14, 4, 7, 2, 1, 1, 0, 0, 0, 0, '2017-02-14 20:02:50', '2017-03-13 11:06:56'),
(394, '/games/625325/', 2016, '2016-12-26 18:00:00', 2, 25, 29, 1, 0, 46, 54, 4, 2, 17, 18, 7, 3, 3, 4, 6, 5, 0, 0, 0, '2017-02-14 20:02:50', '2017-03-13 11:05:10'),
(395, '/games/625332/', 2016, '2016-12-26 18:00:00', 2, 26, 40, 1, 4, 56, 44, 7, 7, 10, 12, 8, 4, 2, 1, 0, 0, 0, 0, 0, '2017-02-14 20:02:50', '2017-03-13 11:06:38'),
(396, '/games/625330/', 2016, '2016-12-26 18:00:00', 2, 36, 34, 3, 1, 62, 38, 9, 4, 6, 9, 5, 5, 4, 2, 1, 2, 0, 0, 0, '2017-02-14 20:02:50', '2017-03-13 11:06:15'),
(397, '/games/625328/', 2016, '2016-12-26 18:00:00', 2, 22, 31, 0, 2, 42, 58, 2, 3, 14, 7, 3, 4, 3, 3, 3, 0, 0, 0, 0, '2017-02-14 20:02:50', '2017-03-13 11:06:03'),
(398, '/games/625326/', 2016, '2016-12-26 18:00:00', 2, 39, 35, 3, 0, 44, 56, 4, 3, 13, 14, 5, 5, 1, 1, 1, 1, 0, 0, 0, '2017-02-14 20:02:50', '2017-03-13 11:05:48'),
(399, '/games/625324/', 2016, '2016-12-26 18:00:00', 2, 37, 28, 1, 0, 76, 24, 11, 1, 12, 7, 6, 5, 1, 4, 3, 1, 0, 0, 0, '2017-02-14 20:02:50', '2017-03-13 11:05:25'),
(400, '/games/625333/', 2016, '2016-12-26 15:30:00', 2, 24, 27, 1, 1, 56, 44, 3, 4, 18, 17, 7, 3, 0, 1, 2, 4, 0, 0, 0, '2017-02-14 20:02:50', '2017-03-13 11:04:41'),
(401, '/games/625334/', 2017, '2017-01-01 19:00:00', 2, 37, 27, 2, 0, 64, 36, 7, 4, 9, 7, 8, 4, 2, 3, 1, 1, 0, 0, 0, '2017-02-14 20:04:54', '2017-03-13 11:15:13'),
(402, '/games/625343/', 2017, '2017-01-01 16:30:00', 2, 24, 32, 1, 4, 34, 66, 2, 6, 11, 6, 0, 3, 5, 3, 3, 0, 0, 0, 0, '2017-02-14 20:04:54', '2017-03-13 11:15:03'),
(403, '/games/625339/', 2016, '2016-12-31 20:30:00', 2, 38, 33, 1, 0, 43, 57, 1, 2, 12, 12, 4, 6, 2, 2, 2, 1, 0, 0, 0, '2017-02-14 20:04:54', '2017-03-13 11:14:51'),
(404, '/games/625341/', 2016, '2016-12-31 18:00:00', 2, 23, 28, 1, 2, 68, 32, 1, 3, 13, 17, 8, 3, 1, 1, 2, 3, 1, 0, 0, '2017-02-14 20:04:54', '2017-03-13 11:14:31'),
(405, '/games/625335/', 2016, '2016-12-31 18:00:00', 2, 25, 34, 4, 1, 46, 54, 6, 3, 10, 9, 6, 2, 3, 2, 1, 1, 0, 0, 0, '2017-02-14 20:04:54', '2017-03-13 11:14:18'),
(406, '/games/625342/', 2016, '2016-12-31 18:00:00', 2, 26, 35, 0, 3, 45, 55, 5, 6, 14, 9, 4, 3, 1, 2, 2, 0, 0, 0, 0, '2017-02-14 20:04:54', '2017-03-13 11:14:06'),
(407, '/games/625340/', 2016, '2016-12-31 18:00:00', 2, 36, 29, 2, 1, 66, 34, 12, 2, 9, 14, 12, 2, 5, 0, 1, 1, 0, 0, 0, '2017-02-14 20:04:54', '2017-03-13 11:13:51'),
(408, '/games/625338/', 2016, '2016-12-31 18:00:00', 2, 22, 40, 1, 0, 40, 60, 4, 5, 11, 8, 7, 7, 3, 2, 5, 3, 0, 0, 0, '2017-02-14 20:04:54', '2017-03-13 11:13:33'),
(409, '/games/625336/', 2016, '2016-12-31 18:00:00', 2, 39, 30, 4, 2, 60, 40, 7, 2, 12, 10, 8, 3, 2, 2, 3, 2, 0, 0, 0, '2017-02-14 20:04:54', '2017-03-13 11:13:23'),
(410, '/games/625337/', 2016, '2016-12-30 23:00:00', 2, 21, 31, 2, 2, 43, 57, 4, 7, 10, 13, 5, 5, 4, 0, 2, 2, 0, 0, 0, '2017-02-14 20:04:54', '2017-03-13 11:13:13'),
(411, '/games/625351/', 2017, '2017-01-04 23:00:00', 2, 32, 39, 2, 0, 46, 54, 2, 2, 9, 8, 1, 6, 2, 4, 3, 2, 0, 0, 0, '2017-02-14 20:07:33', '2017-03-13 11:17:23'),
(412, '/games/625349/', 2017, '2017-01-03 23:00:00', 2, 30, 24, 2, 0, 54, 46, 5, 2, 10, 15, 7, 6, 3, 0, 1, 2, 0, 0, 0, '2017-02-14 20:07:33', '2017-03-13 11:17:07'),
(413, '/games/625345/', 2017, '2017-01-03 23:00:00', 2, 27, 26, 1, 2, 47, 53, 3, 4, 13, 14, 4, 5, 1, 1, 2, 1, 0, 0, 0, '2017-02-14 20:07:33', '2017-03-13 11:17:34'),
(414, '/games/625344/', 2017, '2017-01-03 22:45:00', 2, 35, 37, 3, 3, 40, 60, 6, 4, 10, 12, 4, 7, 2, 3, 3, 3, 1, 0, 0, '2017-02-14 20:07:33', '2017-03-13 11:16:46'),
(415, '/games/625353/', 2017, '2017-01-02 20:15:00', 2, 40, 36, 0, 2, 36, 64, 2, 6, 9, 13, 2, 1, 0, 5, 2, 2, 1, 0, 0, '2017-02-14 20:07:33', '2017-03-13 11:16:37'),
(416, '/games/625347/', 2017, '2017-01-02 18:00:00', 2, 33, 25, 2, 1, 55, 45, 3, 3, 11, 11, 8, 8, 3, 3, 4, 3, 1, 0, 0, '2017-02-14 20:07:33', '2017-03-13 11:16:25'),
(417, '/games/625352/', 2017, '2017-01-02 18:00:00', 2, 28, 21, 3, 1, 41, 59, 5, 6, 5, 4, 7, 9, 1, 0, 0, 0, 0, 0, 0, '2017-02-14 20:07:33', '2017-03-13 11:16:13'),
(418, '/games/625350/', 2017, '2017-01-02 18:00:00', 2, 34, 38, 2, 2, 29, 71, 5, 15, 10, 10, 2, 5, 3, 3, 2, 3, 0, 0, 0, '2017-02-14 20:07:33', '2017-03-13 11:15:55'),
(419, '/games/625346/', 2017, '2017-01-02 18:00:00', 2, 31, 23, 3, 0, 54, 46, 6, 3, 5, 14, 10, 8, 4, 2, 0, 1, 0, 0, 0, '2017-02-14 20:07:33', '2017-03-13 11:15:45'),
(420, '/games/625348/', 2017, '2017-01-02 15:30:00', 2, 29, 22, 0, 0, 63, 37, 1, 4, 10, 9, 2, 2, 0, 0, 3, 0, 0, 0, 0, '2017-02-14 20:07:33', '2017-03-13 11:15:35'),
(421, '/games/625358/', 2017, '2017-01-15 19:00:00', 2, 36, 38, 1, 1, 56, 44, 3, 4, 17, 13, 5, 7, 4, 2, 1, 3, 0, 0, 0, '2017-02-14 20:10:03', '2017-03-13 11:19:56'),
(422, '/games/625355/', 2017, '2017-01-15 16:30:00', 2, 31, 33, 4, 0, 29, 71, 4, 5, 17, 7, 3, 6, 4, 4, 2, 2, 0, 0, 0, '2017-02-14 20:10:03', '2017-03-13 11:19:48'),
(423, '/games/625357/', 2017, '2017-01-14 20:30:00', 2, 22, 39, 0, 3, 35, 65, 2, 3, 8, 9, 3, 5, 2, 1, 1, 0, 0, 0, 0, '2017-02-14 20:10:03', '2017-03-13 11:19:39'),
(424, '/games/625362/', 2017, '2017-01-14 18:00:00', 2, 24, 29, 0, 0, 47, 53, 5, 1, 15, 15, 3, 1, 2, 3, 3, 1, 0, 0, 0, '2017-02-14 20:10:04', '2017-03-13 11:19:24'),
(425, '/games/625360/', 2017, '2017-01-14 18:00:00', 2, 26, 37, 0, 4, 43, 57, 3, 6, 12, 8, 3, 2, 2, 0, 2, 0, 0, 0, 0, '2017-02-14 20:10:04', '2017-03-13 11:19:10'),
(426, '/games/625356/', 2017, '2017-01-14 18:00:00', 2, 21, 35, 3, 1, 39, 61, 3, 6, 13, 11, 4, 5, 3, 3, 0, 1, 0, 0, 0, '2017-02-14 20:10:04', '2017-03-13 11:19:01'),
(427, '/games/625354/', 2017, '2017-01-14 18:00:00', 2, 25, 23, 1, 0, 41, 59, 3, 5, 14, 14, 2, 7, 1, 2, 1, 2, 0, 0, 0, '2017-02-14 20:10:04', '2017-03-13 11:18:50'),
(428, '/games/625363/', 2017, '2017-01-14 18:00:00', 2, 40, 27, 3, 0, 44, 56, 3, 1, 10, 14, 2, 2, 1, 1, 4, 2, 0, 0, 0, '2017-02-14 20:14:17', '2017-03-13 11:18:32'),
(429, '/games/625359/', 2017, '2017-01-14 18:00:00', 2, 34, 30, 1, 3, 51, 49, 3, 6, 16, 11, 5, 2, 5, 1, 3, 1, 0, 0, 0, '2017-02-14 20:14:18', '2017-03-13 11:18:23'),
(430, '/games/625361/', 2017, '2017-01-14 15:30:00', 2, 32, 28, 4, 0, 73, 27, 11, 0, 11, 12, 8, 0, 1, 1, 0, 2, 0, 0, 0, '2017-02-14 20:14:18', '2017-03-13 11:18:14'),
(431, '/games/625366/', 2017, '2017-01-22 19:30:00', 2, 39, 21, 2, 0, 53, 47, 5, 4, 12, 10, 9, 7, 1, 1, 1, 3, 0, 0, 0, '2017-02-14 20:21:14', '2017-03-13 11:22:57'),
(432, '/games/625365/', 2017, '2017-01-22 17:15:00', 2, 37, 25, 2, 1, 70, 30, 8, 7, 12, 11, 10, 4, 2, 0, 1, 3, 1, 0, 0, '2017-02-14 20:21:14', '2017-03-13 11:22:48'),
(433, '/games/625371/', 2017, '2017-01-22 15:00:00', 2, 23, 22, 3, 0, 60, 40, 7, 2, 8, 10, 7, 2, 3, 1, 0, 1, 0, 0, 0, '2017-02-14 20:33:10', '2017-03-13 11:22:40'),
(434, '/games/625369/', 2017, '2017-01-21 20:30:00', 2, 33, 32, 2, 2, 55, 45, 7, 2, 10, 7, 5, 4, 3, 5, 2, 4, 0, 0, 0, '2017-02-14 20:33:10', '2017-03-13 11:22:22'),
(435, '/games/625364/', 2017, '2017-01-21 18:00:00', 2, 35, 24, 2, 2, 63, 37, 5, 3, 6, 16, 9, 4, 3, 2, 1, 2, 0, 0, 0, '2017-02-14 20:33:10', '2017-03-13 11:22:08'),
(436, '/games/625373/', 2017, '2017-01-21 18:00:00', 2, 28, 34, 2, 0, 44, 56, 5, 3, 15, 12, 1, 4, 2, 1, 1, 1, 0, 0, 0, '2017-02-14 20:33:10', '2017-03-13 11:21:43'),
(437, '/games/625367/', 2017, '2017-01-21 18:00:00', 2, 27, 31, 0, 1, 44, 56, 2, 8, 10, 15, 8, 7, 1, 1, 0, 1, 0, 0, 0, '2017-02-14 20:33:10', '2017-03-13 11:21:30'),
(438, '/games/625372/', 2017, '2017-01-21 18:00:00', 2, 30, 36, 1, 1, 35, 65, 1, 8, 13, 12, 1, 7, 0, 6, 4, 0, 0, 0, 0, '2017-02-14 20:55:08', '2017-03-13 11:20:57'),
(439, '/games/625370/', 2017, '2017-01-21 18:00:00', 2, 29, 40, 1, 3, 62, 39, 2, 5, 7, 14, 7, 5, 2, 0, 2, 1, 0, 0, 0, '2017-02-14 20:55:08', '2017-03-13 11:20:48'),
(440, '/games/625368/', 2017, '2017-01-21 15:30:00', 2, 38, 26, 2, 3, 74, 26, 5, 3, 7, 7, 6, 3, 2, 1, 1, 1, 0, 0, 0, '2017-02-14 20:55:08', '2017-03-13 11:20:17'),
(441, '/games/625383/', 2017, '2017-02-01 23:00:00', 2, 30, 31, 1, 1, 47, 53, 7, 5, 21, 12, 5, 5, 1, 3, 1, 0, 0, 0, 0, '2017-02-14 20:58:35', '2017-03-13 11:25:23'),
(442, '/games/625381/', 2017, '2017-02-01 23:00:00', 2, 36, 21, 0, 0, 67, 33, 6, 2, 20, 16, 7, 1, 6, 1, 1, 4, 0, 0, 0, '2017-02-14 20:58:35', '2017-03-13 11:25:12'),
(443, '/games/625380/', 2017, '2017-02-01 22:45:00', 2, 40, 33, 0, 4, 30, 70, 1, 4, 11, 14, 2, 4, 6, 3, 3, 3, 0, 0, 0, '2017-02-14 20:58:35', '2017-03-13 11:25:04'),
(444, '/games/625382/', 2017, '2017-01-31 23:00:00', 2, 38, 39, 1, 1, 62, 38, 3, 2, 13, 8, 3, 3, 5, 3, 2, 1, 0, 0, 0, '2017-02-14 20:58:35', '2017-03-13 11:24:43'),
(445, '/games/625379/', 2017, '2017-01-31 22:45:00', 2, 26, 23, 2, 1, 43, 57, 5, 2, 10, 19, 5, 4, 1, 1, 2, 0, 0, 0, 0, '2017-02-14 20:58:35', '2017-03-13 11:24:32'),
(446, '/games/625377/', 2017, '2017-01-31 22:45:00', 2, 29, 28, 1, 1, 62, 38, 3, 5, 12, 13, 4, 2, 0, 2, 2, 1, 0, 0, 0, '2017-02-14 20:58:35', '2017-03-13 11:24:22'),
(447, '/games/625375/', 2017, '2017-01-31 22:45:00', 2, 37, 24, 1, 2, 74, 26, 5, 6, 12, 15, 9, 5, 2, 1, 3, 3, 0, 0, 0, '2017-02-14 20:58:35', '2017-03-13 11:24:09'),
(448, '/games/625378/', 2017, '2017-01-31 22:45:00', 2, 34, 32, 0, 0, 28, 72, 1, 3, 9, 13, 2, 12, 2, 3, 2, 0, 0, 0, 0, '2017-02-14 20:58:35', '2017-03-13 11:23:44'),
(449, '/games/625376/', 2017, '2017-01-31 22:45:00', 2, 25, 22, 1, 0, 59, 41, 3, 5, 4, 8, 10, 2, 1, 4, 1, 0, 0, 0, 0, '2017-02-14 20:58:35', '2017-03-13 11:23:35'),
(450, '/games/625374/', 2017, '2017-01-31 22:45:00', 2, 35, 27, 0, 2, 65, 35, 2, 4, 14, 23, 2, 3, 1, 0, 0, 4, 0, 0, 0, '2017-02-14 20:58:35', '2017-03-13 11:23:19'),
(451, '/games/625388/', 2017, '2017-02-05 19:00:00', 2, 22, 36, 0, 3, 32, 68, 1, 9, 12, 13, 10, 3, 1, 2, 2, 4, 0, 0, 0, '2017-02-14 21:00:43', '2017-03-13 11:28:57'),
(452, '/games/625389/', 2017, '2017-02-05 16:30:00', 2, 33, 26, 2, 1, 69, 31, 5, 2, 9, 13, 10, 3, 4, 0, 2, 3, 0, 0, 0, '2017-02-14 21:00:43', '2017-03-13 11:28:47'),
(453, '/games/625391/', 2017, '2017-02-04 20:30:00', 2, 32, 29, 1, 0, 65, 35, 5, 0, 8, 11, 11, 2, 5, 1, 0, 1, 0, 0, 0, '2017-02-14 21:00:43', '2017-03-13 11:28:33'),
(454, '/games/625387/', 2017, '2017-02-04 18:00:00', 2, 21, 38, 2, 0, 28, 72, 4, 5, 9, 12, 1, 15, 2, 1, 2, 1, 0, 0, 0, '2017-02-14 21:00:43', '2017-03-13 11:26:56'),
(455, '/games/625385/', 2017, '2017-02-04 18:00:00', 2, 27, 34, 0, 4, 65, 35, 9, 7, 9, 8, 7, 1, 1, 1, 3, 3, 0, 0, 0, '2017-02-14 21:00:43', '2017-03-13 11:26:40'),
(456, '/games/625392/', 2017, '2017-02-04 18:00:00', 2, 24, 25, 2, 1, 60, 40, 7, 7, 12, 10, 3, 6, 2, 4, 5, 0, 0, 1, 0, '2017-02-14 21:00:43', '2017-03-13 11:28:18'),
(457, '/games/625390/', 2017, '2017-02-04 18:00:00', 2, 23, 40, 1, 3, 55, 45, 7, 4, 12, 15, 3, 2, 2, 3, 0, 2, 0, 0, 0, '2017-02-14 21:00:43', '2017-03-13 11:28:09'),
(458, '/games/625386/', 2017, '2017-02-04 18:00:00', 2, 31, 35, 6, 3, 46, 54, 10, 8, 14, 4, 4, 8, 4, 0, 3, 1, 0, 0, 0, '2017-02-14 21:00:44', '2017-03-13 11:27:57'),
(459, '/games/625393/', 2017, '2017-02-04 18:00:00', 2, 28, 30, 1, 0, 38, 62, 4, 2, 6, 13, 5, 6, 3, 2, 2, 2, 0, 0, 0, '2017-02-14 21:00:44', '2017-03-13 11:27:47'),
(460, '/games/625384/', 2017, '2017-02-04 15:30:00', 2, 39, 37, 3, 1, 42, 58, 6, 5, 14, 8, 10, 13, 4, 3, 1, 1, 0, 0, 0, '2017-02-14 21:00:44', '2017-03-13 11:25:52'),
(461, '/games/625394/', 2017, '2017-02-13 23:00:00', 2, 35, 33, 0, 2, 38, 62, 1, 5, 8, 11, 3, 7, 2, 2, 2, 3, 0, 0, 0, '2017-02-14 21:03:14', '2017-03-13 11:31:13'),
(462, '/games/625402/', 2017, '2017-02-12 19:00:00', 2, 26, 22, 2, 0, 49, 51, 4, 1, 7, 14, 7, 3, 0, 0, 2, 2, 0, 0, 0, '2017-02-14 21:03:14', '2017-03-13 11:31:02'),
(463, '/games/625396/', 2017, '2017-02-12 16:30:00', 2, 25, 39, 1, 1, 29, 71, 4, 2, 12, 11, 1, 1, 3, 0, 3, 2, 0, 0, 0, '2017-02-14 21:03:14', '2017-03-13 11:30:50'),
(464, '/games/625397/', 2017, '2017-02-11 20:30:00', 2, 38, 32, 2, 0, 51, 49, 9, 2, 14, 14, 10, 3, 2, 1, 3, 5, 0, 0, 0, '2017-02-14 21:03:14', '2017-03-13 11:30:32'),
(465, '/games/625403/', 2017, '2017-02-11 18:00:00', 2, 40, 28, 2, 2, 65, 35, 4, 3, 7, 14, 7, 5, 3, 1, 3, 2, 0, 0, 0, '2017-02-14 21:03:14', '2017-03-13 11:30:24'),
(466, '/games/625401/', 2017, '2017-02-11 18:00:00', 2, 34, 23, 0, 4, 46, 54, 1, 8, 12, 14, 6, 2, 1, 2, 1, 0, 0, 0, 0, '2017-02-14 21:03:14', '2017-03-13 11:30:14'),
(467, '/games/625399/', 2017, '2017-02-11 18:00:00', 2, 29, 31, 0, 0, 46, 54, 3, 3, 14, 9, 5, 2, 0, 2, 2, 0, 0, 0, 0, '2017-02-14 21:03:14', '2017-03-13 11:30:04'),
(468, '/games/625400/', 2017, '2017-02-11 18:00:00', 2, 30, 27, 1, 0, 58, 42, 4, 1, 10, 14, 5, 5, 3, 2, 1, 3, 0, 0, 0, '2017-02-14 21:03:14', '2017-03-20 17:17:03'),
(469, '/games/625398/', 2017, '2017-02-11 18:00:00', 2, 36, 24, 2, 0, 58, 42, 11, 3, 10, 12, 5, 1, 5, 0, 1, 0, 0, 0, 0, '2017-02-14 21:03:14', '2017-03-13 11:29:32'),
(470, '/games/625395/', 2017, '2017-02-11 15:30:00', 2, 37, 21, 2, 0, 49, 51, 7, 4, 12, 9, 3, 8, 4, 0, 3, 1, 0, 1, 0, '2017-02-14 21:03:14', '2017-03-13 11:29:20'),
(471, '/games/630482/', 2016, '2016-08-28 18:30:00', 3, 57, 58, 2, 2, 57, 43, 5, 9, 12, 14, 2, 9, 1, 1, 2, 4, 0, 0, 0, '2017-02-16 12:55:55', '2017-03-13 11:34:33'),
(472, '/games/630478/', 2016, '2016-08-28 16:30:00', 3, 55, 56, 2, 1, 55, 45, 5, 2, 10, 10, 5, 2, 1, 0, 0, 3, 0, 0, 0, '2017-02-16 12:55:55', '2017-03-13 11:34:22'),
(473, '/games/630477/', 2016, '2016-08-27 19:30:00', 3, 53, 54, 2, 1, 51, 49, 9, 6, 11, 16, 7, 3, 3, 4, 3, 3, 0, 0, 0, '2017-02-16 12:55:55', '2017-03-13 11:33:57'),
(474, '/games/630483/', 2016, '2016-08-27 16:30:00', 3, 51, 52, 1, 0, 44, 56, 4, 3, 11, 15, 7, 5, 0, 5, 2, 2, 1, 0, 0, '2017-02-16 12:55:55', '2017-03-13 11:32:11'),
(475, '/games/630481/', 2016, '2016-08-27 16:30:00', 3, 49, 50, 0, 2, 46, 54, 2, 6, 15, 17, 2, 3, 0, 1, 1, 2, 0, 0, 0, '2017-02-16 12:55:55', '2017-03-13 11:33:45'),
(476, '/games/630479/', 2016, '2016-08-27 16:30:00', 3, 47, 48, 2, 0, 59, 41, 8, 3, 11, 15, 6, 5, 5, 2, 3, 3, 0, 0, 0, '2017-02-16 12:55:55', '2017-03-13 11:33:35'),
(477, '/games/630480/', 2016, '2016-08-27 16:30:00', 3, 45, 46, 1, 1, 47, 53, 1, 5, 17, 15, 4, 5, 1, 1, 2, 2, 0, 0, 0, '2017-02-16 12:55:55', '2017-03-13 11:33:21'),
(478, '/games/630476/', 2016, '2016-08-27 16:30:00', 3, 43, 44, 2, 1, 74, 26, 8, 4, 3, 20, 7, 2, 2, 4, 0, 3, 0, 0, 0, '2017-02-16 12:55:56', '2017-03-13 11:32:59'),
(479, '/games/630475/', 2016, '2016-08-26 21:30:00', 3, 41, 42, 6, 0, 71, 29, 14, 2, 7, 8, 8, 1, 1, 1, 0, 1, 0, 0, 0, '2017-02-16 12:55:56', '2017-03-13 11:31:57'),
(480, '/games/630486/', 2016, '2016-09-11 18:30:00', 3, 44, 57, 4, 4, 30, 70, 6, 5, 19, 16, 8, 5, 1, 2, 1, 3, 1, 0, 0, '2017-02-16 12:59:44', '2017-03-13 11:37:20'),
(481, '/games/630489/', 2016, '2016-09-11 16:30:00', 3, 42, 49, 1, 2, 53, 47, 1, 5, 14, 28, 4, 4, 1, 1, 2, 3, 0, 0, 0, '2017-02-16 12:59:44', '2017-03-13 11:37:09'),
(482, '/games/630492/', 2016, '2016-09-10 19:30:00', 3, 58, 43, 1, 0, 34, 66, 4, 1, 16, 10, 5, 7, 3, 2, 2, 2, 0, 0, 0, '2017-02-16 12:59:44', '2017-03-13 11:36:57'),
(483, '/games/630487/', 2016, '2016-09-10 16:30:00', 3, 50, 47, 0, 0, 66, 34, 4, 9, 13, 14, 8, 4, 1, 1, 2, 3, 0, 0, 0, '2017-02-16 12:59:44', '2017-03-13 11:35:13'),
(484, '/games/630490/', 2016, '2016-09-10 16:30:00', 3, 48, 51, 1, 0, 23, 77, 1, 3, 16, 13, 1, 4, 3, 1, 1, 2, 0, 0, 0, '2017-02-16 12:59:44', '2017-03-13 11:36:42'),
(485, '/games/630488/', 2016, '2016-09-10 16:30:00', 3, 46, 55, 0, 2, 59, 41, 5, 6, 13, 20, 6, 1, 2, 0, 3, 1, 0, 0, 0, '2017-02-16 12:59:44', '2017-03-13 11:36:24'),
(486, '/games/630484/', 2016, '2016-09-10 16:30:00', 3, 54, 45, 3, 1, 62, 38, 5, 2, 13, 20, 4, 1, 4, 2, 2, 1, 0, 0, 0, '2017-02-16 12:59:44', '2017-03-13 11:36:13'),
(487, '/games/630491/', 2016, '2016-09-10 16:30:00', 3, 56, 53, 3, 1, 35, 65, 7, 2, 17, 11, 3, 4, 1, 3, 2, 2, 0, 0, 0, '2017-02-16 12:59:44', '2017-03-13 11:35:43'),
(488, '/games/630485/', 2016, '2016-09-09 22:30:00', 3, 52, 41, 0, 2, 31, 69, 2, 2, 13, 12, 2, 7, 2, 2, 2, 4, 0, 0, 0, '2017-02-16 12:59:44', '2017-03-13 11:34:57'),
(489, '/games/630496/', 2016, '2016-09-18 18:30:00', 3, 55, 52, 2, 0, 49, 51, 2, 4, 12, 17, 4, 6, 1, 2, 1, 1, 0, 0, 0, '2017-02-16 13:02:12', '2017-03-13 11:39:38'),
(490, '/games/630499/', 2016, '2016-09-18 16:30:00', 3, 49, 44, 1, 3, 53, 47, 5, 6, 15, 16, 2, 7, 4, 1, 1, 2, 0, 1, 0, '2017-02-16 13:02:12', '2017-03-13 11:39:29'),
(491, '/games/630495/', 2016, '2016-09-17 19:30:00', 3, 53, 42, 4, 1, 62, 38, 7, 5, 9, 19, 10, 4, 1, 0, 0, 3, 0, 1, 0, '2017-02-16 13:02:12', '2017-03-13 11:39:16'),
(492, '/games/630494/', 2016, '2016-09-17 16:30:00', 3, 43, 48, 6, 0, 79, 21, 13, 1, 8, 16, 12, 2, 2, 1, 0, 5, 0, 1, 0, '2017-02-16 13:02:12', '2017-03-13 11:39:06'),
(493, '/games/630501/', 2016, '2016-09-17 16:30:00', 3, 51, 54, 2, 1, 40, 60, 8, 3, 22, 14, 1, 3, 2, 7, 3, 0, 0, 0, 0, '2017-02-16 13:02:12', '2017-03-13 11:38:53'),
(494, '/games/630493/', 2016, '2016-09-17 16:30:00', 3, 41, 46, 3, 1, 69, 31, 5, 5, 18, 17, 5, 5, 1, 2, 1, 2, 0, 0, 0, '2017-02-16 13:02:12', '2017-03-13 11:38:26'),
(495, '/games/630500/', 2016, '2016-09-17 16:30:00', 3, 57, 50, 0, 0, 49, 51, 5, 9, 17, 18, 3, 11, 1, 3, 2, 1, 0, 0, 0, '2017-02-16 13:02:12', '2017-03-13 11:38:15'),
(496, '/games/630498/', 2016, '2016-09-17 16:30:00', 3, 45, 58, 0, 4, 63, 37, 2, 6, 17, 13, 8, 3, 1, 4, 5, 1, 0, 0, 0, '2017-02-16 13:02:12', '2017-03-13 11:38:04'),
(497, '/games/630497/', 2016, '2016-09-16 21:30:00', 3, 47, 56, 3, 0, 35, 65, 3, 8, 12, 10, 4, 6, 5, 0, 1, 1, 0, 0, 0, '2017-02-16 13:02:12', '2017-03-13 11:37:54'),
(498, '/games/630504/', 2016, '2016-09-21 21:00:00', 3, 52, 47, 1, 3, 67, 33, 8, 5, 17, 9, 8, 4, 3, 0, 2, 1, 0, 0, 0, '2017-02-16 13:03:36', '2017-03-13 11:41:06'),
(499, '/games/630502/', 2016, '2016-09-21 21:00:00', 3, 41, 55, 3, 0, 76, 24, 7, 2, 9, 9, 6, 2, 5, 1, 1, 0, 0, 0, 0, '2017-02-16 13:03:36', '2017-03-13 11:41:19'),
(500, '/games/630507/', 2016, '2016-09-21 21:00:00', 3, 42, 44, 1, 2, 44, 56, 7, 6, 15, 14, 3, 14, 2, 4, 2, 2, 0, 0, 0, '2017-02-16 13:03:36', '2017-03-13 11:41:53'),
(501, '/games/630503/', 2016, '2016-09-21 21:00:00', 3, 54, 49, 0, 0, 72, 28, 6, 2, 14, 16, 6, 3, 1, 3, 0, 2, 0, 0, 0, '2017-02-16 13:03:36', '2017-03-13 11:43:41'),
(502, '/games/630510/', 2016, '2016-09-21 21:00:00', 3, 58, 53, 1, 1, 43, 57, 5, 1, 15, 16, 5, 2, 2, 4, 1, 2, 0, 0, 0, '2017-02-16 13:03:36', '2017-03-13 11:42:50'),
(503, '/games/630506/', 2016, '2016-09-20 21:00:00', 3, 46, 51, 0, 2, 57, 43, 3, 5, 20, 19, 6, 4, 5, 1, 0, 1, 0, 0, 0, '2017-02-16 13:03:36', '2017-03-13 11:44:16'),
(504, '/games/630509/', 2016, '2016-09-20 21:00:00', 3, 56, 45, 1, 0, 49, 51, 4, 0, 17, 17, 7, 0, 1, 3, 1, 0, 0, 0, 0, '2017-02-16 13:03:36', '2017-03-13 11:43:05'),
(505, '/games/630505/', 2016, '2016-09-20 21:00:00', 3, 50, 43, 1, 5, 50, 50, 9, 9, 15, 12, 2, 3, 4, 3, 2, 0, 0, 0, 0, '2017-02-16 13:03:36', '2017-03-13 11:42:13'),
(506, '/games/630508/', 2016, '2016-09-20 21:00:00', 3, 48, 57, 1, 1, 29, 71, 3, 4, 16, 18, 2, 6, 7, 0, 1, 1, 0, 0, 0, '2017-02-16 13:03:36', '2017-03-13 11:45:14'),
(507, '/games/630514/', 2016, '2016-09-25 18:45:00', 3, 47, 58, 1, 1, 46, 54, 2, 2, 10, 16, 1, 6, 3, 0, 1, 2, 0, 0, 0, '2017-02-16 13:06:17', '2017-03-13 11:49:08'),
(508, '/games/630518/', 2016, '2016-09-25 16:30:00', 3, 57, 52, 2, 1, 43, 57, 2, 5, 11, 14, 2, 6, 2, 3, 1, 1, 0, 0, 0, '2017-02-16 13:06:17', '2017-03-13 11:48:57'),
(509, '/games/630517/', 2016, '2016-09-24 19:30:00', 3, 42, 50, 2, 1, 39, 61, 4, 3, 17, 14, 6, 2, 3, 1, 1, 3, 0, 0, 0, '2017-02-16 13:06:17', '2017-03-13 11:48:47'),
(510, '/games/630515/', 2016, '2016-09-24 16:30:00', 3, 45, 41, 0, 1, 31, 69, 1, 8, 17, 12, 3, 5, 3, 2, 2, 3, 0, 0, 0, '2017-02-16 13:06:17', '2017-03-13 11:46:55'),
(511, '/games/630513/', 2016, '2016-09-24 16:30:00', 3, 44, 54, 2, 3, 38, 62, 5, 6, 12, 14, 6, 1, 5, 2, 3, 2, 0, 0, 0, '2017-02-16 13:06:17', '2017-03-13 11:47:56'),
(512, '/games/630516/', 2016, '2016-09-24 16:30:00', 3, 49, 48, 1, 0, 67, 33, 6, 0, 7, 14, 3, 5, 2, 1, 2, 2, 0, 1, 0, '2017-02-16 13:06:17', '2017-03-13 11:47:44'),
(513, '/games/630512/', 2016, '2016-09-24 16:30:00', 3, 53, 46, 2, 0, 55, 45, 5, 2, 24, 14, 1, 3, 3, 4, 2, 3, 0, 0, 0, '2017-02-16 13:06:17', '2017-03-13 11:47:26'),
(514, '/games/630519/', 2016, '2016-09-24 16:30:00', 3, 51, 55, 3, 3, 57, 43, 4, 4, 15, 13, 4, 1, 1, 2, 4, 2, 0, 0, 0, '2017-02-16 13:06:17', '2017-03-13 11:47:07'),
(515, '/games/630511/', 2016, '2016-09-23 21:30:00', 3, 43, 56, 3, 1, 71, 29, 5, 5, 8, 27, 15, 3, 3, 1, 2, 3, 0, 0, 0, '2017-02-16 13:06:17', '2017-03-13 11:46:23'),
(516, '/games/630522/', 2016, '2016-10-02 18:30:00', 3, 52, 53, 4, 0, 28, 72, 8, 4, 11, 10, 3, 5, 2, 1, 0, 0, 0, 0, 0, '2017-02-16 13:08:40', '2017-03-13 11:51:50'),
(517, '/games/630524/', 2016, '2016-10-02 16:30:00', 3, 50, 44, 0, 0, 60, 40, 3, 2, 10, 7, 11, 3, 4, 1, 0, 0, 0, 0, 0, '2017-02-16 13:08:40', '2017-03-13 11:51:41'),
(518, '/games/630521/', 2016, '2016-10-01 19:30:00', 3, 54, 43, 2, 0, 30, 70, 6, 4, 21, 7, 1, 9, 4, 3, 5, 1, 0, 0, 0, '2017-02-16 13:08:40', '2017-03-13 11:51:27'),
(519, '/games/630526/', 2016, '2016-10-01 16:30:00', 3, 48, 42, 2, 2, 40, 60, 2, 7, 18, 20, 5, 10, 0, 1, 2, 1, 0, 0, 0, '2017-02-16 13:08:40', '2017-03-13 11:51:05'),
(520, '/games/630520/', 2016, '2016-10-01 16:30:00', 3, 41, 47, 1, 1, 68, 32, 3, 2, 4, 12, 10, 3, 4, 4, 1, 2, 0, 0, 0, '2017-02-16 13:08:40', '2017-03-13 11:50:53'),
(521, '/games/630527/', 2016, '2016-10-01 16:30:00', 3, 56, 51, 1, 0, 37, 63, 3, 3, 12, 13, 9, 4, 2, 3, 4, 3, 0, 0, 0, '2017-02-16 13:08:40', '2017-03-13 11:50:30'),
(522, '/games/630525/', 2016, '2016-10-01 16:30:00', 3, 46, 57, 1, 2, 52, 48, 5, 9, 22, 22, 8, 5, 4, 2, 1, 2, 0, 0, 0, '2017-02-16 13:08:40', '2017-03-13 11:50:20'),
(523, '/games/630523/', 2016, '2016-10-01 16:30:00', 3, 55, 45, 2, 0, 42, 58, 5, 3, 11, 20, 7, 3, 0, 1, 2, 6, 0, 0, 0, '2017-02-16 13:08:40', '2017-03-13 11:50:03'),
(524, '/games/630528/', 2016, '2016-09-30 21:30:00', 3, 58, 49, 2, 1, 57, 43, 10, 2, 15, 12, 6, 3, 2, 1, 0, 3, 0, 0, 0, '2017-02-16 13:08:40', '2017-03-13 11:49:54'),
(525, '/games/630532/', 2016, '2016-10-16 18:30:00', 3, 50, 58, 0, 1, 55, 45, 2, 6, 21, 18, 7, 4, 2, 3, 2, 1, 0, 0, 0, '2017-02-16 13:10:09', '2017-03-13 12:24:25'),
(526, '/games/630531/', 2016, '2016-10-16 16:30:00', 3, 44, 48, 2, 1, 49, 51, 5, 4, 20, 19, 7, 7, 4, 0, 3, 1, 0, 0, 0, '2017-02-16 13:10:09', '2017-03-13 12:24:15'),
(527, '/games/630535/', 2016, '2016-10-15 19:30:00', 3, 42, 54, 2, 1, 34, 66, 5, 6, 10, 15, 0, 2, 2, 2, 2, 2, 0, 0, 0, '2017-02-16 13:10:09', '2017-03-13 12:24:00'),
(528, '/games/630530/', 2016, '2016-10-15 16:30:00', 3, 53, 45, 0, 0, 77, 23, 4, 0, 10, 16, 10, 3, 5, 2, 2, 4, 0, 1, 0, '2017-02-16 13:10:09', '2017-03-13 12:21:01'),
(529, '/games/630537/', 2016, '2016-10-15 16:30:00', 3, 51, 41, 2, 2, 38, 62, 4, 5, 18, 11, 2, 6, 3, 4, 4, 4, 1, 0, 0, '2017-02-16 13:10:09', '2017-03-13 12:23:23'),
(530, '/games/630533/', 2016, '2016-10-15 16:30:00', 3, 47, 46, 2, 1, 61, 39, 3, 1, 27, 24, 5, 3, 3, 1, 3, 3, 0, 0, 0, '2017-02-16 13:10:10', '2017-03-13 12:22:52'),
(531, '/games/630536/', 2016, '2016-10-15 16:30:00', 3, 57, 56, 2, 1, 45, 55, 4, 6, 18, 15, 8, 5, 3, 7, 2, 3, 0, 0, 0, '2017-02-16 13:10:10', '2017-03-13 12:22:11'),
(532, '/games/630534/', 2016, '2016-10-15 16:30:00', 3, 49, 52, 1, 1, 51, 49, 5, 3, 14, 16, 6, 4, 0, 2, 2, 3, 0, 0, 0, '2017-02-16 13:10:10', '2017-03-13 12:21:32'),
(533, '/games/630529/', 2016, '2016-10-14 21:30:00', 3, 43, 55, 1, 1, 75, 25, 6, 2, 13, 22, 5, 0, 3, 1, 1, 5, 1, 1, 0, '2017-02-16 13:10:10', '2017-03-13 12:20:40'),
(534, '/games/630540/', 2016, '2016-10-23 18:30:00', 3, 52, 44, 3, 0, 52, 48, 5, 4, 16, 16, 3, 3, 0, 2, 2, 3, 0, 0, 0, '2017-02-16 13:12:18', '2017-03-13 12:31:42'),
(535, '/games/630546/', 2016, '2016-10-23 16:30:00', 3, 58, 42, 3, 1, 61, 39, 6, 3, 18, 10, 6, 5, 4, 3, 4, 3, 0, 0, 0, '2017-02-16 13:12:18', '2017-03-13 12:31:33'),
(536, '/games/630538/', 2016, '2016-10-22 19:30:00', 3, 41, 53, 2, 0, 63, 37, 5, 0, 4, 11, 8, 1, 1, 1, 0, 1, 0, 0, 0, '2017-02-16 13:12:18', '2017-03-13 12:31:15'),
(537, '/games/630545/', 2016, '2016-10-22 16:30:00', 3, 56, 49, 2, 1, 54, 46, 5, 6, 7, 10, 0, 1, 0, 2, 1, 0, 0, 0, 0, '2017-02-16 13:12:18', '2017-03-13 12:31:05'),
(538, '/games/630543/', 2016, '2016-10-22 16:30:00', 3, 46, 43, 3, 3, 27, 73, 7, 10, 19, 13, 2, 8, 3, 0, 0, 1, 0, 0, 0, '2017-02-16 13:12:18', '2017-03-13 12:30:42'),
(539, '/games/630541/', 2016, '2016-10-22 16:30:00', 3, 55, 47, 2, 1, 49, 51, 7, 2, 8, 16, 4, 5, 0, 4, 2, 1, 0, 0, 0, '2017-02-16 13:12:18', '2017-03-13 12:30:33'),
(540, '/games/630539/', 2016, '2016-10-22 16:30:00', 3, 54, 57, 0, 3, 46, 54, 1, 8, 6, 17, 5, 3, 2, 4, 0, 1, 1, 1, 0, '2017-02-16 13:12:18', '2017-03-13 12:29:58'),
(541, '/games/630544/', 2016, '2016-10-22 16:30:00', 3, 48, 50, 3, 1, 28, 72, 5, 1, 17, 15, 1, 4, 3, 2, 0, 2, 0, 0, 0, '2017-02-16 13:12:18', '2017-03-13 12:29:45'),
(542, '/games/630542/', 2016, '2016-10-21 21:30:00', 3, 45, 51, 0, 3, 41, 59, 0, 4, 16, 9, 0, 2, 4, 2, 1, 4, 1, 1, 0, '2017-02-16 13:12:18', '2017-03-13 12:29:32'),
(543, '/games/630551/', 2016, '2016-10-30 19:30:00', 3, 47, 45, 3, 0, 63, 37, 6, 2, 16, 17, 7, 4, 2, 1, 3, 1, 0, 0, 0, '2017-02-16 13:14:32', '2017-03-13 12:35:05'),
(544, '/games/630555/', 2016, '2016-10-30 17:30:00', 3, 57, 55, 1, 0, 56, 44, 7, 2, 10, 20, 7, 3, 4, 5, 0, 4, 0, 0, 0, '2017-02-16 13:14:32', '2017-03-13 12:34:44'),
(545, '/games/630547/', 2016, '2016-10-29 19:30:00', 3, 43, 52, 0, 0, 66, 34, 1, 2, 14, 21, 1, 4, 3, 6, 4, 4, 0, 0, 0, '2017-02-16 13:14:32', '2017-03-13 12:34:34'),
(546, '/games/630553/', 2016, '2016-10-29 16:30:00', 3, 42, 56, 1, 3, 56, 44, 4, 5, 25, 23, 4, 4, 2, 3, 1, 3, 0, 0, 0, '2017-02-16 13:14:32', '2017-03-13 12:33:01'),
(547, '/games/630549/', 2016, '2016-10-29 16:30:00', 3, 44, 46, 2, 0, 55, 45, 8, 2, 14, 9, 5, 0, 3, 2, 1, 1, 0, 0, 0, '2017-02-16 13:14:32', '2017-03-13 12:32:51'),
(548, '/games/630554/', 2016, '2016-10-29 16:30:00', 3, 48, 58, 0, 2, 34, 66, 0, 4, 12, 16, 2, 6, 3, 7, 4, 2, 0, 0, 0, '2017-02-16 13:14:32', '2017-03-13 12:34:21'),
(549, '/games/630552/', 2016, '2016-10-29 16:30:00', 3, 49, 41, 1, 3, 25, 75, 3, 8, 14, 6, 4, 10, 1, 3, 2, 0, 0, 0, 0, '2017-02-16 13:14:32', '2017-03-13 12:34:01'),
(550, '/games/630550/', 2016, '2016-10-29 16:30:00', 3, 50, 54, 1, 2, 48, 52, 2, 6, 15, 17, 1, 4, 0, 5, 1, 3, 0, 0, 0, '2017-02-16 13:14:32', '2017-03-13 12:33:28'),
(551, '/games/630548/', 2016, '2016-10-28 21:30:00', 3, 53, 51, 0, 0, 63, 37, 2, 1, 19, 15, 3, 6, 4, 2, 1, 2, 0, 0, 0, '2017-02-16 13:14:32', '2017-03-13 12:35:29'),
(552, '/games/630558/', 2016, '2016-11-06 19:30:00', 3, 52, 42, 3, 1, 53, 47, 6, 5, 13, 14, 3, 6, 4, 1, 2, 3, 0, 0, 0, '2017-02-16 13:16:22', '2017-03-13 13:19:53'),
(553, '/games/630564/', 2016, '2016-11-06 17:30:00', 3, 58, 44, 3, 1, 50, 50, 5, 3, 13, 12, 3, 6, 1, 2, 0, 3, 0, 0, 0, '2017-02-16 13:16:22', '2017-03-13 13:19:34'),
(554, '/games/630562/', 2016, '2016-11-05 20:30:00', 3, 51, 47, 1, 0, 49, 51, 1, 1, 20, 10, 4, 5, 0, 5, 3, 3, 0, 0, 0, '2017-02-16 13:16:22', '2017-03-13 13:19:22'),
(555, '/games/630560/', 2016, '2016-11-05 17:30:00', 3, 45, 43, 2, 5, 42, 58, 6, 6, 13, 15, 5, 3, 4, 4, 2, 0, 0, 0, 0, '2017-02-16 13:16:22', '2017-03-13 13:19:12'),
(556, '/games/630556/', 2016, '2016-11-05 17:30:00', 3, 41, 57, 1, 1, 66, 34, 5, 3, 7, 25, 8, 1, 3, 1, 0, 2, 0, 0, 0, '2017-02-16 13:16:22', '2017-03-13 13:19:02'),
(557, '/games/630563/', 2016, '2016-11-05 17:30:00', 3, 56, 50, 0, 3, 61, 39, 2, 5, 10, 19, 6, 9, 0, 2, 3, 2, 1, 1, 0, '2017-02-16 13:16:22', '2017-03-13 13:18:37'),
(558, '/games/630561/', 2016, '2016-11-05 17:30:00', 3, 46, 49, 0, 2, 49, 51, 5, 5, 15, 14, 3, 6, 0, 0, 2, 1, 1, 1, 0, '2017-02-16 13:16:22', '2017-03-13 13:18:27'),
(559, '/games/630557/', 2016, '2016-11-05 17:30:00', 3, 54, 48, 3, 2, 70, 30, 4, 3, 10, 10, 6, 5, 4, 2, 0, 1, 0, 0, 0, '2017-02-16 13:16:22', '2017-03-13 13:18:08'),
(560, '/games/630559/', 2016, '2016-11-04 22:30:00', 3, 55, 53, 3, 0, 50, 50, 6, 2, 14, 16, 4, 1, 2, 0, 2, 3, 0, 0, 0, '2017-02-16 13:16:22', '2017-03-13 13:17:43'),
(561, '/games/630571/', 2016, '2016-11-20 19:30:00', 3, 42, 51, 1, 2, 43, 57, 4, 9, 23, 18, 3, 6, 1, 3, 1, 2, 0, 0, 0, '2017-02-16 13:18:08', '2017-03-13 13:23:22'),
(562, '/games/630573/', 2016, '2016-11-20 17:30:00', 3, 57, 45, 2, 2, 60, 40, 5, 4, 12, 25, 8, 6, 2, 2, 1, 2, 0, 0, 0, '2017-02-16 13:18:08', '2017-03-13 13:23:12'),
(563, '/games/630565/', 2016, '2016-11-19 20:30:00', 3, 43, 41, 1, 0, 34, 66, 4, 3, 14, 14, 3, 9, 0, 4, 3, 2, 0, 0, 0, '2017-02-16 13:18:08', '2017-03-13 13:23:03'),
(564, '/games/630569/', 2016, '2016-11-19 17:30:00', 3, 50, 52, 0, 1, 44, 56, 0, 4, 17, 16, 3, 5, 3, 0, 2, 2, 0, 0, 0, '2017-02-16 13:18:08', '2017-03-13 13:22:49'),
(565, '/games/630567/', 2016, '2016-11-19 17:30:00', 3, 53, 47, 1, 2, 64, 36, 8, 4, 7, 22, 7, 3, 1, 6, 1, 5, 0, 0, 0, '2017-02-16 13:18:08', '2017-03-13 13:22:32'),
(566, '/games/630572/', 2016, '2016-11-19 17:30:00', 3, 48, 46, 0, 1, 42, 58, 4, 7, 19, 15, 8, 11, 0, 0, 1, 4, 0, 0, 0, '2017-02-16 13:18:08', '2017-03-13 13:22:02'),
(567, '/games/630570/', 2016, '2016-11-19 17:30:00', 3, 49, 55, 0, 0, 41, 59, 3, 4, 14, 16, 4, 3, 3, 0, 3, 1, 0, 0, 0, '2017-02-16 13:18:08', '2017-03-13 13:21:50'),
(568, '/games/630568/', 2016, '2016-11-19 17:30:00', 3, 44, 56, 4, 2, 35, 65, 6, 11, 21, 21, 3, 5, 4, 0, 4, 3, 0, 0, 0, '2017-02-16 13:18:08', '2017-03-13 13:21:39'),
(569, '/games/630566/', 2016, '2016-11-18 22:30:00', 3, 54, 58, 2, 3, 57, 43, 6, 4, 13, 15, 6, 9, 4, 3, 1, 3, 0, 0, 0, '2017-02-16 13:18:08', '2017-03-13 13:21:27'),
(570, '/games/630577/', 2016, '2016-11-27 19:30:00', 3, 55, 44, 2, 1, 65, 35, 5, 4, 12, 23, 5, 3, 2, 3, 2, 1, 1, 1, 0, '2017-02-16 13:20:15', '2017-03-13 13:27:59'),
(571, '/games/630576/', 2016, '2016-11-27 17:30:00', 3, 52, 48, 3, 1, 66, 34, 7, 2, 8, 13, 5, 6, 2, 3, 0, 2, 0, 0, 0, '2017-02-16 13:20:15', '2017-03-13 13:27:35'),
(572, '/games/630574/', 2016, '2016-11-26 20:30:00', 3, 41, 54, 2, 1, 56, 44, 8, 4, 8, 11, 6, 3, 3, 1, 0, 0, 0, 0, 0, '2017-02-16 13:20:15', '2017-03-13 13:27:15'),
(573, '/games/630581/', 2016, '2016-11-26 17:30:00', 3, 51, 43, 2, 1, 32, 68, 4, 5, 18, 13, 4, 5, 4, 5, 4, 3, 0, 0, 0, '2017-02-16 13:20:15', '2017-03-13 13:25:55'),
(574, '/games/630579/', 2016, '2016-11-26 17:30:00', 3, 45, 42, 2, 2, 51, 49, 7, 4, 17, 12, 5, 3, 3, 1, 2, 3, 0, 0, 0, '2017-02-16 13:20:15', '2017-03-13 13:25:16'),
(575, '/games/630575/', 2016, '2016-11-26 17:30:00', 3, 53, 57, 1, 1, 45, 55, 8, 4, 8, 17, 2, 6, 4, 2, 0, 2, 0, 0, 0, '2017-02-16 13:20:15', '2017-03-13 13:27:02'),
(576, '/games/630580/', 2016, '2016-11-26 17:30:00', 3, 46, 50, 1, 1, 39, 61, 5, 3, 12, 19, 4, 5, 2, 0, 2, 1, 0, 0, 0, '2017-02-16 13:20:15', '2017-03-13 13:26:40'),
(577, '/games/630578/', 2016, '2016-11-26 17:30:00', 3, 47, 49, 0, 0, 64, 36, 5, 2, 13, 15, 3, 5, 0, 1, 2, 3, 0, 0, 0, '2017-02-16 13:20:15', '2017-03-13 13:26:08'),
(578, '/games/630582/', 2016, '2016-11-25 22:30:00', 3, 56, 58, 1, 4, 53, 47, 3, 7, 10, 16, 4, 5, 1, 5, 2, 3, 0, 0, 0, '2017-02-16 13:20:15', '2017-03-13 13:25:00'),
(579, '/games/630587/', 2016, '2016-12-04 19:30:00', 3, 49, 51, 1, 1, 40, 60, 5, 4, 11, 13, 5, 2, 4, 2, 3, 2, 0, 0, 0, '2017-02-16 13:21:55', '2017-03-13 13:30:37'),
(580, '/games/630589/', 2016, '2016-12-04 17:30:00', 3, 48, 45, 0, 2, 54, 46, 2, 5, 16, 24, 1, 4, 4, 1, 2, 4, 0, 0, 0, '2017-02-16 13:21:55', '2017-03-13 13:30:28'),
(581, '/games/630591/', 2016, '2016-12-03 20:30:00', 3, 58, 52, 2, 1, 47, 53, 5, 5, 16, 20, 8, 5, 4, 5, 1, 5, 0, 0, 0, '2017-02-16 13:21:56', '2017-03-13 13:30:17'),
(582, '/games/630583/', 2016, '2016-12-03 17:30:00', 3, 43, 53, 4, 1, 65, 35, 7, 1, 10, 9, 9, 3, 1, 3, 1, 1, 0, 0, 0, '2017-02-16 13:21:56', '2017-03-13 13:28:37'),
(583, '/games/630590/', 2016, '2016-12-03 17:30:00', 3, 57, 47, 4, 0, 61, 39, 6, 1, 14, 11, 3, 4, 0, 3, 1, 1, 0, 0, 0, '2017-02-16 13:21:56', '2017-03-13 13:30:09'),
(584, '/games/630588/', 2016, '2016-12-03 17:30:00', 3, 42, 46, 2, 1, 48, 52, 5, 5, 18, 16, 3, 4, 1, 2, 0, 3, 0, 0, 0, '2017-02-16 13:21:56', '2017-03-13 13:29:41'),
(585, '/games/630586/', 2016, '2016-12-03 17:30:00', 3, 50, 55, 2, 3, 33, 67, 4, 8, 21, 9, 0, 2, 0, 1, 4, 2, 1, 1, 0, '2017-02-16 13:21:56', '2017-03-13 13:29:08'),
(586, '/games/630584/', 2016, '2016-12-03 17:30:00', 3, 54, 56, 1, 1, 68, 32, 6, 2, 10, 10, 4, 3, 3, 1, 0, 1, 0, 0, 0, '2017-02-16 13:21:56', '2017-03-13 13:28:56'),
(587, '/games/630585/', 2016, '2016-12-02 22:30:00', 3, 44, 41, 1, 3, 27, 73, 3, 6, 12, 13, 1, 5, 6, 3, 3, 2, 0, 0, 0, '2017-02-16 13:21:56', '2017-03-13 13:28:24'),
(588, '/games/630594/', 2016, '2016-12-11 19:30:00', 3, 52, 54, 0, 1, 31, 69, 1, 2, 10, 15, 4, 3, 2, 1, 3, 3, 1, 1, 0, '2017-02-16 13:23:21', '2017-03-13 13:34:27'),
(589, '/games/630593/', 2016, '2016-12-11 17:30:00', 3, 53, 44, 1, 0, 56, 44, 3, 4, 13, 15, 4, 1, 1, 3, 2, 1, 0, 0, 0, '2017-02-16 13:23:21', '2017-03-13 13:34:16'),
(590, '/games/630595/', 2016, '2016-12-10 20:30:00', 3, 55, 42, 0, 1, 59, 41, 4, 6, 17, 14, 5, 1, 2, 5, 0, 3, 0, 0, 0, '2017-02-16 13:23:21', '2017-03-13 13:34:00'),
(591, '/games/630600/', 2016, '2016-12-10 17:30:00', 3, 56, 48, 1, 0, 63, 37, 2, 4, 11, 9, 6, 5, 1, 3, 3, 4, 0, 0, 0, '2017-02-16 13:23:21', '2017-03-13 13:32:22'),
(592, '/games/630598/', 2016, '2016-12-10 17:30:00', 3, 46, 58, 1, 0, 30, 70, 1, 3, 19, 17, 3, 4, 2, 2, 2, 4, 1, 1, 0, '2017-02-16 13:23:21', '2017-03-13 13:32:00'),
(593, '/games/630596/', 2016, '2016-12-10 17:30:00', 3, 47, 43, 1, 1, 27, 73, 2, 4, 26, 18, 1, 6, 5, 1, 3, 3, 1, 1, 0, '2017-02-16 13:23:21', '2017-03-13 13:31:32'),
(594, '/games/630592/', 2016, '2016-12-10 17:30:00', 3, 41, 50, 5, 0, 68, 32, 10, 3, 13, 4, 10, 2, 1, 0, 1, 0, 0, 0, 0, '2017-02-16 13:23:21', '2017-03-13 13:33:31'),
(595, '/games/630597/', 2016, '2016-12-10 17:30:00', 3, 45, 49, 1, 0, 40, 60, 5, 1, 16, 16, 3, 5, 2, 3, 1, 4, 1, 1, 0, '2017-02-16 13:23:21', '2017-03-13 13:33:04'),
(596, '/games/630599/', 2016, '2016-12-09 22:30:00', 3, 51, 57, 0, 0, 43, 57, 3, 0, 28, 17, 11, 2, 2, 6, 5, 3, 1, 1, 0, '2017-02-16 13:23:21', '2017-03-13 13:31:14'),
(597, '/games/630601/', 2016, '2016-12-18 19:30:00', 3, 54, 46, 1, 2, 60, 40, 3, 7, 17, 16, 1, 4, 6, 4, 2, 2, 1, 1, 0, '2017-02-16 13:25:03', '2017-03-13 13:37:55'),
(598, '/games/630607/', 2016, '2016-12-18 17:30:00', 3, 48, 41, 0, 1, 21, 79, 2, 2, 18, 11, 3, 1, 2, 1, 1, 2, 0, 0, 0, '2017-02-16 13:25:03', '2017-03-13 13:37:45'),
(599, '/games/630604/', 2016, '2016-12-17 20:30:00', 3, 50, 51, 1, 0, 38, 62, 3, 1, 18, 18, 4, 2, 4, 3, 3, 4, 0, 0, 0, '2017-02-16 13:25:04', '2017-03-13 13:37:28'),
(600, '/games/630609/', 2016, '2016-12-17 17:30:00', 3, 58, 55, 2, 0, 64, 36, 8, 0, 10, 14, 9, 1, 2, 0, 1, 3, 0, 0, 0, '2017-02-16 13:25:04', '2017-03-13 13:37:18'),
(601, '/games/630605/', 2016, '2016-12-17 17:30:00', 3, 49, 53, 1, 0, 41, 59, 1, 3, 16, 12, 3, 0, 0, 1, 0, 0, 0, 0, 0, '2017-02-16 13:25:04', '2017-03-13 13:36:57'),
(602, '/games/630603/', 2016, '2016-12-17 17:30:00', 3, 44, 45, 3, 1, 56, 44, 8, 3, 12, 15, 6, 6, 5, 1, 2, 3, 0, 0, 0, '2017-02-16 13:25:04', '2017-03-13 13:36:36'),
(603, '/games/630606/', 2016, '2016-12-17 17:30:00', 3, 42, 47, 1, 1, 53, 47, 5, 5, 17, 17, 4, 5, 2, 3, 1, 4, 0, 0, 0, '2017-02-16 13:25:04', '2017-03-13 13:36:21'),
(604, '/games/630602/', 2016, '2016-12-17 17:30:00', 3, 52, 56, 1, 1, 65, 35, 2, 2, 12, 9, 9, 1, 4, 0, 1, 0, 0, 0, 0, '2017-02-16 13:25:04', '2017-03-13 13:36:11'),
(605, '/games/630608/', 2016, '2016-12-16 22:30:00', 3, 57, 43, 2, 2, 53, 47, 5, 4, 22, 18, 2, 4, 4, 1, 5, 2, 0, 0, 0, '2017-02-16 13:25:04', '2017-03-13 13:35:44'),
(606, '/games/630617/', 2016, '2016-12-21 22:00:00', 3, 57, 42, 1, 1, 61, 39, 3, 3, 11, 19, 5, 9, 1, 1, 2, 2, 0, 0, 0, '2017-02-16 13:26:29', '2017-03-13 13:41:55');
INSERT INTO `play` (`id`, `link`, `year`, `date`, `league_id`, `home_team_id`, `away_team_id`, `home_score_full`, `away_score_full`, `h_tid_posses`, `a_tid_posses`, `h_tid_shot_on_goal`, `a_tid_shot_on_goal`, `h_tid_foul`, `a_tid_foul`, `h_tid_corner`, `a_tid_corner`, `h_tid_offside`, `a_tid_offside`, `h_tid_yellow_cart`, `a_tid_yellow_cart`, `h_tid_red_cart`, `a_tid_red_cart`, `delay`, `created_at`, `updated_at`) VALUES
(607, '/games/630613/', 2016, '2016-12-21 22:00:00', 3, 55, 48, 2, 0, 66, 34, 5, 0, 13, 15, 6, 4, 0, 3, 1, 3, 0, 0, 0, '2017-02-16 13:26:29', '2017-03-13 13:40:26'),
(608, '/games/630616/', 2016, '2016-12-21 22:00:00', 3, 46, 56, 1, 2, 54, 46, 6, 5, 17, 12, 6, 3, 2, 2, 4, 2, 0, 0, 0, '2017-02-16 13:26:29', '2017-03-13 13:42:39'),
(609, '/games/630614/', 2016, '2016-12-21 22:00:00', 3, 47, 54, 1, 1, 45, 55, 2, 6, 7, 16, 4, 5, 1, 1, 0, 0, 0, 0, 0, '2017-02-16 13:26:29', '2017-03-13 13:42:27'),
(610, '/games/630610/', 2016, '2016-12-21 22:00:00', 3, 41, 58, 3, 0, 76, 24, 11, 2, 13, 13, 9, 4, 4, 1, 1, 1, 0, 0, 0, '2017-02-16 13:26:29', '2017-03-13 13:42:10'),
(611, '/games/630615/', 2016, '2016-12-20 22:00:00', 3, 45, 52, 2, 1, 45, 55, 7, 3, 13, 11, 4, 5, 3, 6, 2, 4, 0, 0, 0, '2017-02-16 13:26:29', '2017-03-13 13:38:44'),
(612, '/games/630611/', 2016, '2016-12-20 22:00:00', 3, 43, 49, 1, 1, 74, 26, 8, 3, 10, 19, 6, 2, 1, 3, 1, 2, 0, 0, 0, '2017-02-16 13:26:29', '2017-03-13 13:38:29'),
(613, '/games/630618/', 2016, '2016-12-20 22:00:00', 3, 51, 44, 3, 0, 57, 43, 4, 6, 14, 9, 6, 6, 1, 5, 3, 0, 0, 0, 0, '2017-02-16 13:26:29', '2017-03-13 13:39:56'),
(614, '/games/630612/', 2016, '2016-12-20 22:00:00', 3, 53, 50, 1, 2, 61, 39, 4, 7, 18, 18, 5, 6, 0, 0, 1, 2, 0, 0, 0, '2017-02-16 13:26:29', '2017-03-13 13:43:11'),
(615, '/games/630621/', 2017, '2017-01-22 19:30:00', 3, 44, 47, 0, 0, 44, 56, 5, 3, 12, 10, 5, 5, 0, 3, 1, 1, 0, 0, 0, '2017-02-16 13:28:27', '2017-03-13 13:46:15'),
(616, '/games/630619/', 2017, '2017-01-22 17:30:00', 3, 54, 55, 3, 1, 55, 45, 9, 3, 14, 15, 7, 3, 1, 4, 0, 2, 0, 0, 0, '2017-02-16 13:28:27', '2017-03-13 13:46:00'),
(617, '/games/630627/', 2017, '2017-01-21 20:30:00', 3, 58, 51, 3, 0, 71, 29, 7, 3, 8, 15, 3, 3, 5, 0, 1, 2, 0, 0, 0, '2017-02-16 13:28:27', '2017-03-13 13:45:50'),
(618, '/games/630624/', 2017, '2017-01-21 17:30:00', 3, 42, 43, 1, 2, 42, 58, 5, 8, 16, 12, 3, 5, 5, 4, 3, 1, 1, 1, 0, '2017-02-16 13:28:27', '2017-03-13 13:45:38'),
(619, '/games/630622/', 2017, '2017-01-21 17:30:00', 3, 50, 45, 1, 0, 73, 27, 3, 1, 15, 23, 5, 3, 0, 0, 2, 2, 0, 0, 0, '2017-02-16 13:28:27', '2017-03-13 13:45:02'),
(620, '/games/630620/', 2017, '2017-01-21 17:30:00', 3, 52, 46, 1, 0, 52, 48, 5, 3, 11, 16, 7, 3, 6, 1, 1, 0, 0, 0, 0, '2017-02-16 13:28:27', '2017-03-13 13:44:43'),
(621, '/games/630625/', 2017, '2017-01-21 17:30:00', 3, 48, 53, 0, 0, 34, 66, 2, 4, 12, 16, 4, 6, 1, 2, 1, 1, 0, 0, 0, '2017-02-16 13:28:27', '2017-03-13 13:44:24'),
(622, '/games/630623/', 2017, '2017-01-21 17:30:00', 3, 49, 57, 0, 2, 48, 52, 2, 3, 18, 14, 4, 4, 1, 1, 3, 4, 0, 0, 0, '2017-02-16 13:28:27', '2017-03-13 13:43:51'),
(623, '/games/630626/', 2017, '2017-01-20 22:30:00', 3, 56, 41, 1, 2, 25, 75, 3, 5, 8, 7, 1, 11, 1, 3, 2, 2, 0, 0, 0, '2017-02-16 13:28:27', '2017-03-13 13:43:40'),
(624, '/games/630630/', 2017, '2017-01-29 19:30:00', 3, 44, 43, 1, 1, 39, 61, 1, 4, 13, 13, 2, 4, 3, 3, 2, 1, 0, 0, 0, '2017-02-16 13:30:39', '2017-03-13 13:49:54'),
(625, '/games/630635/', 2017, '2017-01-29 17:30:00', 3, 56, 55, 2, 1, 39, 61, 4, 2, 11, 18, 6, 4, 2, 3, 0, 2, 0, 0, 0, '2017-02-16 13:30:39', '2017-03-13 13:49:45'),
(626, '/games/630628/', 2017, '2017-01-28 20:30:00', 3, 54, 53, 2, 3, 60, 40, 4, 7, 12, 8, 9, 5, 0, 1, 0, 0, 0, 0, 0, '2017-02-16 13:30:39', '2017-03-13 13:49:32'),
(627, '/games/630632/', 2017, '2017-01-28 17:30:00', 3, 46, 45, 3, 1, 45, 55, 7, 3, 13, 18, 1, 6, 1, 0, 0, 2, 0, 0, 0, '2017-02-16 13:30:39', '2017-03-13 13:47:22'),
(628, '/games/630633/', 2017, '2017-01-28 17:30:00', 3, 42, 41, 1, 2, 36, 64, 4, 4, 17, 16, 2, 7, 3, 2, 4, 1, 0, 0, 0, '2017-02-16 13:30:39', '2017-03-13 13:49:19'),
(629, '/games/630631/', 2017, '2017-01-28 17:30:00', 3, 50, 49, 1, 2, 62, 38, 5, 5, 13, 17, 5, 6, 0, 1, 2, 2, 0, 0, 0, '2017-02-16 13:30:39', '2017-03-13 13:48:48'),
(630, '/games/630636/', 2017, '2017-01-28 17:30:00', 3, 58, 57, 2, 1, 61, 39, 5, 2, 17, 16, 7, 4, 6, 1, 3, 3, 0, 0, 0, '2017-02-16 13:30:39', '2017-03-13 13:48:23'),
(631, '/games/630634/', 2017, '2017-01-28 17:30:00', 3, 48, 47, 1, 6, 43, 57, 4, 7, 24, 20, 3, 4, 4, 1, 2, 4, 0, 0, 0, '2017-02-16 13:30:39', '2017-03-13 13:47:32'),
(632, '/games/630629/', 2017, '2017-01-27 22:30:00', 3, 52, 51, 0, 1, 52, 48, 2, 1, 18, 17, 3, 2, 7, 1, 2, 1, 0, 0, 0, '2017-02-16 13:30:39', '2017-03-13 13:46:52'),
(633, '/games/630645/', 2017, '2017-02-05 19:30:00', 3, 51, 48, 2, 0, 71, 29, 6, 0, 7, 16, 8, 2, 2, 3, 2, 4, 0, 0, 0, '2017-02-16 13:32:47', '2017-03-13 13:52:27'),
(634, '/games/630643/', 2017, '2017-02-05 17:30:00', 3, 49, 42, 3, 2, 40, 60, 7, 4, 13, 12, 2, 4, 0, 0, 3, 2, 0, 0, 0, '2017-02-16 13:32:47', '2017-03-13 13:52:16'),
(635, '/games/630638/', 2017, '2017-02-04 20:30:00', 3, 43, 58, 1, 0, 56, 44, 4, 1, 15, 17, 5, 2, 5, 4, 1, 3, 0, 0, 0, '2017-02-16 13:32:47', '2017-03-13 13:52:03'),
(636, '/games/630641/', 2017, '2017-02-04 17:30:00', 3, 47, 50, 1, 0, 46, 54, 2, 2, 14, 21, 6, 6, 2, 2, 4, 3, 0, 0, 0, '2017-02-16 13:32:47', '2017-03-13 13:51:43'),
(637, '/games/630639/', 2017, '2017-02-04 17:30:00', 3, 53, 56, 3, 0, 48, 52, 3, 4, 9, 10, 3, 8, 0, 1, 1, 1, 0, 0, 0, '2017-02-16 13:32:47', '2017-03-13 13:51:21'),
(638, '/games/630637/', 2017, '2017-02-04 17:30:00', 3, 41, 52, 1, 1, 60, 40, 4, 3, 14, 15, 8, 3, 3, 4, 1, 1, 0, 0, 0, '2017-02-16 13:32:48', '2017-03-13 13:51:10'),
(639, '/games/630644/', 2017, '2017-02-04 17:30:00', 3, 57, 44, 4, 0, 57, 43, 7, 2, 14, 13, 3, 6, 1, 0, 2, 2, 0, 0, 0, '2017-02-16 13:32:48', '2017-03-13 13:50:59'),
(640, '/games/630640/', 2017, '2017-02-04 17:30:00', 3, 55, 46, 1, 0, 53, 47, 2, 4, 15, 20, 1, 3, 0, 3, 2, 2, 0, 0, 0, '2017-02-16 13:32:48', '2017-03-13 13:50:47'),
(641, '/games/630642/', 2017, '2017-02-03 22:30:00', 3, 45, 54, 1, 0, 39, 61, 3, 0, 13, 23, 4, 3, 5, 1, 0, 3, 0, 0, 0, '2017-02-16 13:32:48', '2017-03-13 13:50:33'),
(642, '/games/630653/', 2017, '2017-02-12 19:30:00', 3, 56, 47, 2, 1, 58, 42, 6, 5, 17, 15, 7, 1, 0, 4, 1, 1, 0, 0, 0, '2017-02-16 13:35:40', '2017-03-13 13:55:11'),
(643, '/games/630649/', 2017, '2017-02-12 17:30:00', 3, 50, 57, 2, 1, 38, 62, 7, 7, 16, 18, 4, 5, 2, 3, 3, 2, 0, 0, 0, '2017-02-16 13:35:40', '2017-03-13 13:54:50'),
(644, '/games/630647/', 2017, '2017-02-11 20:30:00', 3, 52, 55, 2, 0, 56, 44, 3, 2, 20, 17, 2, 2, 3, 2, 1, 2, 0, 0, 0, '2017-02-16 13:35:40', '2017-03-13 13:54:23'),
(645, '/games/630654/', 2017, '2017-02-11 17:30:00', 3, 58, 45, 0, 3, 68, 32, 0, 5, 10, 17, 3, 6, 4, 5, 2, 2, 0, 0, 0, '2017-02-16 13:35:40', '2017-03-13 13:54:02'),
(646, '/games/630652/', 2017, '2017-02-11 17:30:00', 3, 48, 43, 2, 1, 35, 65, 7, 4, 10, 20, 0, 12, 3, 2, 2, 2, 0, 0, 0, '2017-02-16 13:35:40', '2017-03-13 13:53:52'),
(647, '/games/630650/', 2017, '2017-02-11 17:30:00', 3, 46, 41, 0, 2, 29, 71, 0, 5, 15, 14, 2, 4, 1, 4, 2, 1, 0, 0, 0, '2017-02-16 13:35:40', '2017-03-13 13:53:43'),
(648, '/games/630646/', 2017, '2017-02-11 17:30:00', 3, 54, 51, 3, 0, 50, 50, 7, 3, 10, 10, 7, 6, 3, 2, 2, 1, 0, 0, 0, '2017-02-16 13:35:40', '2017-03-13 13:53:30'),
(649, '/games/630651/', 2017, '2017-02-11 17:30:00', 3, 42, 53, 0, 1, 60, 40, 6, 3, 16, 17, 9, 3, 1, 4, 2, 2, 0, 0, 0, '2017-02-16 13:35:41', '2017-03-13 13:53:19'),
(650, '/games/630648/', 2017, '2017-02-10 22:30:00', 3, 44, 49, 2, 0, 48, 52, 4, 6, 10, 15, 6, 2, 1, 0, 1, 3, 0, 0, 0, '2017-02-16 13:35:41', '2017-03-13 13:53:01'),
(652, '/games/638774/', 2017, '2017-02-17 22:45:00', 1, 7, 6, 4, 1, 44, 56, 8, 2, 18, 9, 4, 7, 5, 3, 4, 1, 1, 1, 0, '2017-02-18 11:42:07', '2017-03-13 14:43:34'),
(654, 'games/638778/', 2017, '2017-02-18 15:00:00', 1, 11, 15, 1, 4, 55, 45, 2, 6, 12, 10, 12, 3, 0, 6, 1, 1, 0, 0, 0, '2017-02-19 19:35:21', '2017-03-13 14:43:57'),
(655, 'games/638770/', 2017, '2017-02-18 18:15:00', 1, 14, 10, 2, 0, 68, 32, 3, 1, 12, 13, 13, 2, 4, 1, 3, 4, 0, 0, 0, '2017-02-19 19:35:21', '2017-03-13 14:44:11'),
(656, '/games/638776/', 2017, '2017-02-18 20:30:00', 1, 3, 16, 0, 1, 59, 41, 4, 4, 13, 13, 10, 6, 2, 4, 5, 3, 0, 0, 0, '2017-02-19 19:35:21', '2017-03-13 14:44:27'),
(657, '/games/638773/', 2017, '2017-02-18 22:45:00', 1, 9, 4, 2, 0, 56, 44, 5, 3, 13, 11, 5, 2, 10, 3, 2, 3, 0, 0, 0, '2017-02-19 19:35:21', '2017-03-13 14:44:41'),
(658, '/games/638771/', 2017, '2017-02-19 14:00:00', 1, 13, 8, 0, 1, 64, 36, 0, 3, 8, 19, 7, 4, 5, 1, 2, 4, 0, 0, 0, '2017-02-19 19:35:21', '2017-03-13 14:45:05'),
(659, '/games/638775/', 2017, '2017-02-19 18:15:00', 1, 19, 12, 2, 0, 58, 42, 5, 5, 17, 11, 3, 1, 6, 2, 0, 1, 0, 0, 0, '2017-02-19 19:35:21', '2017-03-13 14:45:17'),
(660, '/games/638769/', 2017, '2017-02-19 20:30:00', 1, 17, 2, 3, 0, 60, 40, 4, 3, 14, 18, 3, 5, 7, 0, 1, 0, 0, 0, 0, '2017-02-19 19:35:21', '2017-03-13 14:45:33'),
(661, '/games/630661/', 2017, '2017-02-17 22:30:00', 3, 49, 54, 1, 3, 51, 49, 4, 10, 12, 14, 2, 4, 3, 1, 3, 1, 0, 0, 0, '2017-02-20 16:41:49', '2017-03-13 14:49:35'),
(662, 'games/630655/', 2017, '2017-02-18 17:30:00', 3, 43, 50, 3, 0, 62, 38, 10, 3, 17, 15, 9, 2, 6, 2, 2, 1, 0, 0, 0, '2017-02-20 16:41:49', '2017-03-13 14:49:59'),
(663, '/games/630657/', 2017, '2017-02-18 17:30:00', 3, 44, 42, 0, 2, 63, 37, 5, 4, 14, 10, 7, 6, 3, 0, 3, 4, 0, 0, 0, '2017-02-20 16:41:49', '2017-03-13 14:53:06'),
(664, 'games/630658/', 2017, '2017-02-18 17:30:00', 3, 55, 41, 1, 1, 29, 71, 2, 7, 19, 10, 3, 4, 3, 4, 2, 3, 0, 0, 0, '2017-02-20 16:41:49', '2017-03-13 14:51:14'),
(665, '/games/630662/', 2017, '2017-02-18 17:30:00', 3, 57, 48, 2, 0, 58, 42, 5, 4, 12, 19, 4, 2, 3, 2, 3, 4, 0, 0, 0, '2017-02-20 16:41:49', '2017-03-13 14:51:19'),
(666, 'games/630663/', 2017, '2017-02-18 17:30:00', 3, 51, 46, 0, 2, 51, 49, 6, 11, 16, 12, 4, 5, 4, 3, 4, 0, 1, 1, 0, '2017-02-20 16:41:49', '2017-03-13 14:53:29'),
(667, '/games/630660/', 2017, '2017-02-18 20:30:00', 3, 45, 56, 2, 2, 48, 52, 4, 3, 15, 9, 7, 5, 3, 2, 3, 2, 0, 0, 0, '2017-02-20 16:41:49', '2017-03-13 14:55:14'),
(668, '/games/630656/', 2017, '2017-02-19 17:30:00', 3, 53, 58, 1, 2, 55, 45, 3, 5, 18, 17, 8, 3, 7, 7, 4, 3, 0, 0, 0, '2017-02-20 16:41:49', '2017-03-13 14:54:13'),
(669, '/games/630659/', 2017, '2017-02-19 19:30:00', 3, 47, 52, 1, 1, 50, 51, 4, 4, 12, 14, 5, 0, 8, 1, 2, 3, 0, 0, 0, '2017-02-20 16:41:49', '2017-03-13 14:54:48'),
(670, 'games/638777/', 2017, '2017-02-19 22:45:00', 1, 5, 18, 2, 1, 72, 28, 6, 6, 8, 18, 4, 4, 0, 1, 1, 3, 0, 0, 0, '2017-02-21 15:20:38', '2017-03-13 14:46:33'),
(671, '/games/638772/', 2017, '2017-02-20 22:45:00', 1, 1, 20, 2, 1, 38, 62, 6, 4, 23, 14, 2, 6, 7, 6, 4, 4, 1, 0, 0, '2017-02-21 15:20:38', '2017-03-13 14:46:47'),
(672, '/games/638781/', 2017, '2017-02-24 22:45:00', 1, 20, 13, 0, 1, 61, 39, 6, 2, 14, 19, 6, 1, 4, 2, 2, 2, 0, 0, 0, '2017-02-26 12:19:28', '2017-03-13 14:56:36'),
(673, '/games/638785/', 2017, '2017-02-25 15:00:00', 1, 16, 19, 2, 1, 44, 56, 5, 2, 13, 16, 2, 1, 3, 3, 4, 3, 0, 1, 0, '2017-02-26 12:19:28', '2017-03-13 14:56:52'),
(674, '/games/638783/', 2017, '2017-02-25 18:15:00', 1, 6, 9, 1, 2, 44, 56, 4, 4, 19, 17, 4, 4, 1, 1, 3, 3, 0, 0, 0, '2017-02-26 12:19:28', '2017-03-13 14:57:05'),
(675, '/games/638786/', 2017, '2017-02-25 20:30:00', 1, 18, 3, 4, 0, 52, 48, 5, 3, 18, 13, 2, 7, 1, 0, 2, 5, 0, 1, 0, '2017-02-26 12:19:28', '2017-03-13 14:57:40'),
(676, '/games/638782/', 2017, '2017-02-25 22:45:00', 1, 4, 1, 3, 0, 59, 41, 4, 2, 11, 18, 2, 2, 6, 2, 2, 5, 0, 1, 0, '2017-02-26 12:19:28', '2017-03-13 14:57:51'),
(677, '/games/625404/', 2017, '2017-02-25 18:00:00', 2, 39, 26, 3, 1, 66, 34, 5, 2, 11, 14, 8, 1, 1, 0, 1, 3, 0, 0, 0, '2017-02-26 12:24:16', '2017-03-13 15:30:49'),
(678, '/games/625405/', 2017, '2017-02-25 18:00:00', 2, 27, 29, 1, 0, 46, 54, 3, 4, 13, 15, 4, 2, 2, 0, 3, 1, 0, 0, 0, '2017-02-26 12:24:16', '2017-03-13 15:32:22'),
(679, '/games/625406/', 2017, '2017-02-25 18:00:00', 2, 31, 34, 2, 0, 63, 37, 8, 1, 10, 16, 10, 6, 1, 0, 0, 2, 0, 0, 0, '2017-02-26 12:24:16', '2017-03-13 15:32:05'),
(680, '/games/625407/', 2017, '2017-02-25 18:00:00', 2, 21, 25, 1, 1, 66, 34, 1, 3, 8, 13, 6, 3, 0, 6, 1, 2, 0, 1, 0, '2017-02-26 12:24:16', '2017-03-13 15:31:21'),
(681, '/games/625413/', 2017, '2017-02-25 18:00:00', 2, 28, 35, 2, 1, 32, 68, 4, 4, 12, 5, 8, 6, 4, 0, 2, 0, 0, 0, 0, '2017-02-26 12:24:16', '2017-03-13 15:31:07'),
(682, '/games/625412/', 2017, '2017-02-25 20:30:00', 2, 24, 40, 1, 1, 36, 64, 1, 2, 18, 14, 4, 6, 2, 2, 4, 2, 0, 1, 0, '2017-02-26 12:24:16', '2017-03-13 15:33:05'),
(683, '/games/638782/', 2017, '2017-02-24 22:30:00', 3, 50, 42, 1, 2, 65, 35, 6, 3, 13, 15, 13, 1, 1, 0, 1, 3, 0, 0, 0, '2017-02-26 12:30:16', '2017-03-13 14:59:19'),
(684, '/games/630664/', 2017, '2017-02-25 17:30:00', 3, 41, 45, 8, 0, 72, 28, 12, 1, 16, 11, 4, 4, 2, 2, 0, 1, 0, 0, 0, '2017-02-26 12:30:16', '2017-03-13 15:00:06'),
(685, '/games/630665/', 2017, '2017-02-25 17:30:00', 3, 54, 44, 0, 2, 63, 37, 3, 5, 20, 17, 9, 8, 0, 4, 1, 3, 0, 0, 0, '2017-02-26 12:30:16', '2017-03-13 15:01:27'),
(686, '/games/630670/', 2017, '2017-02-25 17:30:00', 3, 48, 49, 1, 2, 55, 45, 2, 3, 17, 16, 1, 1, 1, 2, 1, 0, 0, 0, 0, '2017-02-26 12:30:16', '2017-03-13 15:00:45'),
(687, '/games/630671/', 2017, '2017-02-25 17:30:00', 3, 56, 43, 0, 3, 36, 64, 3, 10, 8, 10, 5, 3, 3, 2, 1, 0, 0, 0, 0, '2017-02-26 12:30:16', '2017-03-13 14:59:53'),
(688, '/games/630672/', 2017, '2017-02-25 17:30:00', 3, 58, 47, 3, 1, 52, 48, 5, 1, 15, 10, 3, 0, 3, 1, 1, 4, 0, 0, 0, '2017-02-26 12:30:17', '2017-03-13 15:01:07'),
(689, '/games/630667/', 2017, '2017-02-25 20:30:00', 3, 55, 51, 2, 0, 57, 43, 4, 2, 11, 16, 3, 6, 4, 2, 2, 2, 0, 0, 0, '2017-02-26 12:30:17', '2017-03-13 15:02:00'),
(690, '/games/638779/', 2017, '2017-02-26 14:00:00', 1, 10, 2, 3, 0, 68, 32, 6, 1, 11, 10, 10, 2, 4, 1, 1, 4, 0, 1, 0, '2017-02-27 16:39:19', '2017-03-13 15:05:36'),
(691, '/games/638787/', 2017, '2017-02-26 18:15:00', 1, 15, 5, 1, 2, 37, 63, 4, 6, 28, 14, 6, 5, 3, 0, 4, 2, 0, 0, 0, '2017-02-27 16:39:19', '2017-03-13 15:03:41'),
(692, '/games/638784/', 2017, '2017-02-26 20:30:00', 1, 12, 7, 3, 1, 55, 45, 7, 2, 14, 16, 0, 3, 2, 3, 1, 5, 0, 0, 0, '2017-02-27 16:39:19', '2017-03-13 15:04:09'),
(693, '/games/638788/', 2017, '2017-02-26 20:30:00', 1, 11, 17, 1, 1, 37, 63, 6, 5, 9, 17, 7, 5, 3, 3, 2, 4, 1, 0, 0, '2017-02-27 16:39:19', '2017-03-13 15:03:56'),
(694, '/games/638780/', 2017, '2017-02-26 22:45:00', 1, 8, 14, 2, 3, 50, 50, 4, 6, 15, 6, 5, 5, 1, 3, 4, 2, 0, 0, 0, '2017-02-27 16:39:19', '2017-03-13 15:04:33'),
(702, '/games/630669/', 2017, '2017-02-26 17:30:00', 3, 46, 53, 0, 2, 52, 48, 3, 4, 11, 14, 6, 4, 2, 4, 2, 0, 0, 0, 0, '2017-02-27 16:53:52', '2017-03-13 15:02:40'),
(703, '/games/630666/', 2017, '2017-02-26 19:30:00', 3, 52, 57, 1, 1, 41, 59, 2, 4, 20, 13, 6, 3, 2, 2, 0, 2, 0, 0, 0, '2017-02-27 16:53:52', '2017-03-13 15:03:05'),
(704, '/games/638792/', 2017, '2017-02-28 21:30:00', 1, 13, 4, 2, 2, 56, 44, 7, 4, 12, 20, 3, 5, 1, 2, 4, 5, 1, 1, 0, '2017-03-04 17:10:40', '2017-03-13 15:06:13'),
(705, '/games/638793/', 2017, '2017-02-28 23:30:00', 1, 1, 6, 1, 2, 61, 39, 4, 5, 8, 16, 7, 5, 2, 2, 3, 5, 0, 0, 0, '2017-03-04 17:10:40', '2017-03-13 15:06:52'),
(706, '/games/638796/', 2017, '2017-02-28 23:30:00', 1, 19, 18, 1, 0, 56, 44, 6, 0, 12, 26, 7, 3, 1, 3, 3, 3, 1, 0, 0, '2017-03-04 17:10:40', '2017-03-13 15:06:37'),
(707, '/games/638790/', 2017, '2017-03-01 21:30:00', 1, 2, 8, 1, 4, 45, 55, 3, 6, 10, 13, 8, 2, 2, 4, 3, 3, 0, 0, 0, '2017-03-04 17:10:40', '2017-03-13 15:07:39'),
(708, '/games/638798/', 2017, '2017-03-01 21:30:00', 1, 5, 11, 6, 1, 74, 26, 9, 2, 14, 12, 10, 3, 4, 2, 1, 3, 0, 0, 0, '2017-03-04 17:10:40', '2017-03-13 15:07:07'),
(709, '/games/638789/', 2017, '2017-03-01 23:30:00', 1, 17, 10, 2, 2, 51, 49, 4, 2, 16, 8, 1, 2, 1, 0, 3, 2, 1, 0, 0, '2017-03-04 17:10:40', '2017-03-13 15:07:43'),
(710, '/games/638791/', 2017, '2017-03-01 23:30:00', 1, 14, 20, 3, 3, 44, 56, 7, 8, 15, 16, 7, 4, 8, 1, 5, 3, 1, 0, 0, '2017-03-04 17:10:40', '2017-03-13 15:08:12'),
(711, '/games/638795/', 2017, '2017-03-01 23:30:00', 1, 7, 16, 2, 1, 44, 56, 6, 5, 19, 15, 4, 4, 2, 4, 6, 6, 0, 2, 0, '2017-03-04 17:10:40', '2017-03-13 15:08:26'),
(712, '/games/638797/', 2017, '2017-03-02 22:45:00', 1, 3, 15, 1, 1, 44, 56, 2, 4, 14, 10, 7, 2, 0, 1, 3, 1, 0, 0, 0, '2017-03-04 17:10:40', '2017-03-13 15:08:58'),
(713, '/games/638794/', 2017, '2017-03-02 23:30:00', 1, 9, 12, 1, 0, 47, 53, 4, 4, 16, 10, 6, 9, 1, 1, 6, 2, 0, 0, 0, '2017-03-04 17:10:40', '2017-03-13 15:09:10'),
(714, '/games/638802/', 2017, '2017-03-03 22:45:00', 1, 6, 13, 2, 3, 46, 54, 5, 6, 18, 15, 7, 6, 0, 1, 4, 2, 0, 0, 0, '2017-03-04 17:23:19', '2017-03-13 15:09:31'),
(715, '/games/638805/', 2017, '2017-03-04 15:00:00', 1, 18, 7, 1, 0, 62, 38, 4, 1, 17, 19, 7, 4, 5, 2, 3, 2, 0, 0, 0, '2017-03-04 17:23:19', '2017-03-13 15:09:48'),
(716, '/games/638801/', 2017, '2017-03-04 18:15:00', 1, 4, 14, 1, 4, 49, 51, 2, 7, 13, 14, 4, 4, 2, 6, 1, 2, 0, 0, 0, '2017-03-04 17:23:19', '2017-03-13 15:09:59'),
(717, '/games/638799/', 2017, '2017-03-04 20:30:00', 1, 8, 10, 2, 0, 51, 49, 6, 2, 13, 18, 1, 1, 3, 2, 2, 2, 0, 0, 0, '2017-03-05 14:25:32', '2017-03-13 15:10:14'),
(718, '/games/638808/', 2017, '2017-03-04 22:45:00', 1, 5, 17, 5, 0, 64, 36, 9, 2, 10, 16, 10, 1, 3, 1, 1, 3, 0, 0, 0, '2017-03-05 14:25:32', '2017-03-13 15:10:34'),
(719, '/games/638807/', 2017, '2017-03-05 14:00:00', 1, 11, 3, 0, 1, 50, 50, 2, 3, 11, 13, 6, 4, 5, 1, 4, 5, 0, 0, 0, '2017-03-05 14:25:32', '2017-03-13 15:10:54'),
(728, '/games/625411/', 2017, '2017-02-26 16:30:00', 2, 32, 30, 4, 0, 64, 36, 9, 3, 11, 14, 8, 5, 1, 2, 2, 3, 0, 0, 0, '2017-03-05 16:35:58', '2017-03-13 15:29:02'),
(729, '/games/625408/', 2017, '2017-02-27 23:00:00', 2, 22, 38, 3, 1, 31, 69, 7, 7, 8, 5, 5, 12, 3, 2, 0, 0, 0, 0, 0, '2017-03-05 16:35:58', '2017-03-13 15:29:16'),
(738, '', 2017, '2017-02-25 00:00:00', 2, 23, 37, 0, 0, 0, 0, 0, 0, 0, 0, 0, 0, 0, 0, 0, 0, 0, 0, 1, '2017-03-06 20:09:48', '2017-03-06 20:09:48'),
(739, '', 2017, '2017-02-26 00:00:00', 2, 33, 36, 0, 0, 0, 0, 0, 0, 0, 0, 0, 0, 0, 0, 0, 0, 0, 0, 1, '2017-03-06 20:09:48', '2017-03-06 20:09:48'),
(740, '/games/638806/', 2017, '2017-03-05 18:15:00', 1, 15, 19, 3, 0, 43, 57, 8, 2, 17, 9, 6, 2, 2, 1, 1, 2, 0, 0, 0, '2017-03-07 16:49:04', '2017-03-13 15:11:09'),
(741, '/games/638800/', 2017, '2017-03-05 20:30:00', 1, 20, 2, 5, 2, 73, 27, 8, 4, 7, 21, 5, 1, 2, 2, 4, 4, 0, 0, 0, '2017-03-07 16:49:04', '2017-03-13 15:11:21'),
(742, '/games/638803/', 2017, '2017-03-05 22:45:00', 1, 12, 1, 1, 0, 59, 41, 3, 2, 13, 18, 8, 2, 1, 2, 3, 5, 0, 0, 0, '2017-03-07 16:49:04', '2017-03-13 15:11:34'),
(743, '/games/638804/', 2017, '2017-03-06 22:45:00', 1, 16, 9, 1, 1, 45, 55, 4, 1, 12, 16, 2, 2, 2, 3, 2, 5, 0, 0, 0, '2017-03-07 16:49:04', '2017-03-13 15:11:48'),
(744, '/games/625416/', 2017, '2017-03-04 15:30:00', 2, 36, 35, 1, 1, 68, 32, 7, 1, 9, 11, 15, 2, 3, 0, 3, 3, 0, 1, 0, '2017-03-07 17:02:49', '2017-03-13 15:25:46'),
(745, '/games/625414/', 2017, '2017-03-04 18:00:00', 2, 22, 21, 3, 1, 50, 50, 5, 4, 12, 13, 10, 4, 1, 0, 1, 1, 0, 0, 0, '2017-03-07 17:02:50', '2017-03-20 17:16:21'),
(746, '/games/625417/', 2017, '2017-03-04 18:00:00', 2, 30, 29, 2, 0, 55, 45, 8, 2, 16, 20, 6, 1, 1, 4, 1, 2, 0, 0, 0, '2017-03-07 17:02:50', '2017-03-13 15:26:56'),
(747, '/games/625419/', 2017, '2017-03-04 18:00:00', 2, 26, 25, 3, 2, 71, 29, 10, 4, 7, 13, 9, 2, 1, 1, 2, 2, 0, 0, 0, '2017-03-07 17:02:50', '2017-03-13 15:27:09'),
(748, '/games/625421/', 2017, '2017-03-04 18:00:00', 2, 24, 23, 3, 4, 37, 63, 4, 11, 16, 9, 6, 5, 2, 2, 3, 2, 0, 0, 0, '2017-03-07 17:02:50', '2017-03-13 15:27:45'),
(749, '/games/625422/', 2017, '2017-03-04 18:00:00', 2, 28, 27, 0, 2, 52, 48, 1, 4, 8, 12, 5, 5, 0, 0, 0, 1, 0, 0, 0, '2017-03-07 17:02:50', '2017-03-13 15:26:43'),
(750, '/games/625415/', 2017, '2017-03-04 20:30:00', 2, 38, 37, 3, 1, 52, 48, 7, 3, 8, 15, 9, 3, 5, 3, 1, 2, 0, 0, 0, '2017-03-07 17:02:50', '2017-03-13 15:27:56'),
(751, '/games/625420/', 2017, '2017-03-05 16:30:00', 2, 32, 31, 3, 2, 51, 49, 7, 4, 9, 14, 7, 2, 2, 4, 1, 2, 0, 0, 0, '2017-03-07 17:02:50', '2017-03-13 15:28:05'),
(752, '/games/625418/', 2017, '2017-03-05 19:00:00', 2, 34, 33, 0, 2, 29, 71, 3, 7, 11, 4, 6, 4, 4, 3, 1, 0, 0, 0, 0, '2017-03-07 17:06:18', '2017-03-13 15:28:16'),
(753, '/games/625423/', 2017, '2017-03-06 23:00:00', 2, 40, 39, 1, 2, 52, 48, 2, 4, 8, 8, 6, 4, 1, 1, 0, 1, 0, 0, 0, '2017-03-07 17:06:18', '2017-03-13 15:28:26'),
(763, '/games/630678/', 2017, '2017-03-03 22:30:00', 3, 49, 58, 2, 2, 33, 67, 2, 5, 15, 15, 1, 6, 7, 5, 4, 2, 0, 0, 0, '2017-03-12 09:09:12', '2017-03-13 15:22:15'),
(764, '/games/630673/', 2017, '2017-03-04 17:30:00', 3, 43, 54, 6, 2, 54, 46, 12, 3, 8, 20, 7, 3, 2, 2, 0, 6, 0, 0, 0, '2017-03-12 09:09:12', '2017-03-13 15:22:28'),
(765, '/games/630675/', 2017, '2017-03-04 17:30:00', 3, 44, 50, 1, 1, 38, 62, 2, 5, 15, 12, 4, 6, 0, 0, 0, 0, 0, 0, 0, '2017-03-12 09:09:12', '2017-03-13 15:22:39'),
(766, '/games/630676/', 2017, '2017-03-04 17:30:00', 3, 47, 41, 0, 3, 25, 75, 2, 8, 11, 9, 2, 9, 1, 1, 0, 2, 0, 0, 0, '2017-03-12 09:09:12', '2017-03-13 15:23:29'),
(767, '/games/630679/', 2017, '2017-03-04 17:30:00', 3, 42, 48, 2, 0, 42, 58, 4, 3, 10, 17, 2, 7, 1, 2, 1, 1, 0, 0, 0, '2017-03-12 09:09:12', '2017-03-13 15:23:55'),
(768, '/games/630680/', 2017, '2017-03-04 17:30:00', 3, 57, 46, 5, 2, 60, 40, 12, 4, 19, 21, 3, 6, 5, 3, 2, 2, 0, 0, 0, '2017-03-12 09:09:12', '2017-03-13 15:24:25'),
(769, '/games/630674/', 2017, '2017-03-04 20:30:00', 3, 53, 52, 4, 2, 39, 61, 7, 2, 6, 16, 3, 2, 4, 5, 0, 4, 0, 0, 0, '2017-03-12 09:09:12', '2017-03-13 15:24:38'),
(770, '/games/630677/', 2017, '2017-03-05 19:30:00', 3, 45, 55, 1, 0, 42, 58, 3, 1, 14, 11, 5, 2, 3, 2, 1, 2, 0, 0, 0, '2017-03-12 09:09:12', '2017-03-13 15:25:03'),
(771, '/games/630681/', 2017, '2017-03-05 17:30:00', 3, 51, 56, 1, 2, 47, 53, 3, 3, 13, 14, 12, 1, 3, 3, 2, 1, 0, 0, 0, '2017-03-12 09:25:16', '2017-03-13 15:24:50'),
(772, 'games/630683/', 2017, '2017-03-10 22:30:00', 3, 54, 42, 1, 1, 53, 47, 7, 3, 12, 12, 4, 3, 0, 5, 1, 2, 1, 0, 0, '2017-03-12 09:37:14', '2017-03-13 15:19:06'),
(773, '/games/630682/', 2017, '2017-03-11 17:30:00', 3, 41, 51, 3, 0, 72, 29, 7, 4, 11, 8, 3, 2, 4, 1, 2, 3, 0, 0, 0, '2017-03-12 09:37:14', '2017-03-13 15:19:32'),
(774, '/games/630688/', 2017, '2017-03-11 17:30:00', 3, 55, 43, 2, 1, 32, 68, 4, 2, 7, 15, 4, 8, 2, 2, 2, 4, 0, 0, 0, '2017-03-12 09:37:14', '2017-03-13 15:19:41'),
(775, '/games/630685/', 2017, '2017-03-11 17:30:00', 3, 48, 44, 2, 1, 42, 58, 5, 6, 16, 17, 5, 11, 1, 1, 3, 3, 1, 1, 0, '2017-03-12 09:37:14', '2017-03-13 15:20:12'),
(776, '/games/630689/', 2017, '2017-03-11 17:30:00', 3, 56, 57, 1, 1, 41, 59, 4, 7, 12, 11, 6, 6, 6, 1, 2, 2, 0, 0, 0, '2017-03-12 09:37:14', '2017-03-13 15:20:51'),
(777, '/games/630690/', 2017, '2017-03-11 17:30:00', 3, 58, 50, 0, 1, 57, 43, 6, 5, 16, 17, 7, 3, 3, 4, 3, 4, 0, 0, 0, '2017-03-12 09:37:14', '2017-03-13 15:20:00'),
(778, '/games/630687/', 2017, '2017-03-11 20:30:00', 3, 46, 47, 2, 2, 57, 43, 9, 2, 13, 24, 11, 0, 1, 1, 4, 3, 0, 0, 0, '2017-03-12 09:37:14', '2017-03-13 15:21:00'),
(779, '/games/625431/', 2017, '2017-03-08 23:00:00', 2, 33, 30, 0, 0, 65, 35, 1, 2, 8, 11, 8, 1, 1, 1, 1, 3, 0, 0, 0, '2017-03-12 11:25:34', '2017-03-13 15:17:47'),
(780, '', 2017, '2017-03-11 00:00:00', 2, 37, 22, 0, 0, 0, 0, 0, 0, 0, 0, 0, 0, 0, 0, 0, 0, 0, 0, 1, '2017-03-12 11:25:34', '2017-03-12 11:25:34'),
(781, '', 2017, '2017-03-11 00:00:00', 2, 27, 32, 0, 0, 0, 0, 0, 0, 0, 0, 0, 0, 0, 0, 0, 0, 0, 0, 1, '2017-03-12 11:25:34', '2017-03-12 11:25:34'),
(782, '', 2017, '2017-03-11 00:00:00', 2, 29, 34, 0, 0, 0, 0, 0, 0, 0, 0, 0, 0, 0, 0, 0, 0, 0, 0, 1, '2017-03-12 11:25:34', '2017-03-13 15:17:05'),
(783, '/games/625424/', 2017, '2017-03-11 18:00:00', 2, 35, 40, 3, 2, 52, 48, 9, 7, 20, 15, 5, 6, 0, 0, 4, 2, 0, 0, 0, '2017-03-12 11:25:34', '2017-03-13 15:16:44'),
(784, '/games/625429/', 2017, '2017-03-11 18:00:00', 2, 31, 28, 3, 0, 63, 37, 5, 2, 8, 12, 4, 6, 0, 0, 1, 2, 0, 0, 0, '2017-03-12 11:25:34', '2017-03-13 15:16:14'),
(785, '/games/625430/', 2017, '2017-03-11 18:00:00', 2, 21, 26, 2, 1, 50, 50, 7, 3, 14, 5, 2, 7, 7, 3, 3, 1, 0, 0, 0, '2017-03-12 11:25:34', '2017-03-13 15:14:55'),
(786, '', 2017, '2017-03-12 16:30:00', 2, 23, 36, 0, 0, 0, 0, 0, 0, 0, 0, 0, 0, 0, 0, 0, 0, 0, 0, 1, '2017-03-12 11:25:34', '2017-03-12 11:25:34'),
(787, '', 2017, '2017-03-13 23:00:00', 2, 39, 24, 0, 0, 0, 0, 0, 0, 0, 0, 0, 0, 0, 0, 0, 0, 0, 0, 1, '2017-03-12 11:25:34', '2017-03-12 11:25:34'),
(788, '/games/638810/', 2017, '2017-03-10 22:45:00', 1, 10, 20, 4, 3, 33, 67, 6, 5, 18, 12, 2, 5, 1, 1, 2, 4, 0, 0, 0, '2017-03-12 12:52:24', '2017-03-13 15:12:33'),
(789, '/games/638817/', 2017, '2017-03-11 15:00:00', 1, 19, 11, 1, 1, 59, 41, 7, 4, 15, 20, 7, 8, 3, 3, 3, 5, 0, 0, 0, '2017-03-12 12:52:24', '2017-03-13 15:12:47'),
(790, '/games/638815/', 2017, '2017-03-11 18:15:00', 1, 9, 18, 1, 1, 63, 37, 4, 4, 20, 20, 4, 1, 2, 0, 2, 3, 0, 0, 0, '2017-03-12 12:52:24', '2017-03-13 15:13:00'),
(791, '/games/638814/', 2017, '2017-03-11 20:30:00', 1, 1, 16, 1, 2, 58, 42, 9, 2, 17, 13, 5, 3, 0, 1, 2, 2, 0, 1, 0, '2017-03-12 12:52:24', '2017-03-13 15:13:13'),
(792, '/games/638816/', 2017, '2017-03-11 22:45:00', 1, 7, 15, 0, 1, 51, 49, 2, 6, 14, 15, 4, 9, 0, 6, 4, 3, 1, 0, 0, '2017-03-12 12:52:24', '2017-03-13 15:13:39'),
(793, '/games/638813/', 2017, '2017-03-12 14:00:00', 1, 13, 12, 0, 2, 61, 39, 4, 5, 15, 22, 8, 3, 4, 2, 3, 6, 0, 0, 0, '2017-03-20 16:17:21', '2017-03-21 16:51:00'),
(794, '/games/638818/', 2017, '2017-03-12 18:15:00', 1, 3, 5, 2, 1, 30, 71, 9, 5, 7, 8, 4, 8, 4, 4, 2, 0, 0, 0, 0, '2017-03-20 16:22:35', '2017-03-21 16:51:18'),
(795, '/games/638809/', 2017, '2017-03-12 20:30:00', 1, 17, 8, 0, 1, 59, 40, 1, 4, 8, 11, 3, 3, 1, 0, 4, 5, 0, 0, 0, '2017-03-20 16:24:25', '2017-03-21 16:51:48'),
(796, '/games/638812/', 2017, '2017-03-12 22:45:00', 1, 14, 6, 2, 1, 70, 30, 4, 4, 8, 21, 8, 4, 7, 2, 1, 1, 0, 1, 0, '2017-03-20 16:29:12', '2017-03-21 16:52:19'),
(797, '/games/638811/', 2017, '2017-03-13 22:45:00', 1, 2, 4, 1, 1, 43, 57, 6, 7, 15, 14, 6, 6, 2, 5, 4, 4, 0, 0, 0, '2017-03-20 16:31:51', '2017-03-21 16:52:37'),
(798, '/games/625165/', 2017, '2017-03-12 19:00:00', 2, 38, 25, 2, 1, 65, 35, 3, 1, 12, 16, 11, 1, 3, 3, 2, 2, 0, 0, 0, '2017-03-20 16:42:02', '2017-03-21 16:56:21'),
(799, '/games/625442/', 2017, '2017-03-18 15:30:00', 2, 28, 37, 3, 1, 23, 77, 8, 2, 5, 6, 4, 5, 2, 1, 1, 0, 0, 0, 0, '2017-03-20 17:11:18', '2017-03-20 17:11:18'),
(800, '/games/625435/', 2017, '2017-03-18 18:00:00', 2, 27, 24, 1, 0, 44, 56, 0, 2, 8, 15, 3, 2, 1, 1, 0, 2, 0, 0, 0, '2017-03-20 17:11:18', '2017-03-20 17:15:40'),
(801, '/games/625436/', 2017, '2017-03-18 18:00:00', 2, 31, 21, 4, 0, 51, 49, 8, 0, 9, 7, 5, 8, 4, 0, 2, 0, 0, 1, 0, '2017-03-20 17:11:18', '2017-03-20 17:11:18'),
(802, '/games/625439/', 2017, '2017-03-18 18:00:00', 2, 30, 39, 1, 2, 36, 64, 1, 7, 16, 11, 5, 11, 3, 2, 5, 2, 1, 0, 0, '2017-03-20 17:11:18', '2017-03-20 17:11:18'),
(803, '/games/625440/', 2017, '2017-03-18 18:00:00', 2, 34, 25, 0, 0, 44, 56, 5, 3, 14, 7, 3, 5, 0, 1, 3, 1, 0, 0, 0, '2017-03-20 17:11:18', '2017-03-20 17:11:18'),
(804, '/games/625443/', 2017, '2017-03-18 18:00:00', 2, 40, 22, 2, 3, 59, 41, 7, 5, 10, 14, 6, 5, 2, 0, 0, 1, 0, 0, 0, '2017-03-20 17:11:18', '2017-03-20 17:11:18'),
(805, '/games/625434/', 2017, '2017-03-18 20:30:00', 2, 35, 26, 2, 0, 48, 52, 6, 1, 10, 9, 2, 4, 2, 1, 0, 2, 0, 0, 0, '2017-03-20 17:11:18', '2017-03-20 17:11:18'),
(806, '/games/625438/', 2017, '2017-03-19 15:00:00', 2, 29, 36, 1, 3, 64, 36, 3, 6, 9, 8, 8, 3, 0, 1, 1, 1, 0, 0, 0, '2017-03-20 17:11:18', '2017-03-20 17:11:18'),
(807, '/games/625441/', 2017, '2017-03-19 17:15:00', 2, 32, 23, 2, 1, 51, 49, 6, 3, 12, 13, 5, 1, 2, 7, 3, 3, 0, 0, 0, '2017-03-20 17:11:18', '2017-03-20 17:11:18'),
(808, '/games/625437/', 2017, '2017-03-19 19:30:00', 2, 33, 38, 1, 1, 60, 40, 3, 4, 14, 7, 9, 8, 6, 2, 3, 3, 0, 0, 0, '2017-03-20 17:11:18', '2017-03-20 17:14:30'),
(809, '/games/630684/', 2017, '2017-03-12 17:30:00', 3, 52, 49, 3, 0, 66, 34, 7, 3, 20, 10, 7, 4, 0, 2, 3, 0, 0, 0, 0, '2017-03-21 16:11:37', '2017-03-21 16:57:16'),
(810, '/games/630686/', 2017, '2017-03-12 19:30:00', 3, 45, 53, 2, 1, 47, 53, 6, 3, 8, 18, 8, 4, 5, 1, 1, 2, 0, 0, 0, '2017-03-21 16:13:39', '2017-03-21 16:57:28'),
(811, '/games/630691/', 2017, '2017-03-17 22:30:00', 3, 43, 46, 1, 0, 55, 45, 2, 2, 12, 23, 4, 2, 1, 4, 1, 3, 0, 0, 0, '2017-03-21 18:28:18', '2017-03-21 18:28:18'),
(812, '/games/630694/', 2017, '2017-03-18 17:30:00', 3, 50, 48, 1, 0, 58, 42, 4, 1, 15, 14, 6, 4, 0, 1, 2, 3, 0, 0, 0, '2017-03-21 18:28:18', '2017-03-21 18:28:18'),
(813, '/games/630695/', 2017, '2017-03-18 17:30:00', 3, 47, 55, 4, 2, 29, 71, 6, 6, 12, 12, 2, 9, 1, 1, 2, 3, 0, 0, 0, '2017-03-21 18:28:18', '2017-03-21 18:28:18'),
(814, '/games/630696/', 2017, '2017-03-18 17:30:00', 3, 49, 56, 1, 1, 51, 49, 3, 3, 16, 21, 3, 1, 1, 0, 2, 2, 0, 0, 0, '2017-03-21 18:28:18', '2017-03-21 18:28:18'),
(815, '/games/630697/', 2017, '2017-03-18 17:30:00', 3, 42, 58, 3, 0, 44, 56, 4, 2, 11, 18, 4, 5, 1, 4, 2, 1, 0, 0, 0, '2017-03-21 18:28:18', '2017-03-21 18:28:18'),
(816, '/games/630698/', 2017, '2017-03-18 17:30:00', 3, 57, 54, 1, 0, 64, 36, 4, 7, 12, 14, 2, 7, 0, 3, 1, 1, 0, 0, 0, '2017-03-21 18:28:18', '2017-03-21 18:28:18'),
(817, '/games/630699/', 2017, '2017-03-18 20:30:00', 3, 51, 45, 0, 0, 51, 49, 1, 0, 19, 24, 4, 7, 2, 1, 1, 1, 0, 0, 0, '2017-03-21 18:28:18', '2017-03-21 18:28:18'),
(818, '/games/630693/', 2017, '2017-03-19 17:30:00', 3, 44, 52, 0, 1, 51, 49, 5, 5, 10, 15, 10, 4, 2, 0, 2, 4, 0, 0, 0, '2017-03-21 18:28:18', '2017-03-21 18:28:18'),
(819, '/games/630692/', 2017, '2017-03-19 19:30:00', 3, 53, 41, 0, 1, 31, 69, 1, 6, 5, 11, 5, 4, 2, 4, 0, 2, 0, 0, 0, '2017-03-21 18:28:18', '2017-03-21 18:28:18'),
(820, '/games/638827/', 2017, '2017-03-19 22:45:00', 1, 5, 19, 4, 2, 72, 28, 12, 5, 4, 12, 6, 3, 2, 2, 3, 4, 0, 1, 0, '2017-04-04 19:56:36', '2017-04-04 19:56:36'),
(821, '/games/638828/', 2017, '2017-03-19 20:30:00', 1, 3, 17, 0, 1, 48, 52, 2, 2, 21, 12, 3, 1, 0, 2, 4, 4, 0, 0, 0, '2017-04-04 19:56:36', '2017-04-04 19:56:36'),
(822, '/games/638826/', 2017, '2017-03-19 20:30:00', 1, 11, 7, 3, 1, 44, 56, 11, 5, 12, 14, 6, 3, 5, 2, 2, 3, 0, 0, 0, '2017-04-04 19:56:36', '2017-04-04 19:56:36'),
(823, '/games/638825/', 2017, '2017-03-19 18:15:00', 1, 15, 9, 3, 1, 39, 61, 8, 2, 16, 14, 2, 2, 1, 2, 4, 3, 0, 0, 0, '2017-04-04 19:56:36', '2017-04-04 19:56:36'),
(824, '/games/638824/', 2017, '2017-03-19 14:00:00', 1, 18, 1, 0, 0, 49, 51, 2, 1, 11, 16, 6, 7, 1, 3, 4, 2, 0, 0, 0, '2017-04-04 19:56:36', '2017-04-04 19:56:36'),
(825, '/games/638821/', 2017, '2017-03-18 22:45:00', 1, 6, 2, 2, 0, 54, 46, 5, 5, 12, 15, 5, 0, 3, 2, 0, 3, 0, 0, 0, '2017-04-04 19:56:36', '2017-04-04 19:56:36'),
(826, '/games/638823/', 2017, '2017-03-18 20:30:00', 1, 16, 13, 1, 0, 42, 58, 5, 2, 14, 13, 5, 8, 1, 0, 3, 4, 0, 1, 0, '2017-04-04 19:56:36', '2017-04-04 19:56:36'),
(827, '/games/638822/', 2017, '2017-03-18 18:15:00', 1, 12, 14, 1, 2, 52, 48, 5, 4, 17, 13, 5, 5, 4, 5, 1, 4, 0, 0, 0, '2017-04-04 19:56:36', '2017-04-04 19:56:36'),
(828, '/games/638820/', 2017, '2017-03-18 15:00:00', 1, 4, 10, 1, 1, 58, 42, 4, 1, 12, 13, 6, 2, 1, 2, 2, 4, 0, 0, 0, '2017-04-04 19:56:37', '2017-04-04 19:56:37'),
(829, '/games/638819/', 2017, '2017-03-17 22:45:00', 1, 20, 8, 1, 0, 61, 39, 10, 3, 14, 14, 8, 5, 1, 1, 3, 2, 0, 1, 0, '2017-04-04 19:56:37', '2017-04-04 19:56:37'),
(830, '/games/625449/', 2017, '2017-04-01 14:30:00', 2, 38, 31, 3, 1, 52, 48, 6, 4, 17, 10, 2, 3, 1, 0, 1, 3, 0, 0, 0, '2017-04-04 20:22:07', '2017-04-04 20:22:07'),
(831, '/games/625445/', 2017, '2017-04-01 17:00:00', 2, 25, 32, 0, 2, 38, 62, 3, 8, 9, 6, 3, 7, 4, 1, 2, 0, 0, 0, 0, '2017-04-04 20:22:07', '2017-04-04 20:22:07'),
(832, '/games/625446/', 2017, '2017-04-01 17:00:00', 2, 39, 27, 1, 2, 65, 35, 11, 3, 13, 14, 9, 3, 5, 2, 3, 2, 0, 0, 0, '2017-04-04 20:22:07', '2017-04-04 20:22:07'),
(833, '/games/625447/', 2017, '2017-04-01 17:00:00', 2, 21, 40, 2, 1, 46, 54, 3, 3, 16, 9, 5, 5, 2, 1, 2, 2, 0, 0, 0, '2017-04-04 20:22:07', '2017-04-04 20:22:07'),
(834, '/games/625448/', 2017, '2017-04-01 17:00:00', 2, 22, 30, 2, 0, 48, 52, 11, 4, 7, 11, 10, 4, 1, 4, 1, 4, 0, 0, 0, '2017-04-04 20:22:07', '2017-04-04 20:22:07'),
(835, '/games/625450/', 2017, '2017-04-01 17:00:00', 2, 36, 28, 0, 0, 75, 25, 3, 1, 15, 13, 6, 1, 0, 0, 3, 3, 0, 0, 0, '2017-04-04 20:22:07', '2017-04-04 20:22:07'),
(836, '/games/625453/', 2017, '2017-04-01 17:00:00', 2, 24, 34, 1, 0, 53, 47, 11, 4, 12, 8, 13, 9, 1, 0, 1, 3, 0, 0, 0, '2017-04-04 20:22:07', '2017-04-04 20:22:07'),
(837, '/games/625451/', 2017, '2017-04-01 19:30:00', 2, 23, 35, 0, 0, 56, 44, 4, 3, 14, 8, 6, 3, 4, 1, 1, 0, 0, 0, 0, '2017-04-04 20:22:07', '2017-04-04 20:22:07'),
(838, '/games/625452/', 2017, '2017-04-02 15:30:00', 2, 26, 29, 0, 0, 62, 38, 5, 0, 9, 17, 11, 3, 1, 0, 2, 3, 0, 0, 0, '2017-04-04 20:22:07', '2017-04-04 20:22:07'),
(839, '/games/625444/', 2017, '2017-04-02 18:00:00', 2, 37, 33, 2, 2, 46, 54, 3, 5, 8, 15, 3, 8, 5, 6, 3, 2, 0, 0, 0, '2017-04-04 20:22:07', '2017-04-04 20:22:07'),
(840, '/games/630703/', 2017, '2017-03-31 21:30:00', 3, 55, 57, 1, 3, 36, 64, 3, 8, 18, 13, 0, 8, 1, 1, 3, 1, 1, 0, 0, '2017-04-05 18:25:38', '2017-04-05 18:33:24'),
(841, '/games/630700/', 2017, '2017-04-01 16:30:00', 3, 41, 49, 6, 0, 66, 34, 9, 1, 6, 8, 5, 1, 3, 1, 0, 2, 0, 0, 0, '2017-04-05 18:25:38', '2017-04-05 18:25:38'),
(842, '/games/630702/', 2017, '2017-04-01 16:30:00', 3, 52, 43, 1, 1, 45, 55, 3, 2, 13, 17, 9, 4, 6, 2, 1, 2, 0, 0, 0, '2017-04-05 18:25:38', '2017-04-05 18:25:38'),
(843, '/games/630704/', 2017, '2017-04-01 16:30:00', 3, 45, 47, 2, 1, 53, 47, 6, 4, 19, 13, 5, 1, 4, 2, 2, 3, 0, 0, 0, '2017-04-05 18:25:38', '2017-04-05 18:25:38'),
(844, '/games/630707/', 2017, '2017-04-01 16:30:00', 3, 56, 42, 2, 5, 63, 37, 4, 7, 9, 12, 5, 5, 1, 2, 2, 1, 0, 0, 0, '2017-04-05 18:25:38', '2017-04-05 18:25:38'),
(845, '/games/630708/', 2017, '2017-04-01 16:30:00', 3, 58, 48, 4, 0, 56, 44, 11, 1, 13, 15, 10, 4, 3, 2, 1, 3, 0, 1, 0, '2017-04-05 18:25:38', '2017-04-05 18:25:38'),
(846, '/games/630706/', 2017, '2017-04-01 19:30:00', 3, 51, 53, 0, 0, 57, 43, 5, 1, 12, 12, 10, 1, 1, 2, 4, 3, 0, 1, 0, '2017-04-05 18:25:38', '2017-04-05 18:25:38'),
(847, '/games/630705/', 2017, '2017-04-02 16:30:00', 3, 46, 44, 2, 1, 44, 56, 4, 1, 25, 26, 4, 4, 3, 3, 4, 3, 0, 0, 0, '2017-04-05 18:25:38', '2017-04-05 18:25:38'),
(848, '/games/630701/', 2017, '2017-04-02 18:30:00', 3, 54, 50, 3, 3, 43, 57, 6, 9, 18, 14, 2, 10, 1, 0, 1, 2, 0, 0, 0, '2017-04-05 18:25:38', '2017-04-05 18:25:38'),
(849, '/games/638831/', 2017, '2017-03-31 21:45:00', 1, 10, 6, 2, 1, 49, 51, 5, 3, 16, 14, 4, 4, 2, 1, 2, 1, 0, 0, 0, '2017-04-05 18:55:48', '2017-04-05 18:59:31'),
(850, '/games/638830/', 2017, '2017-04-01 14:00:00', 1, 8, 4, 2, 3, 58, 42, 8, 5, 9, 10, 11, 5, 3, 0, 4, 3, 0, 0, 0, '2017-04-05 18:55:48', '2017-04-05 18:55:48'),
(851, '/games/638832/', 2017, '2017-04-01 17:15:00', 1, 2, 12, 1, 2, 46, 54, 7, 4, 17, 9, 6, 3, 1, 2, 4, 2, 0, 0, 0, '2017-04-05 18:55:48', '2017-04-05 18:55:48'),
(852, '/games/638834/', 2017, '2017-04-01 19:30:00', 1, 13, 18, 1, 1, 71, 29, 5, 4, 11, 16, 7, 0, 4, 2, 2, 3, 0, 0, 0, '2017-04-05 18:55:48', '2017-04-05 18:55:48'),
(853, '/games/638835/', 2017, '2017-04-01 21:45:00', 1, 1, 15, 0, 2, 64, 36, 5, 6, 9, 12, 6, 0, 0, 1, 2, 2, 0, 0, 0, '2017-04-05 18:55:48', '2017-04-05 18:55:48'),
(854, '/games/638836/', 2017, '2017-04-02 13:00:00', 1, 9, 11, 0, 0, 63, 37, 7, 2, 17, 13, 9, 5, 2, 1, 3, 4, 0, 0, 0, '2017-04-05 18:55:48', '2017-04-05 18:55:48'),
(855, '/games/638833/', 2017, '2017-04-02 17:15:00', 1, 14, 16, 3, 0, 55, 45, 5, 2, 12, 16, 3, 3, 4, 1, 0, 2, 0, 0, 0, '2017-04-05 18:55:48', '2017-04-05 18:55:48'),
(856, '/games/638838/', 2017, '2017-04-02 19:30:00', 1, 19, 3, 3, 0, 48, 52, 8, 5, 17, 13, 3, 6, 2, 3, 3, 1, 0, 0, 0, '2017-04-05 18:55:48', '2017-04-05 18:55:48'),
(857, '/games/638837/', 2017, '2017-04-02 21:45:00', 1, 7, 5, 1, 4, 36, 64, 5, 14, 15, 10, 1, 9, 0, 7, 2, 3, 1, 0, 0, '2017-04-05 18:55:48', '2017-04-05 18:55:48'),
(858, '/games/638829/', 2017, '2017-04-03 21:45:00', 1, 17, 20, 3, 1, 49, 51, 11, 7, 14, 10, 4, 6, 4, 1, 3, 3, 0, 0, 0, '2017-04-05 18:55:48', '2017-04-05 18:55:48'),
(859, '/games/638841/', 2017, '2017-04-04 20:30:00', 1, 12, 10, 2, 0, 61, 39, 4, 2, 19, 16, 5, 1, 0, 2, 1, 3, 0, 0, 0, '2017-04-10 14:47:18', '2017-04-10 14:47:18'),
(860, '/games/638840/', 2017, '2017-04-04 22:30:00', 1, 6, 8, 0, 1, 52, 48, 3, 2, 11, 15, 5, 2, 1, 2, 2, 2, 0, 0, 0, '2017-04-10 14:47:18', '2017-04-10 14:47:18'),
(861, '/games/638844/', 2017, '2017-04-04 22:30:00', 1, 15, 13, 1, 0, 51, 49, 9, 1, 18, 12, 6, 4, 3, 0, 0, 4, 0, 0, 0, '2017-04-10 14:47:18', '2017-04-10 14:47:18'),
(862, '/games/638846/', 2017, '2017-04-05 20:30:00', 1, 5, 9, 3, 0, 54, 46, 7, 3, 16, 14, 4, 4, 0, 1, 4, 2, 0, 1, 0, '2017-04-10 14:47:18', '2017-04-10 14:47:18'),
(863, '/games/638842/', 2017, '2017-04-05 21:30:00', 1, 16, 2, 0, 1, 63, 37, 4, 5, 20, 12, 5, 1, 1, 2, 5, 1, 0, 0, 0, '2017-04-10 14:47:18', '2017-04-10 14:47:18'),
(864, '/games/638845/', 2017, '2017-04-05 21:30:00', 1, 11, 1, 0, 1, 58, 42, 5, 3, 13, 17, 7, 1, 1, 1, 2, 5, 0, 0, 0, '2017-04-10 14:47:19', '2017-04-10 14:47:19'),
(865, '/games/638847/', 2017, '2017-04-05 21:30:00', 1, 3, 7, 0, 0, 53, 47, 5, 2, 14, 10, 6, 3, 2, 0, 1, 4, 0, 0, 0, '2017-04-10 14:47:19', '2017-04-10 14:47:19'),
(866, '/games/638843/', 2017, '2017-04-05 22:30:00', 1, 18, 14, 2, 4, 40, 60, 3, 8, 14, 16, 4, 4, 1, 1, 2, 1, 0, 0, 0, '2017-04-10 14:47:19', '2017-04-10 14:47:19'),
(867, '/games/638839/', 2017, '2017-04-06 20:30:00', 1, 4, 20, 3, 1, 55, 45, 6, 5, 13, 12, 9, 2, 4, 5, 2, 5, 0, 0, 0, '2017-04-10 14:47:19', '2017-04-10 14:47:19'),
(868, '/games/638848/', 2017, '2017-04-06 22:30:00', 1, 19, 17, 3, 2, 50, 50, 9, 3, 15, 9, 6, 2, 1, 1, 1, 1, 0, 0, 0, '2017-04-10 14:47:19', '2017-04-10 14:47:19'),
(869, '/games/625455/', 2017, '2017-04-04 21:45:00', 2, 25, 30, 1, 0, 48, 52, 4, 6, 9, 16, 3, 5, 4, 3, 3, 2, 0, 0, 0, '2017-04-10 15:09:41', '2017-04-10 15:09:41'),
(870, '/games/625457/', 2017, '2017-04-04 21:45:00', 2, 22, 34, 2, 0, 48, 52, 7, 3, 12, 13, 5, 6, 1, 3, 0, 1, 0, 0, 0, '2017-04-10 15:09:41', '2017-04-10 15:09:41'),
(871, '/games/625459/', 2017, '2017-04-04 21:45:00', 2, 24, 28, 2, 0, 56, 44, 2, 2, 11, 14, 5, 6, 1, 0, 2, 4, 1, 0, 0, '2017-04-10 15:09:41', '2017-04-10 15:09:41'),
(872, '/games/625460/', 2017, '2017-04-04 22:00:00', 2, 36, 31, 1, 1, 62, 38, 5, 4, 10, 18, 6, 5, 3, 3, 1, 4, 0, 1, 0, '2017-04-10 15:09:41', '2017-04-10 15:09:41'),
(873, '/games/625454/', 2017, '2017-04-05 21:45:00', 2, 37, 40, 3, 0, 66, 34, 8, 2, 11, 5, 5, 0, 2, 3, 2, 2, 0, 0, 0, '2017-04-10 15:09:41', '2017-04-10 15:09:41'),
(874, '/games/625456/', 2017, '2017-04-05 21:45:00', 2, 21, 29, 4, 2, 47, 53, 5, 4, 13, 12, 8, 4, 1, 1, 2, 1, 0, 0, 0, '2017-04-10 15:09:41', '2017-04-10 15:09:41'),
(875, '/games/625458/', 2017, '2017-04-05 21:45:00', 2, 26, 32, 1, 3, 38, 62, 1, 7, 6, 9, 5, 7, 3, 4, 1, 1, 0, 0, 0, '2017-04-10 15:09:41', '2017-04-10 15:09:41'),
(876, '/games/625462/', 2017, '2017-04-05 21:45:00', 2, 23, 27, 3, 1, 56, 44, 9, 3, 16, 11, 11, 11, 1, 1, 2, 1, 0, 0, 0, '2017-04-10 15:09:41', '2017-04-10 15:09:41'),
(877, '/games/625461/', 2017, '2017-04-05 22:00:00', 2, 39, 33, 2, 1, 43, 57, 5, 8, 8, 14, 2, 9, 1, 1, 1, 3, 0, 0, 0, '2017-04-10 15:09:41', '2017-04-10 15:09:41'),
(878, '/games/625463/', 2017, '2017-04-05 22:00:00', 2, 38, 35, 2, 2, 67, 33, 8, 2, 11, 8, 7, 2, 2, 0, 1, 1, 0, 0, 0, '2017-04-10 15:09:41', '2017-04-10 15:09:41'),
(879, '/games/630711/', 2017, '2017-04-05 21:00:00', 3, 44, 58, 2, 3, 52, 48, 3, 8, 13, 18, 8, 3, 3, 2, 6, 4, 1, 0, 0, '2017-04-10 15:49:31', '2017-04-10 15:49:31'),
(880, '/games/630716/', 2017, '2017-04-05 21:00:00', 3, 48, 54, 0, 2, 42, 58, 2, 7, 11, 14, 3, 8, 4, 0, 0, 2, 0, 0, 0, '2017-04-10 15:49:31', '2017-04-10 15:49:31'),
(881, '/games/630714/', 2017, '2017-04-05 21:00:00', 3, 49, 46, 2, 3, 55, 45, 6, 6, 16, 12, 3, 5, 6, 4, 3, 2, 0, 0, 0, '2017-04-10 15:49:31', '2017-04-10 15:49:31'),
(882, '/games/630712/', 2017, '2017-04-05 21:00:00', 3, 50, 56, 0, 1, 61, 39, 5, 7, 12, 16, 6, 3, 4, 2, 0, 1, 0, 0, 0, '2017-04-10 15:49:31', '2017-04-10 15:49:31'),
(883, '/games/630710/', 2017, '2017-04-05 21:00:00', 3, 53, 55, 1, 0, 58, 42, 4, 2, 12, 11, 8, 4, 0, 2, 1, 1, 0, 0, 0, '2017-04-10 15:49:31', '2017-04-10 15:49:31'),
(884, '/games/630717/', 2017, '2017-04-04 21:00:00', 3, 57, 41, 1, 0, 37, 63, 4, 7, 16, 11, 7, 9, 3, 2, 0, 1, 0, 0, 0, '2017-04-10 15:49:31', '2017-04-10 15:49:31'),
(885, '/games/630715/', 2017, '2017-04-04 21:00:00', 3, 42, 52, 3, 0, 41, 59, 6, 3, 8, 19, 4, 3, 0, 2, 0, 2, 0, 0, 0, '2017-04-10 15:49:31', '2017-04-10 15:49:31'),
(886, '/games/630713/', 2017, '2017-04-04 21:00:00', 3, 47, 51, 1, 0, 35, 65, 2, 2, 12, 18, 0, 5, 4, 1, 0, 2, 0, 0, 0, '2017-04-10 15:49:31', '2017-04-10 15:49:31'),
(887, '/games/630709/', 2017, '2017-04-04 21:00:00', 3, 43, 45, 3, 0, 59, 41, 9, 7, 6, 12, 6, 4, 1, 2, 1, 3, 0, 0, 0, '2017-04-10 15:49:31', '2017-04-10 15:49:31'),
(888, '/games/630724/', 2017, '2017-04-07 21:30:00', 3, 51, 42, 2, 2, 58, 42, 6, 4, 20, 7, 4, 1, 2, 3, 2, 2, 0, 0, 0, '2017-04-10 16:35:49', '2017-04-10 16:35:49'),
(889, '/games/630719/', 2017, '2017-04-08 16:30:00', 3, 52, 50, 4, 1, 52, 48, 9, 2, 16, 9, 5, 1, 1, 3, 1, 2, 0, 0, 0, '2017-04-10 16:35:49', '2017-04-10 16:35:49'),
(890, '/games/630721/', 2017, '2017-04-08 16:30:00', 3, 47, 53, 2, 3, 30, 70, 2, 6, 17, 8, 5, 6, 2, 3, 2, 2, 0, 0, 0, '2017-04-10 16:35:49', '2017-04-10 16:35:49'),
(891, '/games/630722/', 2017, '2017-04-08 16:30:00', 3, 45, 57, 2, 1, 46, 54, 5, 4, 19, 19, 8, 4, 1, 4, 4, 4, 0, 0, 0, '2017-04-10 16:35:49', '2017-04-10 16:35:49'),
(892, '/games/630725/', 2017, '2017-04-08 16:30:00', 3, 56, 44, 1, 0, 44, 56, 2, 4, 12, 14, 1, 6, 2, 4, 0, 3, 0, 0, 0, '2017-04-10 16:35:49', '2017-04-10 16:35:49'),
(893, '/games/630726/', 2017, '2017-04-08 16:30:00', 3, 58, 54, 1, 0, 55, 45, 5, 3, 13, 11, 8, 2, 1, 3, 1, 1, 1, 0, 0, '2017-04-10 16:35:49', '2017-04-10 16:35:49'),
(894, '/games/630718/', 2017, '2017-04-08 19:30:00', 3, 41, 43, 4, 1, 66, 34, 8, 3, 13, 8, 6, 3, 2, 0, 2, 3, 0, 0, 0, '2017-04-10 16:35:49', '2017-04-10 16:35:49'),
(895, '/games/630720/', 2017, '2017-04-09 16:30:00', 3, 55, 49, 2, 0, 54, 46, 8, 1, 17, 20, 7, 0, 3, 2, 1, 2, 0, 0, 0, '2017-04-10 16:35:49', '2017-04-10 16:35:49'),
(896, '/games/630723/', 2017, '2017-04-09 18:30:00', 3, 46, 48, 3, 2, 58, 42, 9, 5, 13, 11, 5, 2, 2, 6, 1, 1, 1, 1, 0, '2017-04-10 16:35:49', '2017-04-10 16:35:49'),
(897, '/games/625471/', 2017, '2017-04-08 14:30:00', 2, 32, 24, 4, 0, 52, 48, 12, 2, 11, 12, 7, 5, 1, 1, 0, 1, 0, 0, 0, '2017-04-12 14:27:27', '2017-04-12 14:27:27'),
(898, '/games/625467/', 2017, '2017-04-08 17:00:00', 2, 33, 21, 3, 1, 63, 37, 7, 1, 4, 7, 7, 3, 1, 2, 0, 2, 0, 0, 0, '2017-04-12 14:27:27', '2017-04-12 14:27:27'),
(899, '/games/625468/', 2017, '2017-04-08 17:00:00', 2, 29, 25, 0, 0, 57, 43, 5, 2, 9, 12, 4, 3, 2, 2, 0, 3, 0, 0, 0, '2017-04-12 14:27:27', '2017-04-12 14:27:27'),
(900, '/games/625469/', 2017, '2017-04-08 17:00:00', 2, 30, 38, 1, 2, 47, 53, 4, 4, 7, 11, 5, 8, 7, 2, 0, 2, 0, 0, 0, '2017-04-12 14:27:27', '2017-04-12 14:27:27'),
(901, '/games/625472/', 2017, '2017-04-08 17:00:00', 2, 28, 23, 0, 1, 54, 46, 7, 3, 12, 12, 7, 3, 1, 0, 2, 2, 0, 0, 0, '2017-04-12 14:27:27', '2017-04-12 14:27:27'),
(902, '/games/625473/', 2017, '2017-04-08 17:00:00', 2, 40, 26, 1, 0, 46, 54, 7, 1, 12, 12, 4, 3, 2, 0, 5, 1, 0, 0, 0, '2017-04-12 14:27:27', '2017-04-12 14:27:27'),
(903, '/games/625464/', 2017, '2017-04-08 19:30:00', 2, 35, 39, 1, 3, 51, 49, 2, 5, 7, 11, 4, 4, 1, 1, 2, 3, 0, 0, 0, '2017-04-12 14:27:27', '2017-04-12 14:27:27'),
(904, '/games/625470/', 2017, '2017-04-09 15:30:00', 2, 34, 36, 0, 3, 30, 70, 4, 9, 14, 20, 4, 5, 2, 2, 1, 5, 1, 0, 0, '2017-04-12 14:27:27', '2017-04-12 14:27:27'),
(905, '/games/625466/', 2017, '2017-04-09 18:00:00', 2, 31, 22, 4, 2, 61, 39, 7, 4, 8, 15, 4, 6, 0, 0, 2, 2, 0, 0, 0, '2017-04-12 14:27:27', '2017-04-12 14:27:27'),
(906, '/games/625465/', 2017, '2017-04-10 22:00:00', 2, 27, 37, 3, 0, 28, 72, 10, 5, 11, 10, 5, 8, 5, 2, 0, 1, 0, 0, 0, '2017-04-12 14:27:27', '2017-04-12 14:27:27'),
(907, '/games/638851/', 2017, '2017-04-07 21:45:00', 1, 8, 12, 3, 1, 45, 55, 4, 5, 16, 16, 4, 5, 3, 1, 6, 3, 1, 0, 0, '2017-04-12 15:09:22', '2017-04-12 15:09:22'),
(908, '/games/638852/', 2017, '2017-04-08 14:00:00', 1, 10, 16, 1, 0, 44, 56, 5, 0, 11, 9, 5, 3, 0, 2, 3, 3, 0, 0, 0, '2017-04-12 15:09:22', '2017-04-12 15:09:22'),
(909, '/games/638854/', 2017, '2017-04-08 17:15:00', 1, 14, 15, 1, 1, 59, 41, 6, 4, 12, 13, 6, 2, 0, 2, 2, 3, 0, 0, 0, '2017-04-12 15:09:22', '2017-04-12 15:09:22'),
(910, '/games/638857/', 2017, '2017-04-08 19:30:00', 1, 9, 3, 4, 2, 57, 43, 12, 5, 17, 15, 4, 2, 3, 0, 3, 3, 0, 0, 0, '2017-04-12 15:09:22', '2017-04-12 15:09:22'),
(911, '/games/638856/', 2017, '2017-04-08 21:45:00', 1, 1, 5, 2, 0, 34, 66, 4, 2, 26, 20, 2, 3, 6, 3, 4, 4, 0, 1, 0, '2017-04-12 15:09:22', '2017-04-12 15:09:22'),
(912, '/games/638858/', 2017, '2017-04-09 13:00:00', 1, 7, 19, 1, 3, 51, 49, 6, 8, 8, 12, 5, 2, 1, 3, 2, 2, 0, 0, 0, '2017-04-12 15:09:22', '2017-04-12 15:09:22'),
(913, '/games/638849/', 2017, '2017-04-09 17:15:00', 1, 17, 4, 0, 2, 59, 41, 3, 5, 10, 16, 0, 3, 0, 0, 1, 3, 0, 0, 0, '2017-04-12 15:09:22', '2017-04-12 15:09:22'),
(914, '/games/638853/', 2017, '2017-04-09 19:30:00', 1, 2, 18, 2, 1, 47, 53, 4, 7, 14, 14, 4, 8, 1, 4, 3, 4, 0, 0, 0, '2017-04-12 15:09:22', '2017-04-12 15:09:22'),
(915, '/games/638850/', 2017, '2017-04-09 21:45:00', 1, 20, 6, 4, 1, 52, 48, 6, 5, 14, 14, 2, 6, 2, 7, 3, 4, 0, 0, 0, '2017-04-12 15:09:22', '2017-04-12 15:09:22'),
(916, '/games/638855/', 2017, '2017-04-10 21:45:00', 1, 13, 11, 3, 1, 60, 40, 7, 2, 17, 19, 7, 4, 2, 2, 1, 5, 0, 0, 0, '2017-04-12 15:09:22', '2017-04-12 15:09:22');

-- --------------------------------------------------------

--
-- Структура таблицы `team`
--

CREATE TABLE `team` (
  `team_id` int(25) NOT NULL,
  `team_name` varchar(50) NOT NULL,
  `team_embl` varchar(50) NOT NULL,
  `team_stadium` varchar(30) NOT NULL,
  `team_league` int(11) NOT NULL
) ENGINE=InnoDB DEFAULT CHARSET=utf8;

--
-- Дамп данных таблицы `team`
--

INSERT INTO `team` (`team_id`, `team_name`, `team_embl`, `team_stadium`, `team_league`) VALUES
(1, 'Малага', '/img/embl/spain1.png', 'Ла Розаледа', 1),
(2, 'Осасуна', '/img/embl/spain2.png', 'Рейно де Наварра', 1),
(3, 'Депортиво', '/img/embl/spain3.png', 'Риазор', 1),
(4, 'Эйбар', '/img/embl/spain4.png', 'Ипуруа', 1),
(5, 'Барселона', '/img/embl/spain5.png', 'Камп Ноу', 1),
(6, 'Бетис', '/img/embl/spain6.png', 'Эстадио Бенито Вильямарин', 1),
(7, 'Гранада', '/img/embl/spain7.png', 'Нуэво Лос Карменес', 1),
(8, 'Вильярреал', '/img/embl/spain8.png', 'Эль Мадригал', 1),
(9, 'Севилья', '/img/embl/spain9.png', 'Рамон Санчес Писхуан', 1),
(10, 'Эспаньол', '/img/embl/spain10.png', 'Корнелия-Эль Прат', 1),
(11, 'Спортинг Хихон', '/img/embl/spain11.png', 'Эль Молинон', 1),
(12, 'Атлетик', '/img/embl/spain12.png', 'Сан-Мамес', 1),
(13, 'Реал Сосьедад', '/img/embl/spain13.png', 'Аноэта', 1),
(14, 'Реал Мадрид', '/img/embl/spain14.png', 'Сантьяго Бернабеу', 1),
(15, 'Атлетико', '/img/embl/spain15.png', 'Висенте Кальдерон', 1),
(16, 'Алавес', '/img/embl/spain16.png', 'Мендизорроза', 1),
(17, 'Сельта', '/img/embl/spain17.png', 'Балаидос', 1),
(18, 'Леганес', '/img/embl/spain18.png', 'Бутарке', 1),
(19, 'Валенсия', '/img/embl/spain19.png', 'Месталья', 1),
(20, 'Лас-Пальмас', '/img/embl/spain20.png', 'Эстадио де Гран Канария', 1),
(21, 'Халл Сити', '/img/embl/hull.png', 'Кингстон Коммьюникейшн', 2),
(22, 'Лестер', '/img/embl/leicester.png', 'Кинг Пауэр', 2),
(23, 'Саутгемптон', '/img/embl/southampton.png', 'Сент-Мэрис', 2),
(24, 'Уотфорд', '/img/embl/watford.png', 'Викаридж Роуд', 2),
(25, 'Бернли', '/img/embl/burnley.png', 'Терф Мур', 2),
(26, 'Суонси', '/img/embl/swansey.png', 'Либерти', 2),
(27, 'Кристал Пэлас', '/img/embl/Crystal.png', 'Селхерст Парк', 2),
(28, 'Вест Бромвич', '/img/embl/west_brom.png', 'Хоторн', 2),
(29, 'Миддлсбро', '/img/embl/middlesbr.png', 'Риверсайд', 2),
(30, 'Сток Сити', '/img/embl/stoke.png', 'Бет365', 2),
(31, 'Эвертон', '/img/embl/everton.png', 'Гудисон Парк', 2),
(32, 'Тоттенхэм', '/img/embl/tottenham.png', 'Уайт Харт Лейн', 2),
(33, 'Ман Сити', '/img/embl/manchester_city.png', 'Этихад', 2),
(34, 'Сандерленд', '/img/embl/sunder.png', 'Стэдиум оф Лайт', 2),
(35, 'Борнмут', '/img/embl/bourmouth.png', 'Виталити Стэдиум', 2),
(36, 'МЮ', '/img/embl/mancherster_unt.png', 'Олд Траффорд', 2),
(37, 'Арсенал', '/img/embl/arsenal.png', 'Эмирейтс', 2),
(38, 'Ливерпуль', '/img/embl/liverpool.png', 'Энфилд', 2),
(39, 'Челси', '/img/embl/chelsea.png', 'Стэмфорд Бридж', 2),
(40, 'Вест Хэм', '/img/embl/west_ham.png', 'Олимпийский стадион', 2),
(41, 'Бавария', '/img/embl/bayern_munchen.png', 'Альянц Арена', 3),
(42, 'Вердер', '/img/embl/werder.png', 'Везерштадион', 3),
(43, 'Боруссия Д', '/img/embl/borrusia_dortm.png', 'Сигнал Идуна Парк', 3),
(44, 'Майнц', '/img/embl/mainz.png', 'Кофас Арена', 3),
(45, 'Гамбург', '/img/embl/hambourg.png', 'Имтех Арена', 3),
(46, 'Ингольштадт 04', '/img/embl/ingolstadt.png', 'Ауди-Спортпарк', 3),
(47, 'Кёльн', '/img/embl/koln.png', 'Рейн Энерги', 3),
(48, 'Дармштадт 98', '/img/embl/darmstadt.png', 'Штадион ам Бёлленфалльтор', 3),
(49, 'Аугсбург', '/img/embl/ausbourg.png', 'ВВК Арена', 3),
(50, 'Вольфсбург', '/img/embl/wolfsbourg.png', 'Фольксваген-Арена', 3),
(51, 'Айнтрахт', '/img/embl/aintracht.png', 'Коммерцбанк-Арена', 3),
(52, 'Шальке', '/img/embl/shalke.png', 'Фельтинс-Арена', 3),
(53, 'Боруссия М', '/img/embl/borrusia_munchen.png', 'Боруссия Парк', 3),
(54, 'Байер', '/img/embl/bayer.png', 'БайАрена', 3),
(55, 'Герта', '/img/embl/hertha.png', 'Олимпийский стадион', 3),
(56, 'Фрайбург', '/img/embl/freibourg.png', 'Шварцвальд-Штадион', 3),
(57, 'Хоффенхайм', '/img/embl/hoffenheim.png', 'Райн-Неккар-Арена', 3),
(58, 'РБ Лейпциг', '/img/embl/leipzig.png', 'Ред Булл Арена', 3);

-- --------------------------------------------------------

--
-- Структура таблицы `user`
--

CREATE TABLE `user` (
  `id` int(15) NOT NULL,
  `username` varchar(255) NOT NULL,
  `password` varchar(255) NOT NULL,
  `auth_key` varchar(255) DEFAULT NULL
) ENGINE=InnoDB DEFAULT CHARSET=utf8;

--
-- Дамп данных таблицы `user`
--

INSERT INTO `user` (`id`, `username`, `password`, `auth_key`) VALUES
(1, 'admin', '$2y$13$pi..72IYUQ4YVdEDnUJzR.09b3WGfJeMiSmN/CX4MbiLZLKYCbmGS', 'b7CRioZtZP7eAxek8UAguqC-4vkcPvV4');

--
-- Индексы сохранённых таблиц
--

--
-- Индексы таблицы `league`
--
ALTER TABLE `league`
  ADD PRIMARY KEY (`id`);

--
-- Индексы таблицы `play`
--
ALTER TABLE `play`
  ADD PRIMARY KEY (`id`);

--
-- Индексы таблицы `team`
--
ALTER TABLE `team`
  ADD PRIMARY KEY (`team_id`);

--
-- Индексы таблицы `user`
--
ALTER TABLE `user`
  ADD PRIMARY KEY (`id`);

--
-- AUTO_INCREMENT для сохранённых таблиц
--

--
-- AUTO_INCREMENT для таблицы `league`
--
ALTER TABLE `league`
  MODIFY `id` int(25) NOT NULL AUTO_INCREMENT, AUTO_INCREMENT=4;
--
-- AUTO_INCREMENT для таблицы `play`
--
ALTER TABLE `play`
  MODIFY `id` bigint(255) NOT NULL AUTO_INCREMENT, AUTO_INCREMENT=917;
--
-- AUTO_INCREMENT для таблицы `team`
--
ALTER TABLE `team`
  MODIFY `team_id` int(25) NOT NULL AUTO_INCREMENT, AUTO_INCREMENT=59;
--
-- AUTO_INCREMENT для таблицы `user`
--
ALTER TABLE `user`
  MODIFY `id` int(15) NOT NULL AUTO_INCREMENT, AUTO_INCREMENT=2;
/*!40101 SET CHARACTER_SET_CLIENT=@OLD_CHARACTER_SET_CLIENT */;
/*!40101 SET CHARACTER_SET_RESULTS=@OLD_CHARACTER_SET_RESULTS */;
/*!40101 SET COLLATION_CONNECTION=@OLD_COLLATION_CONNECTION */;
