-- phpMyAdmin SQL Dump
-- version 4.5.2
-- http://www.phpmyadmin.net
--
-- Хост: localhost
-- Время создания: Мар 13 2017 г., 09:36
-- Версия сервера: 10.1.13-MariaDB
-- Версия PHP: 7.0.8

SET SQL_MODE = "NO_AUTO_VALUE_ON_ZERO";
SET time_zone = "+00:00";


/*!40101 SET @OLD_CHARACTER_SET_CLIENT=@@CHARACTER_SET_CLIENT */;
/*!40101 SET @OLD_CHARACTER_SET_RESULTS=@@CHARACTER_SET_RESULTS */;
/*!40101 SET @OLD_COLLATION_CONNECTION=@@COLLATION_CONNECTION */;
/*!40101 SET NAMES utf8mb4 */;

--
-- База данных: `footstat`
--

-- --------------------------------------------------------

--
-- Структура таблицы `league`
--

CREATE TABLE `league` (
  `id` int(25) NOT NULL,
  `league` varchar(50) NOT NULL
) ENGINE=InnoDB DEFAULT CHARSET=utf8;

--
-- Дамп данных таблицы `league`
--

INSERT INTO `league` (`id`, `league`) VALUES
(1, 'Испания'),
(2, 'Англия'),
(3, 'Германия');

-- --------------------------------------------------------

--
-- Структура таблицы `play`
--

CREATE TABLE `play` (
  `id` bigint(255) NOT NULL,
  `link` varchar(20) NOT NULL,
  `year` year(4) NOT NULL DEFAULT '2016',
  `date` datetime NOT NULL,
  `league_id` int(11) NOT NULL,
  `home_team_id` int(25) NOT NULL,
  `away_team_id` int(25) NOT NULL,
  `home_score_full` int(125) NOT NULL,
  `away_score_full` int(125) NOT NULL,
  `h_tid_posses` int(25) NOT NULL,
  `a_tid_posses` int(25) NOT NULL,
  `h_tid_shot_on_goal` int(25) NOT NULL,
  `a_tid_shot_on_goal` int(25) NOT NULL,
  `h_tid_foul` int(25) NOT NULL,
  `a_tid_foul` int(25) NOT NULL,
  `h_tid_corner` int(25) NOT NULL,
  `a_tid_corner` int(25) NOT NULL,
  `h_tid_offside` int(25) NOT NULL,
  `a_tid_offside` int(25) NOT NULL,
  `h_tid_yellow_cart` int(25) NOT NULL,
  `a_tid_yellow_cart` int(25) NOT NULL,
  `h_tid_red_cart` int(25) NOT NULL DEFAULT '0',
  `a_tid_red_cart` int(25) NOT NULL DEFAULT '0',
  `delay` tinyint(1) NOT NULL DEFAULT '0',
  `created_at` timestamp NOT NULL DEFAULT CURRENT_TIMESTAMP,
  `updated_at` timestamp NOT NULL DEFAULT CURRENT_TIMESTAMP ON UPDATE CURRENT_TIMESTAMP
) ENGINE=InnoDB DEFAULT CHARSET=utf8;

--
-- Дамп данных таблицы `play`
--

INSERT INTO `play` (`id`, `link`, `year`, `date`, `league_id`, `home_team_id`, `away_team_id`, `home_score_full`, `away_score_full`, `h_tid_posses`, `a_tid_posses`, `h_tid_shot_on_goal`, `a_tid_shot_on_goal`, `h_tid_foul`, `a_tid_foul`, `h_tid_corner`, `a_tid_corner`, `h_tid_offside`, `a_tid_offside`, `h_tid_yellow_cart`, `a_tid_yellow_cart`, `h_tid_red_cart`, `a_tid_red_cart`, `delay`, `created_at`, `updated_at`) VALUES
(1, '', 2016, '2016-08-19 21:45:00', 1, 1, 2, 1, 1, 55, 45, 4, 3, 11, 12, 5, 3, 1, 1, 2, 3, 0, 0, 0, '2016-11-07 14:10:53', '0000-00-00 00:00:00'),
(2, '', 2016, '2016-08-19 23:00:00', 1, 3, 4, 2, 1, 50, 50, 6, 6, 14, 17, 1, 8, 4, 2, 3, 3, 0, 0, 0, '2016-11-07 14:10:53', '0000-00-00 00:00:00'),
(3, '', 2016, '2016-08-20 19:15:00', 1, 5, 6, 6, 2, 73, 27, 12, 2, 17, 13, 10, 2, 4, 0, 1, 3, 0, 0, 0, '2016-11-07 14:10:53', '0000-00-00 00:00:00'),
(4, '', 2016, '2016-08-20 21:15:00', 1, 7, 8, 1, 1, 68, 32, 1, 3, 17, 11, 7, 3, 1, 3, 2, 3, 0, 0, 0, '2016-11-07 14:10:53', '0000-00-00 00:00:00'),
(5, '', 2016, '2016-08-20 23:15:00', 1, 9, 10, 6, 4, 73, 27, 11, 7, 8, 15, 8, 2, 2, 0, 2, 2, 0, 0, 0, '2016-11-07 14:10:53', '0000-00-00 00:00:00'),
(6, '', 2016, '2016-08-21 19:15:00', 1, 11, 12, 2, 1, 38, 62, 4, 4, 18, 15, 2, 5, 2, 0, 3, 3, 0, 0, 0, '2016-11-07 14:10:53', '0000-00-00 00:00:00'),
(7, '', 2016, '2016-08-21 21:15:00', 1, 13, 14, 0, 3, 45, 55, 0, 8, 22, 11, 4, 7, 0, 0, 2, 3, 0, 0, 0, '2016-11-07 14:10:53', '0000-00-00 00:00:00'),
(8, '', 2016, '2016-08-21 23:15:00', 1, 15, 16, 1, 1, 62, 38, 6, 1, 7, 15, 20, 2, 7, 1, 0, 4, 0, 0, 0, '2016-11-07 14:10:53', '0000-00-00 00:00:00'),
(9, '', 2016, '2016-08-22 21:00:00', 1, 17, 18, 0, 1, 64, 36, 2, 6, 5, 13, 8, 4, 2, 0, 4, 1, 0, 0, 0, '2016-11-07 14:10:53', '0000-00-00 00:00:00'),
(10, '', 2016, '2016-08-22 23:00:00', 1, 19, 20, 2, 4, 58, 42, 8, 4, 15, 18, 12, 1, 3, 3, 2, 2, 0, 0, 0, '2016-11-07 14:10:53', '0000-00-00 00:00:00'),
(11, '', 2016, '2016-08-26 23:00:00', 1, 10, 1, 2, 2, 52, 48, 2, 4, 20, 17, 3, 4, 4, 5, 2, 4, 0, 0, 0, '2016-11-07 14:10:53', '0000-00-00 00:00:00'),
(12, '', 2016, '2016-08-26 21:45:00', 1, 6, 3, 0, 0, 57, 43, 5, 1, 20, 15, 13, 2, 6, 1, 0, 2, 0, 0, 0, '2016-11-07 14:10:53', '0000-00-00 00:00:00'),
(13, '', 2016, '2016-08-27 19:15:00', 1, 2, 13, 0, 2, 45, 55, 3, 4, 14, 14, 10, 1, 4, 3, 2, 1, 0, 0, 0, '2016-11-07 14:10:53', '0000-00-00 00:00:00'),
(14, '', 2016, '2016-08-27 19:15:00', 1, 4, 19, 1, 0, 39, 61, 6, 3, 13, 11, 6, 10, 2, 3, 2, 2, 0, 0, 0, '2016-11-07 14:10:53', '0000-00-00 00:00:00'),
(15, '', 2016, '2016-08-28 19:15:00', 1, 20, 7, 5, 1, 53, 47, 10, 2, 8, 16, 6, 4, 3, 1, 5, 1, 0, 0, 0, '2016-11-07 14:10:53', '0000-00-00 00:00:00'),
(16, '', 2016, '2016-08-28 19:15:00', 1, 16, 11, 0, 0, 51, 49, 2, 1, 10, 12, 4, 6, 3, 1, 1, 1, 0, 0, 0, '2016-11-07 14:10:53', '0000-00-00 00:00:00'),
(17, '', 2016, '2016-08-28 21:15:00', 1, 12, 5, 0, 1, 37, 63, 4, 3, 20, 13, 4, 4, 1, 6, 5, 4, 0, 0, 0, '2016-11-07 14:10:53', '0000-00-00 00:00:00'),
(18, '', 2016, '2016-08-28 23:15:00', 1, 8, 9, 0, 0, 38, 62, 5, 0, 16, 12, 5, 1, 2, 2, 1, 3, 0, 0, 0, '2016-11-07 14:10:53', '0000-00-00 00:00:00'),
(19, '', 2016, '2016-08-27 21:15:00', 1, 14, 17, 2, 1, 54, 46, 10, 3, 8, 11, 7, 2, 4, 3, 0, 2, 0, 0, 0, '2016-11-07 14:10:53', '0000-00-00 00:00:00'),
(20, '', 2016, '2016-08-27 23:15:00', 1, 18, 15, 0, 0, 37, 63, 1, 3, 18, 5, 1, 8, 1, 7, 3, 1, 0, 0, 0, '2016-11-07 14:10:53', '0000-00-00 00:00:00'),
(21, '', 2016, '2016-09-09 21:45:00', 1, 13, 10, 1, 1, 65, 35, 3, 1, 10, 10, 10, 1, 3, 1, 2, 4, 0, 1, 0, '2016-11-07 14:10:53', '0000-00-00 00:00:00'),
(22, '', 2016, '2016-09-10 14:00:00', 1, 17, 15, 0, 4, 58, 42, 1, 6, 13, 12, 6, 4, 0, 2, 1, 2, 0, 0, 0, '2016-11-07 14:10:53', '0000-00-00 00:00:00'),
(23, '', 2016, '2016-09-10 17:00:00', 1, 14, 2, 5, 2, 61, 39, 11, 3, 14, 14, 6, 7, 5, 1, 2, 4, 0, 1, 0, '2016-11-07 14:10:53', '0000-00-00 00:00:00'),
(24, '', 2016, '2016-09-10 19:15:00', 1, 1, 8, 0, 2, 51, 49, 2, 6, 8, 14, 9, 7, 3, 1, 2, 1, 0, 0, 0, '2016-11-07 14:10:53', '0000-00-00 00:00:00'),
(25, '', 2016, '2016-09-10 19:15:00', 1, 9, 20, 2, 1, 65, 35, 7, 4, 15, 13, 10, 1, 5, 4, 3, 6, 0, 1, 0, '2016-11-07 14:10:53', '0000-00-00 00:00:00'),
(26, '', 2016, '2016-09-10 21:30:00', 1, 5, 16, 1, 2, 74, 26, 2, 4, 12, 13, 13, 0, 5, 3, 1, 1, 0, 0, 0, '2016-11-07 14:10:53', '2017-02-18 10:10:45'),
(27, '', 2016, '2016-09-11 13:00:00', 1, 11, 18, 2, 1, 55, 45, 4, 2, 12, 16, 3, 5, 3, 2, 0, 2, 0, 0, 0, '2016-11-07 14:10:53', '0000-00-00 00:00:00'),
(28, '', 2016, '2016-09-11 17:00:00', 1, 19, 6, 2, 3, 55, 45, 9, 5, 15, 21, 5, 5, 2, 4, 2, 4, 1, 0, 0, '2016-11-07 14:10:53', '0000-00-00 00:00:00'),
(29, '', 2016, '2016-09-11 19:15:00', 1, 7, 4, 1, 2, 70, 30, 5, 8, 7, 8, 6, 7, 2, 3, 2, 0, 0, 1, 0, '2016-11-07 14:10:53', '0000-00-00 00:00:00'),
(30, '', 2016, '2016-09-11 21:15:00', 1, 3, 12, 0, 1, 60, 40, 3, 2, 15, 15, 7, 6, 5, 2, 2, 3, 0, 0, 0, '2016-11-07 14:10:53', '0000-00-00 00:00:00'),
(31, '', 2016, '2016-09-16 21:45:00', 1, 6, 7, 2, 2, 64, 36, 7, 8, 13, 17, 7, 3, 0, 1, 6, 5, 1, 1, 0, '2016-11-07 14:10:53', '0000-00-00 00:00:00'),
(32, '', 2016, '2016-09-17 14:00:00', 1, 18, 5, 1, 5, 37, 63, 6, 7, 28, 7, 2, 5, 2, 3, 4, 2, 0, 0, 0, '2016-11-07 14:10:53', '0000-00-00 00:00:00'),
(33, '', 2016, '2016-09-17 17:15:00', 1, 15, 11, 5, 0, 54, 46, 7, 1, 14, 9, 1, 4, 2, 0, 0, 2, 0, 0, 0, '2016-11-07 14:10:53', '0000-00-00 00:00:00'),
(34, '', 2016, '2016-09-17 19:15:00', 1, 4, 9, 1, 1, 45, 55, 2, 4, 19, 10, 4, 2, 4, 1, 1, 1, 2, 0, 0, '2016-11-07 14:10:53', '0000-00-00 00:00:00'),
(35, '', 2016, '2016-09-17 21:45:00', 1, 20, 1, 1, 0, 65, 35, 2, 2, 11, 18, 2, 2, 3, 3, 3, 1, 0, 0, 0, '2016-11-07 14:10:53', '0000-00-00 00:00:00'),
(36, '', 2016, '2016-09-18 13:00:00', 1, 2, 17, 0, 0, 39, 61, 2, 5, 18, 13, 3, 5, 0, 7, 4, 1, 0, 0, 0, '2016-11-07 14:10:53', '0000-00-00 00:00:00'),
(37, '', 2016, '2016-09-18 17:15:00', 1, 12, 19, 2, 1, 46, 54, 4, 2, 17, 12, 7, 1, 2, 2, 4, 4, 0, 0, 0, '2016-11-07 14:10:53', '2017-01-13 15:17:03'),
(38, '', 2016, '2016-09-18 19:15:00', 1, 8, 13, 2, 1, 40, 60, 4, 2, 13, 16, 3, 6, 2, 1, 2, 5, 0, 1, 0, '2016-11-07 14:10:53', '0000-00-00 00:00:00'),
(39, '', 2016, '2016-09-18 21:45:00', 1, 10, 14, 0, 2, 41, 59, 2, 7, 19, 8, 4, 5, 1, 3, 4, 2, 0, 0, 0, '2016-11-07 14:10:53', '0000-00-00 00:00:00'),
(40, '', 2016, '2016-09-19 21:45:00', 1, 16, 3, 0, 0, 53, 47, 1, 1, 16, 8, 4, 5, 2, 2, 3, 4, 0, 0, 0, '2016-11-07 14:10:53', '0000-00-00 00:00:00'),
(41, '', 2016, '2016-09-20 21:00:00', 1, 1, 4, 2, 1, 54, 46, 6, 3, 7, 13, 7, 5, 5, 2, 2, 4, 0, 0, 0, '2016-11-07 14:10:53', '0000-00-00 00:00:00'),
(42, '', 2016, '2016-09-20 23:00:00', 1, 9, 6, 1, 0, 56, 44, 3, 3, 24, 17, 6, 2, 1, 1, 5, 4, 0, 0, 0, '2016-11-07 14:10:53', '0000-00-00 00:00:00'),
(43, '', 2016, '2016-09-21 21:00:00', 1, 17, 11, 2, 1, 68, 32, 5, 1, 16, 8, 8, 0, 4, 1, 2, 3, 0, 0, 0, '2016-11-07 14:10:53', '0000-00-00 00:00:00'),
(44, '', 2016, '2016-09-21 21:00:00', 1, 14, 8, 1, 1, 59, 41, 6, 3, 9, 9, 17, 3, 2, 0, 4, 1, 0, 0, 0, '2016-11-07 14:10:53', '0000-00-00 00:00:00'),
(45, '', 2016, '2016-09-21 23:00:00', 1, 13, 20, 4, 1, 60, 40, 7, 3, 3, 7, 7, 4, 2, 1, 1, 2, 0, 1, 0, '2016-11-07 14:10:53', '0000-00-00 00:00:00'),
(46, '', 2016, '2016-09-21 23:00:00', 1, 7, 12, 1, 2, 57, 43, 2, 8, 8, 9, 6, 3, 3, 0, 1, 0, 0, 0, 0, '2016-11-07 14:10:53', '0000-00-00 00:00:00'),
(47, '', 2016, '2016-09-21 23:00:00', 1, 5, 15, 1, 1, 70, 30, 7, 4, 14, 17, 8, 2, 0, 3, 2, 4, 0, 0, 0, '2016-11-07 14:10:53', '0000-00-00 00:00:00'),
(48, '', 2016, '2016-09-22 21:00:00', 1, 3, 18, 1, 2, 54, 46, 5, 2, 20, 18, 7, 1, 0, 4, 0, 3, 0, 0, 0, '2016-11-07 14:10:53', '0000-00-00 00:00:00'),
(49, '', 2016, '2016-09-22 23:00:00', 1, 2, 10, 1, 2, 53, 47, 11, 2, 16, 14, 7, 1, 2, 1, 2, 1, 0, 0, 0, '2016-11-07 14:10:53', '0000-00-00 00:00:00'),
(50, '', 2016, '2016-09-22 23:00:00', 1, 19, 16, 2, 1, 49, 51, 2, 1, 14, 13, 7, 4, 2, 2, 2, 4, 0, 0, 0, '2016-11-07 14:10:53', '0000-00-00 00:00:00'),
(51, '', 2016, '2016-09-23 21:45:00', 1, 6, 1, 1, 0, 50, 50, 4, 6, 20, 15, 6, 5, 2, 3, 4, 6, 0, 0, 0, '2016-11-07 14:10:53', '0000-00-00 00:00:00'),
(52, '', 2016, '2016-09-24 14:00:00', 1, 4, 13, 2, 0, 54, 46, 3, 0, 15, 13, 5, 3, 3, 5, 4, 2, 0, 1, 0, '2016-11-07 14:10:53', '0000-00-00 00:00:00'),
(53, '', 2016, '2016-09-24 17:15:00', 1, 11, 5, 0, 5, 31, 69, 3, 7, 15, 10, 4, 3, 1, 5, 3, 0, 1, 0, 0, '2016-11-07 14:10:53', '0000-00-00 00:00:00'),
(54, '', 2016, '2016-09-24 19:30:00', 1, 12, 9, 3, 1, 35, 65, 7, 2, 9, 9, 4, 5, 0, 4, 2, 2, 0, 1, 0, '2016-11-07 14:10:53', '0000-00-00 00:00:00'),
(55, '', 2016, '2016-09-24 21:45:00', 1, 20, 14, 2, 2, 55, 45, 6, 11, 7, 19, 0, 5, 1, 5, 3, 2, 0, 0, 0, '2016-11-07 14:10:53', '0000-00-00 00:00:00'),
(56, '', 2016, '2016-09-25 13:00:00', 1, 18, 19, 1, 2, 52, 48, 3, 4, 19, 17, 1, 5, 3, 4, 4, 4, 0, 0, 0, '2016-11-07 14:10:53', '0000-00-00 00:00:00'),
(57, '', 2016, '2016-09-25 17:15:00', 1, 15, 3, 1, 0, 67, 33, 5, 1, 13, 19, 10, 0, 8, 0, 1, 4, 0, 1, 0, '2016-11-07 14:10:53', '0000-00-00 00:00:00'),
(58, '', 2016, '2016-09-25 19:30:00', 1, 8, 2, 3, 1, 60, 40, 5, 3, 7, 16, 5, 5, 5, 1, 0, 2, 0, 0, 0, '2016-11-07 14:10:53', '0000-00-00 00:00:00'),
(59, '', 2016, '2016-09-25 21:45:00', 1, 10, 17, 0, 2, 43, 57, 2, 4, 15, 13, 4, 7, 1, 5, 2, 3, 0, 0, 0, '2016-11-07 14:10:53', '0000-00-00 00:00:00'),
(60, '', 2016, '2016-09-26 21:45:00', 1, 16, 7, 3, 1, 43, 57, 6, 3, 15, 19, 5, 6, 4, 1, 3, 3, 0, 0, 0, '2016-11-07 14:10:53', '0000-00-00 00:00:00'),
(61, '', 2016, '2016-09-30 21:45:00', 1, 13, 6, 1, 0, 61, 39, 8, 2, 17, 22, 4, 2, 2, 2, 2, 3, 0, 0, 0, '2016-11-07 14:10:53', '0000-00-00 00:00:00'),
(62, '', 2016, '2016-10-01 14:00:00', 1, 7, 18, 0, 1, 42, 58, 1, 3, 13, 20, 6, 4, 0, 2, 1, 0, 0, 0, 0, '2016-11-07 14:10:53', '0000-00-00 00:00:00'),
(63, '', 2016, '2016-10-01 17:15:00', 1, 9, 16, 2, 1, 75, 25, 12, 1, 10, 13, 9, 2, 3, 1, 2, 6, 0, 0, 0, '2016-11-07 14:10:53', '0000-00-00 00:00:00'),
(64, '', 2016, '2016-10-01 19:30:00', 1, 2, 20, 2, 2, 21, 79, 3, 5, 17, 7, 1, 12, 7, 1, 3, 4, 0, 0, 0, '2016-11-07 14:10:53', '0000-00-00 00:00:00'),
(65, '', 2016, '2016-10-01 21:45:00', 1, 3, 11, 2, 1, 59, 41, 6, 2, 17, 26, 11, 4, 2, 3, 0, 4, 0, 0, 0, '2016-11-07 14:10:53', '0000-00-00 00:00:00'),
(66, '', 2016, '2016-10-02 13:00:00', 1, 19, 15, 0, 2, 41, 59, 5, 10, 10, 15, 6, 5, 0, 4, 1, 3, 0, 0, 0, '2016-11-07 14:10:53', '0000-00-00 00:00:00'),
(67, '', 2016, '2016-10-02 17:14:00', 1, 14, 4, 1, 1, 65, 35, 3, 4, 8, 15, 7, 5, 6, 1, 4, 5, 0, 0, 0, '2016-11-07 14:10:53', '0000-00-00 00:00:00'),
(68, '', 2016, '2016-10-02 19:30:00', 1, 1, 12, 2, 1, 61, 39, 3, 1, 19, 11, 7, 2, 2, 5, 9, 3, 1, 1, 0, '2016-11-07 14:10:53', '0000-00-00 00:00:00'),
(69, '', 2016, '2016-10-02 19:30:00', 1, 10, 8, 0, 0, 40, 60, 1, 1, 14, 10, 3, 1, 3, 3, 2, 2, 0, 0, 0, '2016-11-07 14:10:53', '0000-00-00 00:00:00'),
(70, '', 2016, '2016-10-02 21:45:00', 1, 17, 5, 4, 3, 35, 65, 9, 4, 16, 11, 3, 6, 0, 2, 1, 3, 0, 0, 0, '2016-11-07 14:10:53', '0000-00-00 00:00:00'),
(71, '', 2016, '2016-10-14 21:45:00', 1, 20, 10, 0, 0, 67, 33, 8, 2, 13, 21, 8, 4, 2, 5, 2, 3, 0, 0, 0, '2016-11-07 16:24:02', '2016-11-07 16:25:25'),
(72, '', 2016, '2016-10-15 14:00:00', 1, 18, 9, 2, 3, 41, 59, 6, 4, 17, 20, 5, 2, 2, 5, 2, 5, 0, 0, 0, '2016-11-15 09:44:35', '2017-01-23 18:06:06'),
(73, '', 2016, '2016-10-15 17:15:00', 1, 5, 3, 4, 0, 71, 29, 8, 0, 5, 15, 8, 2, 3, 1, 1, 2, 0, 1, 0, '2016-11-15 10:52:34', '2016-11-15 10:52:34'),
(74, '', 2016, '2016-10-15 19:30:00', 1, 15, 7, 7, 1, 66, 34, 11, 2, 14, 7, 11, 3, 4, 0, 1, 1, 0, 0, 0, '2017-02-01 12:56:52', '2017-02-01 12:56:52'),
(75, '', 2016, '2016-10-15 21:45:00', 1, 6, 14, 1, 6, 49, 51, 2, 9, 14, 8, 2, 5, 0, 1, 4, 1, 0, 0, 0, '2017-02-01 13:04:01', '2017-02-01 13:04:01'),
(76, '', 2016, '2016-10-16 13:00:00', 1, 16, 1, 1, 1, 45, 55, 4, 5, 14, 14, 6, 7, 5, 1, 3, 5, 1, 1, 0, '2017-02-01 13:08:27', '2017-02-01 13:08:27'),
(77, '', 2016, '2016-10-16 17:15:00', 1, 12, 13, 3, 2, 47, 53, 11, 3, 17, 19, 7, 4, 4, 3, 3, 3, 0, 0, 0, '2017-02-01 13:11:16', '2017-02-01 13:11:16'),
(78, '', 2016, '2016-10-16 19:30:00', 1, 11, 19, 1, 2, 49, 51, 2, 3, 21, 11, 4, 4, 2, 0, 5, 1, 0, 0, 0, '2017-02-01 13:13:49', '2017-02-01 13:13:49'),
(79, '', 2016, '2016-10-16 21:45:00', 1, 8, 17, 5, 0, 45, 55, 5, 1, 19, 12, 3, 5, 3, 4, 1, 6, 0, 1, 0, '2017-02-01 13:16:28', '2017-02-01 13:16:28'),
(80, '', 2016, '2016-10-17 21:45:00', 1, 4, 2, 2, 3, 64, 36, 5, 4, 15, 12, 5, 0, 2, 4, 1, 2, 0, 0, 0, '2017-02-01 13:20:55', '2017-02-01 13:20:55'),
(81, '', 2016, '2016-10-21 21:45:00', 1, 2, 6, 1, 2, 43, 57, 5, 6, 20, 12, 6, 4, 1, 3, 3, 2, 1, 0, 0, '2017-02-01 13:23:31', '2017-02-01 13:23:31'),
(82, '', 2016, '2016-10-22 14:00:00', 1, 10, 4, 3, 3, 52, 48, 5, 3, 11, 12, 7, 6, 1, 3, 3, 6, 1, 0, 0, '2017-02-01 13:26:54', '2017-02-01 13:26:54'),
(83, '', 2016, '2016-10-22 17:15:00', 1, 19, 5, 2, 3, 30, 70, 4, 8, 15, 15, 3, 1, 4, 2, 5, 4, 0, 0, 0, '2017-02-01 13:29:20', '2017-02-01 13:29:20'),
(84, '', 2016, '2016-10-22 19:30:00', 1, 13, 16, 3, 0, 60, 40, 5, 3, 17, 20, 4, 2, 0, 1, 3, 5, 0, 0, 0, '2017-02-01 13:31:46', '2017-02-01 13:31:46'),
(85, '', 2016, '2016-10-22 21:45:00', 1, 7, 11, 0, 0, 49, 51, 1, 3, 10, 12, 3, 3, 0, 1, 4, 1, 0, 0, 0, '2017-02-01 13:33:37', '2017-02-01 13:33:37'),
(86, '', 2016, '2016-10-23 13:00:00', 1, 17, 3, 4, 1, 55, 45, 7, 1, 17, 15, 5, 4, 2, 1, 3, 5, 0, 0, 0, '2017-02-01 13:35:27', '2017-02-01 13:35:27'),
(87, '', 2016, '2016-10-23 17:15:00', 1, 9, 15, 1, 0, 59, 41, 5, 3, 15, 11, 4, 5, 1, 2, 4, 4, 0, 1, 0, '2017-02-01 13:37:27', '2017-02-01 13:37:27'),
(88, '', 2016, '2016-10-23 19:30:00', 1, 1, 18, 4, 0, 48, 52, 8, 5, 12, 15, 5, 8, 2, 3, 1, 3, 0, 0, 0, '2017-02-01 13:39:59', '2017-02-01 13:39:59'),
(89, '', 2016, '2016-10-23 19:30:00', 1, 8, 20, 2, 1, 45, 55, 4, 4, 16, 12, 2, 1, 6, 3, 2, 5, 0, 0, 0, '2017-02-01 13:41:53', '2017-02-01 13:41:53'),
(90, '', 2016, '2016-10-23 21:45:00', 1, 14, 12, 2, 1, 66, 34, 8, 3, 10, 17, 6, 4, 4, 1, 2, 3, 0, 0, 0, '2017-02-01 13:43:58', '2017-02-01 13:43:58'),
(91, '', 2016, '2016-10-28 21:45:00', 1, 18, 13, 0, 2, 40, 60, 4, 5, 19, 15, 1, 4, 1, 2, 5, 2, 0, 0, 0, '2017-02-01 13:45:50', '2017-02-01 13:45:50'),
(92, '', 2016, '2016-10-29 14:00:00', 1, 11, 9, 1, 1, 37, 63, 5, 6, 17, 9, 3, 4, 2, 2, 6, 2, 0, 0, 0, '2017-02-01 13:48:01', '2017-02-01 13:48:01'),
(93, '', 2016, '2016-10-29 17:15:00', 1, 16, 14, 1, 4, 41, 59, 3, 5, 15, 6, 4, 3, 1, 3, 5, 1, 0, 0, 0, '2017-02-01 13:50:00', '2017-02-01 13:50:00'),
(94, '', 2016, '2016-10-29 19:30:00', 1, 15, 1, 4, 2, 55, 45, 7, 3, 10, 10, 6, 2, 1, 0, 4, 6, 1, 1, 0, '2017-02-01 13:52:24', '2017-02-01 13:52:24'),
(95, '', 2016, '2016-10-29 21:45:00', 1, 5, 7, 1, 0, 72, 28, 5, 0, 7, 17, 8, 1, 6, 6, 1, 4, 0, 0, 0, '2017-02-01 13:54:10', '2017-02-01 13:54:10'),
(96, '', 2016, '2016-10-30 14:00:00', 1, 4, 8, 2, 1, 48, 52, 9, 1, 16, 16, 3, 7, 1, 4, 2, 3, 0, 0, 0, '2017-02-01 13:56:10', '2017-02-01 13:56:10'),
(97, '', 2016, '2016-10-30 18:15:00', 1, 12, 2, 1, 1, 70, 30, 4, 3, 10, 11, 9, 2, 5, 5, 2, 1, 0, 0, 0, '2017-02-02 05:11:54', '2017-02-02 05:11:54'),
(98, '', 2016, '2016-10-30 20:30:00', 1, 6, 10, 0, 1, 61, 39, 5, 5, 15, 15, 8, 3, 1, 0, 3, 3, 0, 0, 0, '2017-02-02 05:14:16', '2017-02-02 05:14:16'),
(99, '', 2016, '2016-10-30 22:45:00', 1, 20, 17, 3, 3, 76, 24, 8, 6, 12, 23, 8, 1, 3, 3, 2, 8, 0, 1, 0, '2017-02-02 05:16:12', '2017-02-02 05:16:12'),
(100, '', 2016, '2016-10-31 22:45:00', 1, 3, 19, 1, 1, 39, 61, 4, 3, 14, 21, 5, 6, 4, 3, 1, 5, 0, 0, 0, '2017-02-02 05:18:40', '2017-02-02 05:18:40'),
(101, '', 2016, '2016-11-04 22:45:00', 1, 1, 11, 3, 2, 63, 37, 7, 4, 12, 20, 9, 2, 2, 2, 5, 6, 0, 1, 0, '2017-02-02 05:24:35', '2017-02-02 05:24:35'),
(102, '', 2016, '2016-11-05 15:00:00', 1, 7, 3, 1, 1, 59, 41, 6, 5, 11, 7, 7, 6, 3, 2, 1, 2, 0, 0, 0, '2017-02-02 05:26:32', '2017-02-02 05:26:32'),
(103, '', 2016, '2016-11-05 18:15:00', 1, 13, 15, 2, 0, 59, 41, 3, 2, 18, 20, 6, 6, 0, 2, 2, 4, 0, 0, 0, '2017-02-02 05:42:41', '2017-02-02 05:42:41'),
(104, '', 2016, '2016-11-05 20:30:00', 1, 2, 16, 0, 1, 39, 61, 4, 3, 18, 10, 3, 4, 1, 2, 5, 2, 0, 0, 0, '2017-02-02 06:07:30', '2017-02-02 06:07:30'),
(105, '', 2016, '2016-11-05 22:45:00', 1, 20, 4, 1, 0, 65, 35, 6, 5, 10, 20, 7, 4, 3, 2, 1, 5, 0, 0, 0, '2017-02-02 06:09:30', '2017-02-02 06:09:30'),
(106, '', 2016, '2016-11-06 14:00:00', 1, 14, 18, 3, 0, 65, 35, 7, 3, 7, 20, 2, 2, 3, 2, 3, 5, 0, 0, 0, '2017-02-02 06:11:45', '2017-02-02 06:11:45'),
(107, '', 2016, '2016-11-06 18:15:00', 1, 10, 12, 0, 0, 52, 48, 3, 0, 13, 11, 5, 3, 3, 3, 1, 2, 0, 0, 0, '2017-02-02 06:13:51', '2017-02-02 06:13:51'),
(108, '', 2016, '2016-11-06 18:15:00', 1, 17, 19, 2, 1, 54, 46, 4, 4, 19, 15, 4, 3, 2, 1, 6, 1, 0, 0, 0, '2017-02-02 06:15:53', '2017-02-02 06:15:53'),
(109, '', 2016, '2016-11-06 20:30:00', 1, 8, 6, 2, 0, 49, 51, 7, 3, 16, 12, 10, 1, 2, 1, 0, 2, 0, 0, 0, '2017-02-02 06:18:21', '2017-02-02 06:18:21'),
(110, '', 2016, '2016-11-06 22:45:00', 1, 9, 5, 1, 2, 48, 52, 4, 7, 18, 12, 3, 5, 1, 0, 4, 6, 0, 0, 0, '2017-02-02 06:20:33', '2017-02-02 06:20:33'),
(111, '', 2016, '2016-11-18 22:45:00', 1, 6, 20, 2, 0, 34, 66, 3, 4, 22, 10, 4, 5, 7, 3, 0, 1, 0, 0, 0, '2017-02-02 06:23:06', '2017-02-02 06:23:06'),
(112, '', 2016, '2016-11-19 15:00:00', 1, 3, 9, 2, 3, 27, 73, 3, 7, 15, 12, 3, 14, 2, 2, 3, 2, 0, 0, 0, '2017-02-02 06:26:59', '2017-02-02 06:26:59'),
(113, '', 2016, '2016-11-19 18:15:00', 1, 5, 1, 0, 0, 81, 19, 8, 1, 13, 12, 14, 1, 5, 1, 0, 2, 0, 2, 0, '2017-02-02 06:31:55', '2017-02-02 06:31:55'),
(114, '', 2016, '2016-11-19 20:30:00', 1, 4, 17, 1, 0, 42, 58, 5, 2, 11, 13, 7, 0, 1, 2, 2, 5, 0, 2, 0, '2017-02-02 06:34:17', '2017-02-02 06:34:17'),
(115, '', 2016, '2016-11-19 22:45:00', 1, 15, 14, 0, 3, 47, 53, 5, 7, 21, 14, 8, 6, 3, 2, 4, 2, 0, 0, 0, '2017-02-02 06:36:15', '2017-02-02 06:36:15'),
(116, '', 2016, '2016-11-20 14:00:00', 1, 16, 10, 0, 1, 55, 45, 4, 3, 20, 14, 2, 5, 1, 1, 5, 2, 0, 0, 0, '2017-02-02 06:37:50', '2017-02-02 06:37:50'),
(117, '', 2016, '2016-11-20 18:15:00', 1, 19, 7, 1, 1, 65, 35, 7, 5, 7, 18, 11, 2, 10, 0, 2, 5, 0, 0, 0, '2017-02-02 07:30:23', '2017-02-02 07:30:23'),
(118, '', 2016, '2016-11-20 20:30:00', 1, 11, 13, 1, 3, 40, 60, 1, 9, 17, 9, 3, 5, 2, 4, 2, 1, 0, 0, 0, '2017-02-02 07:32:10', '2017-02-02 07:32:10'),
(119, '', 2016, '2016-11-20 22:45:00', 1, 12, 8, 1, 0, 51, 49, 5, 2, 13, 17, 6, 5, 4, 1, 0, 2, 0, 0, 0, '2017-02-02 07:34:05', '2017-02-02 07:34:05'),
(120, '', 2016, '2016-11-21 22:45:00', 1, 18, 2, 2, 0, 55, 45, 5, 2, 13, 17, 3, 2, 6, 1, 2, 3, 0, 0, 0, '2017-02-02 07:35:56', '2017-02-02 07:35:56'),
(121, '', 2016, '2016-11-25 22:45:00', 1, 4, 6, 3, 1, 62, 38, 9, 2, 11, 7, 5, 1, 3, 4, 0, 1, 0, 1, 0, '2017-02-02 07:39:49', '2017-02-02 07:43:48'),
(122, '', 2016, '2016-11-26 15:00:00', 1, 1, 3, 4, 3, 37, 63, 4, 8, 15, 13, 2, 5, 1, 3, 3, 1, 0, 0, 0, '2017-02-02 07:46:13', '2017-02-02 07:46:13'),
(123, '', 2016, '2016-11-26 18:15:00', 1, 14, 11, 2, 1, 53, 47, 7, 3, 9, 18, 5, 6, 2, 0, 1, 3, 0, 0, 0, '2017-02-02 07:48:26', '2017-02-02 07:48:26'),
(124, '', 2016, '2016-11-26 20:30:00', 1, 10, 18, 3, 0, 49, 51, 4, 3, 19, 16, 3, 4, 1, 1, 1, 2, 0, 0, 0, '2017-02-02 07:50:49', '2017-02-02 07:50:49'),
(125, '', 2016, '2016-11-26 22:45:00', 1, 9, 19, 2, 1, 59, 41, 1, 4, 19, 14, 3, 6, 9, 2, 0, 1, 0, 0, 0, '2017-02-02 07:53:18', '2017-02-02 07:53:18'),
(126, '', 2016, '2016-11-27 14:00:00', 1, 8, 16, 0, 2, 63, 37, 10, 7, 11, 19, 12, 1, 0, 2, 2, 3, 0, 0, 0, '2017-02-02 07:55:06', '2017-02-02 07:55:06'),
(127, '', 2016, '2016-11-27 18:15:00', 1, 2, 15, 0, 3, 46, 54, 1, 5, 9, 6, 7, 4, 1, 2, 2, 2, 0, 0, 0, '2017-02-02 08:24:19', '2017-02-02 08:24:19'),
(128, '', 2016, '2016-11-27 20:30:00', 1, 17, 7, 3, 1, 70, 30, 6, 1, 4, 15, 5, 0, 6, 2, 0, 3, 0, 0, 0, '2017-02-02 08:26:07', '2017-02-02 08:26:07'),
(129, '', 2016, '2016-11-27 22:45:00', 1, 13, 5, 1, 1, 52, 48, 6, 2, 16, 11, 8, 6, 4, 6, 2, 4, 0, 0, 0, '2017-02-02 08:27:54', '2017-02-02 08:27:54'),
(130, '', 2016, '2016-11-28 22:45:00', 1, 20, 12, 3, 1, 54, 46, 4, 3, 19, 21, 5, 3, 2, 2, 3, 6, 0, 1, 0, '2017-02-02 08:30:02', '2017-02-02 08:30:02'),
(131, '', 2016, '2016-12-03 15:00:00', 1, 7, 9, 2, 1, 41, 59, 6, 6, 18, 16, 4, 8, 2, 6, 2, 2, 0, 0, 0, '2017-02-02 08:42:03', '2017-02-06 19:29:03'),
(132, '', 2016, '2016-12-03 18:15:00', 1, 5, 14, 1, 1, 55, 45, 3, 5, 19, 16, 5, 7, 1, 2, 4, 2, 0, 0, 0, '2017-02-02 08:47:08', '2017-02-02 08:47:08'),
(133, '', 2016, '2016-12-03 20:30:00', 1, 18, 8, 0, 0, 47, 53, 4, 3, 21, 16, 2, 4, 3, 5, 6, 3, 0, 0, 0, '2017-02-02 08:50:11', '2017-02-02 08:50:11'),
(134, '', 2016, '2016-12-03 22:45:00', 1, 15, 10, 0, 0, 67, 33, 3, 3, 10, 19, 9, 2, 3, 0, 2, 2, 0, 0, 0, '2017-02-02 08:52:17', '2017-02-02 08:52:17'),
(135, '', 2016, '2016-12-04 14:00:00', 1, 6, 17, 3, 3, 40, 60, 5, 6, 22, 14, 4, 3, 0, 4, 6, 1, 1, 0, 0, '2017-02-02 09:07:52', '2017-02-02 09:07:52'),
(136, '', 2016, '2016-12-04 18:15:00', 1, 12, 4, 3, 1, 47, 53, 5, 4, 9, 16, 2, 2, 4, 6, 1, 4, 0, 0, 0, '2017-02-02 09:10:19', '2017-02-02 09:10:19'),
(137, '', 2016, '2016-12-04 20:30:00', 1, 11, 2, 3, 1, 56, 44, 5, 2, 17, 13, 2, 5, 1, 2, 3, 1, 0, 0, 0, '2017-02-02 09:11:56', '2017-02-02 09:11:56'),
(138, '', 2016, '2016-12-04 20:30:00', 1, 16, 20, 1, 1, 34, 66, 2, 3, 15, 11, 3, 5, 0, 1, 3, 3, 0, 0, 0, '2017-02-02 09:14:04', '2017-02-02 09:14:04'),
(139, '', 2016, '2016-12-04 22:45:00', 1, 19, 1, 2, 2, 38, 62, 3, 6, 16, 7, 2, 13, 3, 1, 5, 1, 0, 0, 0, '2017-02-02 09:16:14', '2017-02-02 09:16:14'),
(140, '', 2016, '2016-12-05 22:45:00', 1, 3, 13, 5, 1, 45, 55, 10, 3, 15, 10, 8, 6, 2, 1, 1, 4, 0, 0, 0, '2017-02-02 09:17:51', '2017-02-02 09:17:51'),
(141, '', 2016, '2016-12-09 22:45:00', 1, 1, 7, 1, 1, 51, 49, 7, 2, 16, 14, 6, 2, 4, 4, 3, 5, 0, 0, 0, '2017-02-02 09:19:41', '2017-02-02 09:19:41'),
(142, '', 2016, '2016-12-10 15:00:00', 1, 2, 5, 0, 3, 20, 80, 1, 6, 18, 6, 2, 5, 2, 3, 3, 0, 0, 0, 0, '2017-02-02 09:21:42', '2017-02-02 09:21:42'),
(143, '', 2016, '2016-12-10 18:15:00', 1, 13, 19, 3, 2, 64, 36, 6, 3, 17, 20, 8, 4, 2, 2, 4, 6, 0, 1, 0, '2017-02-02 09:24:05', '2017-02-02 09:24:05'),
(144, '', 2016, '2016-12-10 20:30:00', 1, 20, 18, 1, 1, 69, 31, 1, 6, 17, 18, 6, 4, 2, 5, 3, 3, 0, 0, 0, '2017-02-02 09:25:50', '2017-02-02 09:25:50'),
(145, '', 2016, '2016-12-10 22:45:00', 1, 14, 3, 3, 2, 64, 36, 5, 2, 16, 17, 10, 3, 4, 1, 3, 4, 0, 0, 0, '2017-02-02 09:27:39', '2017-02-02 09:27:39'),
(146, '', 2016, '2016-12-11 14:00:00', 1, 4, 16, 0, 0, 63, 37, 1, 3, 14, 7, 7, 2, 1, 4, 1, 1, 0, 0, 0, '2017-02-02 09:29:49', '2017-02-02 09:29:49'),
(147, '', 2016, '2016-12-11 18:15:00', 1, 17, 9, 0, 3, 47, 53, 6, 5, 13, 13, 4, 6, 1, 0, 3, 3, 0, 0, 0, '2017-02-02 09:31:45', '2017-02-02 09:31:45'),
(148, '', 2016, '2016-12-11 20:30:00', 1, 10, 11, 2, 1, 44, 56, 6, 5, 13, 10, 4, 3, 1, 0, 1, 2, 0, 0, 0, '2017-02-02 09:33:35', '2017-02-02 09:33:35'),
(149, '', 2016, '2016-12-11 22:45:00', 1, 6, 12, 1, 0, 39, 61, 1, 4, 14, 12, 3, 7, 2, 0, 3, 2, 0, 0, 0, '2017-02-02 09:35:19', '2017-02-02 09:35:19'),
(150, '', 2016, '2016-12-12 22:45:00', 1, 8, 15, 3, 0, 54, 46, 5, 3, 13, 13, 2, 7, 0, 6, 3, 3, 0, 0, 0, '2017-02-02 09:37:52', '2017-02-02 09:37:52'),
(151, '', 2016, '2016-12-16 22:45:00', 1, 16, 6, 1, 0, 50, 50, 2, 3, 20, 6, 6, 4, 2, 0, 6, 1, 0, 0, 0, '2017-02-02 09:40:15', '2017-02-02 09:40:15'),
(152, '', 2016, '2016-12-17 15:00:00', 1, 11, 8, 1, 3, 50, 50, 7, 9, 16, 14, 12, 2, 1, 5, 2, 1, 0, 0, 0, '2017-02-02 09:42:14', '2017-02-02 09:42:14'),
(153, '', 2016, '2016-12-17 18:15:00', 1, 15, 20, 1, 0, 31, 69, 3, 3, 15, 11, 8, 5, 2, 1, 2, 1, 0, 0, 0, '2017-02-02 09:44:18', '2017-02-02 09:44:18'),
(154, '', 2016, '2016-12-17 22:30:00', 1, 7, 13, 0, 2, 37, 63, 4, 6, 9, 11, 5, 9, 1, 3, 0, 1, 0, 0, 0, '2017-02-02 09:47:39', '2017-02-02 09:47:39'),
(155, '', 2016, '2016-12-17 22:45:00', 1, 9, 1, 4, 1, 59, 41, 5, 3, 17, 12, 3, 6, 4, 2, 4, 3, 1, 0, 0, '2017-02-02 13:02:22', '2017-02-02 13:02:22'),
(156, '', 2016, '2016-12-18 18:15:00', 1, 18, 4, 1, 1, 39, 61, 2, 4, 10, 10, 3, 6, 2, 5, 2, 2, 1, 0, 0, '2017-02-02 13:04:11', '2017-02-02 13:04:11'),
(157, '', 2016, '2016-12-18 20:30:00', 1, 3, 2, 2, 0, 65, 35, 4, 3, 8, 16, 5, 1, 5, 5, 1, 3, 0, 0, 0, '2017-02-02 13:07:53', '2017-02-02 13:07:53'),
(158, '', 2016, '2016-12-18 22:45:00', 1, 5, 10, 4, 1, 67, 33, 7, 1, 11, 16, 5, 2, 3, 0, 0, 3, 0, 0, 0, '2017-02-02 13:09:58', '2017-02-02 13:09:58'),
(159, '', 2016, '2016-12-19 22:45:00', 1, 12, 17, 2, 1, 52, 48, 7, 4, 16, 13, 9, 7, 1, 2, 4, 4, 0, 1, 0, '2017-02-02 13:13:42', '2017-02-02 13:13:42'),
(160, '', 2017, '2017-02-22 20:45:00', 1, 19, 14, 2, 1, 29, 71, 5, 5, 12, 18, 3, 11, 2, 5, 5, 2, 0, 0, 0, '2017-02-02 13:26:47', '2017-02-23 09:28:02'),
(161, '', 2017, '2017-01-06 22:45:00', 1, 10, 3, 1, 1, 48, 52, 4, 3, 13, 14, 2, 8, 3, 0, 1, 3, 0, 0, 0, '2017-02-02 13:28:34', '2017-02-02 13:38:58'),
(162, '', 2017, '2017-01-07 15:00:00', 1, 14, 7, 5, 0, 61, 39, 13, 1, 11, 12, 9, 1, 3, 1, 1, 4, 0, 0, 0, '2017-02-02 13:36:14', '2017-02-02 13:39:33'),
(163, '', 2017, '2017-01-07 18:15:00', 1, 4, 15, 0, 2, 55, 45, 2, 4, 11, 10, 5, 3, 1, 6, 2, 2, 0, 0, 0, '2017-02-02 13:38:06', '2017-02-02 13:38:17'),
(164, '', 2017, '2017-01-07 20:30:00', 1, 20, 11, 1, 0, 66, 34, 10, 2, 8, 18, 8, 3, 3, 3, 2, 3, 0, 0, 0, '2017-02-02 13:42:12', '2017-02-02 13:42:12'),
(165, '', 2017, '2017-01-07 22:45:00', 1, 13, 9, 0, 4, 54, 46, 5, 10, 15, 18, 7, 4, 0, 2, 2, 3, 0, 0, 0, '2017-02-02 13:44:12', '2017-02-02 13:44:12'),
(166, '', 2017, '2017-01-08 14:00:00', 1, 12, 16, 0, 0, 60, 40, 4, 4, 10, 13, 13, 4, 1, 5, 2, 4, 0, 0, 0, '2017-02-02 13:48:06', '2017-02-02 13:48:06'),
(167, '', 2017, '2017-01-08 18:15:00', 1, 6, 18, 2, 0, 52, 48, 3, 3, 10, 20, 4, 2, 3, 1, 2, 6, 0, 0, 0, '2017-02-02 13:50:08', '2017-02-02 13:50:08'),
(168, '', 2017, '2017-01-08 20:30:00', 1, 17, 1, 3, 1, 51, 49, 3, 4, 17, 15, 2, 7, 3, 0, 1, 4, 0, 0, 0, '2017-02-02 13:51:50', '2017-02-02 13:51:50'),
(169, '', 2017, '2017-01-08 22:45:00', 1, 8, 5, 1, 1, 30, 70, 3, 7, 16, 13, 2, 4, 2, 2, 3, 2, 1, 0, 0, '2017-02-02 13:53:20', '2017-02-02 13:53:20'),
(170, '', 2017, '2017-01-09 22:45:00', 1, 2, 19, 3, 3, 48, 52, 4, 3, 19, 13, 7, 3, 1, 1, 2, 5, 0, 0, 0, '2017-02-02 13:56:05', '2017-02-02 13:56:05'),
(171, '', 2017, '2017-01-14 15:00:00', 1, 18, 12, 0, 0, 43, 57, 5, 2, 20, 11, 4, 8, 4, 1, 3, 3, 0, 0, 0, '2017-02-02 17:37:31', '2017-02-02 17:37:31'),
(172, '', 2017, '2017-01-14 18:15:00', 1, 5, 20, 5, 0, 61, 39, 10, 1, 15, 11, 5, 1, 7, 3, 3, 4, 0, 0, 0, '2017-02-02 17:39:09', '2017-02-02 17:39:09'),
(173, '', 2017, '2017-01-14 20:30:00', 1, 15, 6, 1, 0, 52, 48, 3, 6, 15, 17, 9, 2, 2, 1, 0, 3, 0, 0, 0, '2017-02-02 17:40:49', '2017-02-02 17:40:49'),
(174, '', 2017, '2017-01-14 21:45:00', 1, 3, 8, 0, 0, 47, 53, 3, 1, 14, 8, 10, 0, 4, 1, 0, 1, 0, 0, 0, '2017-02-02 17:42:33', '2017-02-02 17:42:33'),
(175, '', 2017, '2017-01-15 14:00:00', 1, 19, 10, 2, 1, 55, 45, 5, 3, 17, 13, 6, 3, 3, 1, 5, 0, 0, 0, 0, '2017-02-02 17:44:05', '2017-02-03 14:33:29'),
(176, '', 2017, '2017-01-15 18:15:00', 1, 17, 16, 1, 0, 60, 39, 4, 1, 19, 10, 7, 4, 4, 0, 4, 5, 0, 1, 0, '2017-02-02 17:46:01', '2017-02-02 17:46:01'),
(177, '', 2017, '2017-01-15 20:30:00', 1, 11, 4, 2, 3, 55, 45, 4, 8, 14, 17, 2, 4, 2, 2, 4, 1, 0, 0, 0, '2017-02-02 17:47:44', '2017-02-02 17:47:44'),
(178, '', 2017, '2017-01-15 20:30:00', 1, 7, 2, 1, 1, 58, 42, 5, 4, 13, 25, 3, 6, 1, 5, 4, 4, 2, 0, 0, '2017-02-02 17:49:56', '2017-02-02 17:49:56'),
(179, '', 2017, '2017-01-15 22:45:00', 1, 9, 14, 2, 1, 57, 43, 4, 3, 13, 10, 6, 1, 6, 1, 3, 1, 0, 0, 0, '2017-02-02 17:51:36', '2017-02-02 17:51:36'),
(180, '', 2017, '2017-01-16 22:45:00', 1, 1, 13, 0, 2, 40, 60, 1, 5, 22, 12, 8, 8, 1, 1, 0, 2, 0, 0, 0, '2017-02-02 17:53:19', '2017-02-02 17:53:19'),
(181, '', 2017, '2017-01-20 22:45:00', 1, 20, 3, 1, 1, 54, 46, 3, 1, 13, 8, 4, 5, 0, 2, 2, 1, 1, 0, 0, '2017-02-02 18:47:46', '2017-02-02 18:47:46'),
(182, '', 2017, '2017-01-21 15:00:00', 1, 10, 7, 3, 1, 56, 44, 8, 4, 19, 17, 10, 5, 1, 2, 0, 3, 0, 0, 0, '2017-02-02 18:54:04', '2017-02-02 18:54:04'),
(183, '', 2017, '2017-01-21 18:15:00', 1, 14, 1, 2, 1, 57, 42, 7, 6, 7, 20, 5, 4, 9, 2, 2, 3, 0, 0, 0, '2017-02-02 18:55:54', '2017-02-02 18:55:54'),
(184, '', 2017, '2017-01-21 20:30:00', 1, 16, 18, 2, 2, 56, 44, 3, 4, 9, 20, 4, 3, 3, 2, 3, 2, 0, 0, 0, '2017-02-02 18:57:34', '2017-02-02 18:57:34'),
(185, '', 2017, '2017-01-21 22:45:00', 1, 8, 19, 0, 2, 59, 40, 5, 5, 14, 17, 7, 2, 1, 1, 2, 2, 0, 0, 0, '2017-02-02 18:59:11', '2017-02-02 18:59:11'),
(186, '', 2017, '2017-01-22 14:00:00', 1, 2, 9, 3, 4, 39, 61, 7, 9, 14, 8, 3, 6, 2, 4, 5, 3, 0, 0, 0, '2017-02-02 19:00:51', '2017-02-03 14:33:18'),
(187, '', 2017, '2017-01-22 18:15:00', 1, 12, 15, 2, 2, 56, 44, 5, 5, 12, 9, 2, 6, 2, 5, 2, 3, 0, 0, 0, '2017-02-02 19:02:55', '2017-02-02 19:02:55'),
(188, '', 2017, '2017-01-22 20:30:00', 1, 13, 17, 1, 0, 59, 41, 6, 5, 13, 12, 4, 3, 1, 3, 2, 2, 0, 0, 0, '2017-02-02 19:04:32', '2017-02-02 19:04:32'),
(189, '', 2017, '2017-01-22 20:30:00', 1, 6, 11, 0, 0, 52, 47, 4, 1, 14, 20, 9, 5, 6, 2, 2, 2, 0, 0, 0, '2017-02-02 19:06:28', '2017-02-02 19:06:28'),
(190, '', 2017, '2017-01-22 22:45:00', 1, 4, 5, 0, 4, 37, 63, 6, 7, 12, 4, 8, 5, 3, 2, 3, 1, 0, 0, 0, '2017-02-02 19:08:15', '2017-02-02 19:08:15'),
(191, '', 2017, '2017-01-27 22:45:00', 1, 2, 1, 1, 1, 46, 54, 2, 5, 9, 16, 4, 6, 4, 3, 1, 0, 0, 0, 0, '2017-02-02 19:10:11', '2017-02-02 19:10:11'),
(192, '', 2017, '2017-01-28 15:00:00', 1, 8, 7, 2, 0, 70, 30, 6, 0, 11, 18, 7, 4, 3, 1, 3, 2, 0, 0, 0, '2017-02-02 19:12:00', '2017-02-02 19:12:00'),
(193, '', 2017, '2017-01-28 18:15:00', 1, 16, 15, 0, 0, 60, 39, 61, 39, 19, 18, 7, 2, 2, 2, 3, 2, 0, 0, 0, '2017-02-02 19:14:03', '2017-02-02 19:14:03'),
(194, '', 2017, '2017-01-28 20:30:00', 1, 4, 3, 3, 1, 43, 57, 6, 7, 14, 7, 9, 10, 2, 3, 0, 2, 0, 0, 0, '2017-02-02 19:16:02', '2017-02-02 19:16:02'),
(195, '', 2017, '2017-01-28 22:45:00', 1, 18, 17, 0, 2, 52, 48, 0, 3, 20, 14, 8, 0, 1, 3, 1, 1, 0, 0, 0, '2017-02-02 19:17:34', '2017-02-02 19:17:34'),
(196, '', 2017, '2017-01-30 14:00:00', 1, 6, 5, 1, 1, 34, 66, 7, 4, 17, 12, 8, 2, 1, 2, 2, 3, 0, 0, 0, '2017-02-02 19:19:18', '2017-02-06 16:13:23'),
(197, '', 2017, '2017-01-29 18:15:00', 1, 10, 9, 3, 1, 42, 58, 8, 5, 18, 14, 7, 4, 0, 1, 2, 2, 0, 1, 0, '2017-02-02 19:22:22', '2017-02-02 19:22:22'),
(198, '', 2017, '2017-01-29 20:30:00', 1, 12, 11, 2, 1, 65, 35, 6, 3, 11, 22, 5, 0, 6, 2, 4, 4, 0, 0, 0, '2017-02-02 19:24:04', '2017-02-02 19:24:04'),
(199, '', 2017, '2017-01-29 22:45:00', 1, 14, 13, 3, 0, 43, 57, 4, 3, 15, 12, 0, 3, 3, 2, 2, 3, 0, 1, 0, '2017-02-02 19:26:00', '2017-02-02 19:26:00'),
(200, '', 2017, '2017-01-30 22:45:00', 1, 20, 19, 3, 1, 63, 37, 4, 3, 17, 13, 6, 3, 5, 5, 1, 5, 0, 1, 0, '2017-02-02 19:27:30', '2017-02-02 19:27:30'),
(201, '', 2017, '2017-02-02 22:45:00', 1, 3, 6, 0, 0, 50, 50, 0, 0, 0, 0, 0, 0, 0, 0, 0, 0, 0, 0, 1, '2017-02-07 14:59:10', '2017-02-07 14:59:10'),
(202, '', 2017, '2017-02-04 15:00:00', 1, 1, 10, 0, 1, 58, 42, 5, 3, 10, 18, 17, 2, 2, 1, 1, 4, 0, 0, 0, '2017-02-07 15:08:00', '2017-02-07 15:08:14'),
(203, '', 2017, '2017-02-03 18:15:00', 1, 5, 12, 3, 0, 54, 46, 6, 5, 11, 18, 7, 2, 0, 2, 1, 3, 0, 0, 0, '2017-02-07 16:03:36', '2017-02-07 16:04:54'),
(204, '', 2017, '2017-02-04 20:30:00', 1, 15, 18, 2, 0, 60, 40, 1, 2, 10, 15, 3, 6, 5, 0, 1, 1, 0, 0, 0, '2017-02-07 16:07:37', '2017-02-07 16:07:37'),
(205, '', 2017, '2017-02-04 22:45:00', 1, 19, 4, 0, 4, 48, 52, 1, 7, 12, 10, 2, 6, 3, 2, 2, 1, 1, 0, 0, '2017-02-07 16:09:42', '2017-02-07 16:09:42'),
(206, '', 2017, '2017-02-05 14:00:00', 1, 9, 8, 0, 0, 66, 34, 4, 4, 14, 16, 9, 0, 3, 0, 2, 2, 0, 0, 0, '2017-02-07 19:50:29', '2017-02-07 19:50:29'),
(207, '', 2017, '2017-02-05 18:15:00', 1, 11, 16, 2, 4, 63, 37, 4, 7, 20, 20, 8, 4, 1, 6, 7, 3, 0, 0, 0, '2017-02-07 19:52:57', '2017-02-07 19:52:57'),
(208, '', 2017, '2017-02-05 20:30:00', 1, 13, 2, 3, 2, 58, 42, 6, 5, 6, 22, 3, 2, 2, 1, 2, 2, 0, 0, 0, '2017-02-07 19:54:50', '2017-02-07 19:54:50'),
(209, '', 2017, '2017-02-05 22:45:00', 1, 17, 14, 0, 0, 50, 50, 0, 0, 0, 0, 0, 0, 0, 0, 0, 0, 0, 0, 1, '2017-02-07 19:56:06', '2017-02-07 19:56:06'),
(210, '', 2017, '2017-02-06 22:45:00', 1, 7, 20, 1, 0, 27, 73, 4, 5, 27, 9, 6, 5, 1, 4, 5, 3, 0, 0, 0, '2017-02-07 19:57:53', '2017-02-07 19:57:53'),
(211, '', 2017, '2017-02-10 22:45:00', 1, 10, 13, 1, 2, 38, 62, 2, 5, 15, 14, 5, 6, 4, 3, 3, 2, 0, 0, 0, '2017-02-12 11:21:11', '2017-02-13 11:23:45'),
(212, '', 2017, '2017-02-11 15:00:00', 1, 6, 19, 0, 0, 45, 55, 2, 4, 15, 17, 4, 6, 4, 1, 4, 3, 0, 0, 0, '2017-02-12 11:25:38', '2017-02-13 11:25:04'),
(213, '', 2017, '2017-02-11 18:15:00', 1, 16, 5, 0, 6, 30, 70, 4, 9, 16, 9, 3, 9, 2, 3, 1, 3, 0, 0, 0, '2017-02-12 11:28:34', '2017-02-13 11:26:50'),
(214, '', 2017, '2017-02-11 20:30:00', 1, 12, 3, 2, 1, 51, 49, 5, 3, 12, 11, 3, 2, 4, 1, 1, 2, 0, 0, 0, '2017-02-12 11:30:42', '2017-02-13 11:28:01'),
(215, '', 2017, '2017-02-11 22:45:00', 1, 2, 14, 1, 3, 34, 66, 8, 6, 10, 8, 3, 2, 3, 3, 3, 2, 0, 0, 0, '2017-02-12 11:34:20', '2017-02-13 11:29:17'),
(216, '', 2017, '2017-02-12 18:15:00', 1, 18, 11, 0, 2, 57, 43, 3, 2, 16, 16, 4, 3, 7, 7, 3, 6, 0, 1, 0, '2017-02-13 11:09:47', '2017-02-13 11:52:37'),
(217, '', 2017, '2017-02-12 14:00:00', 1, 8, 1, 1, 1, 56, 44, 5, 5, 14, 12, 9, 9, 1, 2, 0, 5, 1, 0, 0, '2017-02-13 11:43:39', '2017-02-13 11:52:44'),
(218, '', 2017, '2017-02-12 20:30:00', 1, 20, 9, 0, 1, 56, 44, 7, 3, 15, 16, 1, 4, 2, 5, 2, 4, 0, 0, 0, '2017-02-13 11:48:00', '2017-02-13 11:52:50'),
(219, '', 2017, '2017-02-12 22:45:00', 1, 15, 17, 3, 2, 45, 55, 5, 6, 11, 13, 3, 3, 1, 1, 1, 2, 0, 0, 0, '2017-02-13 11:49:58', '2017-02-13 11:52:56'),
(220, '', 2017, '2017-02-13 22:45:00', 1, 4, 7, 4, 0, 54, 46, 9, 3, 11, 14, 7, 8, 4, 4, 2, 2, 0, 0, 0, '2017-02-14 15:33:44', '2017-02-14 15:33:44'),
(221, '', 2016, '2016-08-15 22:00:00', 2, 39, 40, 2, 1, 62, 38, 6, 3, 16, 16, 7, 1, 1, 1, 5, 2, 0, 0, 0, '2017-02-14 17:12:19', '2017-03-07 09:20:45'),
(222, '', 2016, '2016-08-14 18:00:00', 2, 37, 38, 3, 4, 51, 49, 5, 7, 13, 17, 5, 4, 4, 3, 3, 3, 0, 0, 0, '2017-02-14 17:12:19', '2017-03-07 09:21:06'),
(223, '', 2016, '2016-08-14 15:30:00', 2, 35, 36, 1, 3, 47, 53, 3, 7, 7, 10, 4, 2, 3, 4, 0, 1, 0, 0, 0, '2017-02-14 17:12:19', '2017-03-07 09:21:28'),
(224, '', 2016, '2016-08-13 19:30:00', 2, 33, 34, 2, 1, 77, 23, 4, 3, 11, 14, 9, 6, 1, 2, 1, 2, 0, 0, 0, '2017-02-14 17:12:20', '2017-03-07 09:21:58'),
(225, '', 2016, '2016-08-13 17:00:00', 2, 29, 30, 1, 1, 46, 54, 2, 1, 18, 14, 9, 6, 1, 2, 3, 5, 0, 0, 0, '2017-02-14 17:12:20', '2017-03-07 09:23:44'),
(226, '', 2016, '2016-08-13 17:00:00', 2, 27, 28, 0, 1, 62, 38, 4, 3, 12, 15, 3, 6, 0, 2, 2, 2, 0, 0, 0, '2017-02-14 17:12:20', '2017-03-07 09:23:15'),
(227, '', 2016, '2016-08-13 17:00:00', 2, 25, 26, 0, 1, 47, 53, 3, 9, 10, 14, 7, 4, 3, 2, 3, 2, 0, 0, 0, '2017-02-14 17:12:20', '2017-03-07 09:22:45'),
(228, '', 2016, '2016-08-13 17:00:00', 2, 23, 24, 1, 1, 64, 36, 6, 1, 8, 12, 6, 2, 1, 0, 1, 2, 0, 1, 0, '2017-02-14 17:12:20', '2017-03-06 20:43:05'),
(229, '', 2016, '2016-08-13 17:00:00', 2, 31, 32, 1, 1, 42, 58, 6, 4, 10, 14, 5, 6, 5, 0, 0, 0, 0, 0, 0, '2017-02-14 17:12:20', '2017-03-07 09:24:30'),
(230, '', 2016, '2016-08-13 14:30:00', 2, 21, 22, 2, 1, 50, 50, 5, 5, 8, 17, 5, 3, 1, 0, 2, 2, 0, 0, 0, '2017-02-14 17:12:20', '2017-03-07 09:25:02'),
(231, '', 2016, '2016-08-21 18:00:00', 2, 40, 35, 1, 0, 47, 53, 2, 5, 15, 15, 1, 6, 1, 1, 3, 2, 0, 1, 0, '2017-02-14 17:17:26', '2017-03-06 20:41:20'),
(232, '', 2016, '2016-08-21 15:30:00', 2, 34, 29, 1, 2, 47, 53, 5, 3, 11, 14, 8, 1, 2, 0, 1, 1, 0, 0, 0, '2017-02-14 17:17:26', '2017-03-07 09:17:09'),
(233, '', 2016, '2016-08-20 19:30:00', 2, 22, 37, 0, 0, 40, 60, 1, 4, 11, 7, 2, 7, 1, 2, 1, 2, 0, 0, 0, '2017-02-14 17:17:26', '2017-03-07 09:17:57'),
(234, '', 2016, '2016-08-20 17:00:00', 2, 24, 39, 1, 2, 38, 62, 2, 4, 20, 10, 0, 5, 1, 2, 4, 3, 0, 0, 0, '2017-02-14 17:17:26', '2017-03-07 09:18:51'),
(235, '', 2016, '2016-08-20 17:00:00', 2, 26, 21, 0, 2, 57, 43, 3, 4, 7, 10, 8, 3, 0, 5, 0, 0, 0, 0, 0, '2017-02-14 17:17:26', '2017-03-07 09:19:18'),
(236, '', 2016, '2016-08-20 17:00:00', 2, 25, 38, 2, 0, 20, 80, 2, 5, 14, 5, 1, 12, 3, 0, 0, 1, 0, 0, 0, '2017-02-14 17:17:26', '2017-03-07 09:18:23'),
(237, '', 2016, '2016-08-20 17:00:00', 2, 28, 31, 1, 2, 34, 66, 4, 7, 16, 10, 7, 4, 0, 1, 3, 1, 0, 0, 0, '2017-02-14 17:17:26', '2017-03-07 09:19:49'),
(238, '', 2016, '2016-08-20 17:00:00', 2, 32, 27, 1, 0, 57, 43, 5, 2, 19, 9, 10, 4, 2, 0, 3, 3, 0, 0, 0, '2017-02-14 17:17:26', '2017-03-07 09:20:12'),
(239, '', 2016, '2016-08-20 15:30:00', 2, 30, 33, 1, 4, 43, 58, 3, 6, 12, 13, 7, 7, 3, 1, 3, 4, 0, 0, 0, '2017-02-14 17:17:26', '2017-02-14 17:17:26'),
(240, '', 2016, '2016-08-19 23:00:00', 2, 36, 23, 2, 0, 43, 57, 5, 1, 11, 8, 4, 0, 2, 2, 0, 0, 0, 0, 0, '2017-02-14 17:17:26', '2017-02-14 17:17:26'),
(241, '', 2016, '2016-08-28 18:00:00', 2, 33, 40, 3, 1, 67, 33, 5, 2, 5, 10, 5, 4, 3, 3, 1, 3, 0, 0, 0, '2017-02-14 18:29:04', '2017-03-07 09:11:46'),
(242, '', 2016, '2016-08-28 15:30:00', 2, 28, 29, 0, 0, 41, 59, 2, 2, 12, 11, 5, 4, 1, 3, 1, 3, 0, 0, 0, '2017-02-14 18:29:04', '2017-03-07 09:12:10'),
(243, '', 2016, '2016-08-27 19:30:00', 2, 21, 36, 0, 1, 38, 62, 2, 9, 9, 6, 1, 6, 0, 1, 2, 3, 0, 0, 0, '2017-02-14 18:29:04', '2017-03-07 09:12:32'),
(244, '', 2016, '2016-08-27 17:00:00', 2, 27, 35, 1, 1, 59, 41, 5, 3, 15, 10, 10, 4, 5, 2, 3, 1, 0, 0, 0, '2017-02-14 18:29:04', '2017-03-07 09:13:06'),
(245, '', 2016, '2016-08-27 17:00:00', 2, 24, 37, 1, 3, 45, 55, 6, 7, 18, 15, 3, 2, 1, 2, 6, 1, 0, 0, 0, '2017-02-14 18:29:04', '2017-03-07 09:13:30'),
(246, '', 2016, '2016-08-27 17:00:00', 2, 23, 34, 1, 1, 64, 36, 7, 2, 15, 8, 5, 5, 4, 2, 2, 2, 0, 0, 0, '2017-02-14 18:29:04', '2017-03-07 09:13:54'),
(247, '', 2016, '2016-08-27 17:00:00', 2, 22, 26, 2, 1, 52, 48, 6, 3, 14, 10, 4, 6, 3, 1, 2, 2, 0, 0, 0, '2017-02-14 18:29:04', '2017-03-07 09:14:30'),
(248, '', 2016, '2016-08-27 17:00:00', 2, 31, 30, 1, 0, 55, 45, 9, 1, 14, 11, 9, 2, 3, 1, 2, 1, 0, 0, 0, '2017-02-14 18:29:04', '2017-03-07 09:15:06'),
(249, '', 2016, '2016-08-27 17:00:00', 2, 39, 25, 3, 0, 60, 40, 10, 0, 6, 9, 9, 5, 1, 2, 2, 2, 0, 0, 0, '2017-02-14 18:29:04', '2017-03-07 09:15:53'),
(250, '', 2016, '2016-08-27 14:30:00', 2, 32, 38, 1, 1, 49, 51, 4, 3, 11, 17, 5, 5, 2, 6, 3, 5, 0, 0, 0, '2017-02-14 18:29:04', '2017-03-07 09:16:15'),
(251, '', 2016, '2016-09-12 22:00:00', 2, 34, 31, 0, 3, 33, 67, 2, 9, 11, 8, 5, 4, 0, 1, 1, 1, 0, 0, 0, '2017-02-14 18:33:09', '2017-03-07 09:06:26'),
(252, '', 2016, '2016-09-11 18:00:00', 2, 26, 39, 2, 2, 45, 55, 2, 7, 17, 9, 1, 11, 0, 3, 3, 4, 0, 0, 0, '2017-02-14 18:33:09', '2017-03-07 09:06:55'),
(253, '', 2016, '2016-09-10 19:30:00', 2, 38, 22, 4, 1, 62, 38, 11, 3, 4, 8, 1, 7, 3, 1, 1, 3, 0, 0, 0, '2017-02-14 18:33:09', '2017-03-07 09:07:25'),
(254, '', 2016, '2016-09-10 17:00:00', 2, 30, 32, 0, 4, 40, 60, 2, 8, 13, 18, 10, 8, 2, 0, 3, 2, 0, 0, 0, '2017-02-14 18:33:09', '2017-03-07 09:07:57'),
(255, '', 2016, '2016-09-10 17:00:00', 2, 25, 21, 1, 1, 39, 61, 2, 3, 13, 3, 5, 9, 0, 3, 2, 0, 0, 0, 0, '2017-02-14 18:33:09', '2017-03-07 09:08:23'),
(256, '', 2016, '2016-09-10 17:00:00', 2, 35, 28, 1, 0, 63, 37, 5, 2, 9, 11, 10, 5, 1, 1, 1, 3, 0, 0, 0, '2017-02-14 18:33:09', '2017-03-07 09:09:17'),
(257, '', 2016, '2016-09-10 17:00:00', 2, 40, 24, 2, 4, 58, 42, 4, 8, 10, 15, 4, 4, 2, 1, 2, 2, 0, 0, 0, '2017-02-14 18:33:09', '2017-03-07 09:09:41'),
(258, '', 2016, '2016-09-10 17:00:00', 2, 29, 27, 1, 2, 58, 42, 4, 4, 5, 9, 6, 6, 3, 1, 1, 2, 0, 0, 0, '2017-02-14 18:33:09', '2017-03-07 09:10:05'),
(259, '', 2016, '2016-09-10 17:00:00', 2, 37, 23, 2, 1, 57, 43, 2, 5, 10, 8, 6, 1, 0, 2, 2, 5, 0, 0, 0, '2017-02-14 18:33:09', '2017-03-07 09:10:40'),
(260, '', 2016, '2016-09-10 14:30:00', 2, 36, 33, 1, 2, 40, 60, 3, 6, 15, 10, 4, 4, 3, 3, 4, 2, 0, 0, 0, '2017-02-14 18:33:09', '2017-03-07 09:11:07'),
(261, '', 2016, '2016-09-18 18:30:00', 2, 32, 34, 1, 0, 74, 26, 9, 2, 7, 16, 14, 1, 0, 0, 1, 6, 0, 1, 0, '2017-02-14 18:38:41', '2017-03-07 09:00:17'),
(262, '', 2016, '2016-09-18 16:15:00', 2, 27, 30, 4, 1, 57, 43, 8, 4, 15, 9, 10, 5, 2, 3, 2, 1, 0, 0, 0, '2017-02-14 18:38:41', '2017-03-07 09:01:10'),
(263, '', 2016, '2016-09-18 16:15:00', 2, 23, 26, 1, 0, 53, 47, 6, 3, 14, 9, 7, 1, 5, 1, 1, 1, 0, 0, 0, '2017-02-14 18:38:41', '2017-03-07 09:01:48'),
(264, '', 2016, '2016-09-18 14:00:00', 2, 24, 36, 3, 1, 40, 60, 5, 2, 14, 19, 5, 7, 0, 2, 3, 4, 0, 0, 0, '2017-02-14 18:38:41', '2017-03-07 09:02:16'),
(265, '', 2016, '2016-09-17 19:30:00', 2, 31, 29, 3, 1, 52, 48, 6, 0, 5, 15, 6, 3, 4, 3, 2, 1, 0, 0, 0, '2017-02-14 18:38:41', '2017-03-07 09:02:47'),
(266, '', 2016, '2016-09-17 17:00:00', 2, 28, 40, 4, 2, 30, 70, 6, 5, 14, 6, 2, 6, 1, 1, 2, 1, 0, 0, 0, '2017-02-14 18:38:42', '2017-03-07 09:03:29'),
(267, '', 2016, '2016-09-17 17:00:00', 2, 33, 35, 4, 0, 64, 36, 11, 2, 8, 11, 5, 5, 1, 2, 2, 1, 1, 0, 0, '2017-02-14 18:38:42', '2017-03-07 09:04:03'),
(268, '', 2016, '2016-09-17 17:00:00', 2, 21, 37, 1, 4, 39, 61, 2, 9, 9, 12, 2, 4, 3, 2, 0, 3, 1, 0, 0, '2017-02-14 18:38:42', '2017-03-07 09:04:29'),
(269, '', 2016, '2016-09-17 17:00:00', 2, 22, 25, 3, 0, 59, 41, 6, 2, 10, 9, 7, 1, 2, 4, 0, 1, 0, 0, 0, '2017-02-14 18:38:42', '2017-03-07 09:05:11'),
(270, '', 2016, '2016-09-16 22:00:00', 2, 39, 38, 1, 2, 53, 47, 4, 5, 6, 13, 6, 4, 6, 2, 1, 1, 0, 0, 0, '2017-02-14 18:38:42', '2017-03-07 09:05:47'),
(271, '', 2016, '2016-09-26 22:00:00', 2, 25, 24, 2, 0, 44, 56, 4, 2, 11, 15, 7, 6, 5, 0, 1, 3, 0, 0, 0, '2017-02-14 18:41:21', '2017-03-07 08:53:19'),
(272, '', 2016, '2016-09-25 18:00:00', 2, 40, 23, 0, 3, 45, 55, 1, 9, 9, 14, 6, 2, 0, 0, 5, 2, 0, 0, 0, '2017-02-14 18:41:21', '2017-03-07 08:54:03'),
(273, '', 2016, '2016-09-24 19:30:00', 2, 37, 39, 3, 0, 50, 50, 5, 2, 9, 11, 9, 1, 5, 2, 0, 2, 0, 0, 0, '2017-02-14 18:41:21', '2017-03-07 08:54:58'),
(274, '', 2016, '2016-09-24 17:00:00', 2, 35, 31, 1, 0, 53, 47, 1, 2, 10, 14, 5, 3, 1, 2, 2, 2, 0, 0, 0, '2017-02-14 18:41:21', '2017-03-07 08:56:09'),
(275, '', 2016, '2016-09-24 17:00:00', 2, 34, 27, 2, 3, 45, 55, 4, 4, 15, 12, 3, 5, 3, 2, 0, 2, 0, 0, 0, '2017-02-14 18:41:21', '2017-03-07 08:56:41'),
(276, '', 2016, '2016-09-24 17:00:00', 2, 29, 32, 1, 2, 42, 58, 2, 5, 14, 9, 2, 10, 0, 3, 2, 1, 0, 0, 0, '2017-02-14 18:41:21', '2017-03-07 08:57:07'),
(277, '', 2016, '2016-09-24 17:00:00', 2, 38, 21, 5, 1, 74, 26, 12, 1, 8, 8, 13, 2, 0, 1, 1, 2, 0, 1, 0, '2017-02-14 18:41:21', '2017-03-07 08:57:35'),
(278, '', 2016, '2016-09-24 17:00:00', 2, 26, 33, 1, 3, 42, 58, 5, 4, 15, 9, 2, 7, 1, 2, 2, 6, 0, 0, 0, '2017-02-14 18:41:21', '2017-03-07 08:58:05'),
(279, '', 2016, '2016-09-24 17:00:00', 2, 30, 28, 1, 1, 56, 44, 2, 3, 9, 13, 6, 6, 1, 1, 3, 4, 0, 0, 0, '2017-02-14 18:41:21', '2017-03-07 08:58:53'),
(280, '', 2016, '2016-09-24 14:30:00', 2, 36, 22, 4, 1, 67, 33, 7, 3, 9, 12, 8, 6, 4, 1, 0, 2, 0, 0, 0, '2017-02-14 18:41:21', '2017-03-07 08:59:23'),
(281, '', 2016, '2016-10-02 18:30:00', 2, 25, 37, 0, 1, 33, 67, 1, 3, 2, 3, 2, 6, 4, 0, 0, 0, 0, 0, 0, '2017-02-14 18:44:12', '2017-03-07 08:47:03'),
(282, '', 2016, '2016-10-02 16:15:00', 2, 32, 33, 2, 0, 42, 58, 7, 6, 20, 10, 4, 3, 8, 5, 2, 2, 0, 0, 0, '2017-02-14 18:44:12', '2017-03-07 08:47:44'),
(283, '', 2016, '2016-10-02 16:15:00', 2, 22, 23, 0, 0, 38, 62, 1, 5, 9, 9, 3, 6, 1, 2, 1, 0, 0, 0, 0, '2017-02-14 18:44:12', '2017-03-07 08:48:17'),
(284, '', 2016, '2016-10-02 14:00:00', 2, 36, 30, 1, 1, 67, 33, 9, 6, 14, 9, 13, 2, 1, 1, 3, 0, 0, 0, 0, '2017-02-14 18:44:12', '2017-03-07 08:48:52'),
(285, '', 2016, '2016-10-01 17:00:00', 2, 24, 35, 2, 2, 48, 52, 7, 2, 17, 12, 4, 5, 0, 2, 3, 4, 0, 0, 0, '2017-02-14 18:44:12', '2017-03-07 08:49:21'),
(286, '', 2016, '2016-10-01 17:00:00', 2, 21, 39, 0, 2, 41, 59, 2, 9, 13, 15, 5, 7, 1, 0, 2, 2, 0, 0, 0, '2017-02-14 18:44:12', '2017-03-07 08:49:48'),
(287, '', 2016, '2016-10-01 17:00:00', 2, 40, 29, 1, 1, 40, 60, 2, 3, 13, 12, 4, 5, 5, 2, 2, 3, 0, 0, 0, '2017-02-14 18:44:12', '2017-03-07 08:50:40'),
(288, '', 2016, '2016-10-01 17:00:00', 2, 34, 28, 1, 1, 56, 44, 2, 7, 7, 13, 6, 5, 2, 1, 1, 3, 0, 0, 0, '2017-02-14 18:44:12', '2017-03-07 08:51:16'),
(289, '', 2016, '2016-10-01 14:30:00', 2, 26, 38, 1, 2, 41, 59, 3, 6, 11, 9, 3, 10, 1, 2, 2, 2, 0, 0, 0, '2017-02-14 18:44:12', '2017-03-07 08:51:52'),
(290, '', 2016, '2016-09-30 22:00:00', 2, 31, 27, 1, 1, 57, 43, 3, 2, 16, 11, 10, 9, 3, 1, 5, 5, 0, 0, 0, '2017-02-14 18:44:12', '2017-03-07 08:52:21'),
(291, '', 2016, '2016-10-17 22:00:00', 2, 38, 36, 0, 0, 65, 35, 3, 1, 14, 20, 3, 1, 2, 5, 0, 4, 0, 0, 0, '2017-02-14 18:48:17', '2017-03-07 08:19:22'),
(292, '', 2016, '2016-10-16 18:00:00', 2, 23, 25, 3, 1, 65, 35, 14, 1, 11, 10, 8, 4, 0, 1, 1, 2, 0, 0, 0, '2017-02-14 18:48:17', '2017-03-07 08:19:47'),
(293, '', 2016, '2016-10-16 15:30:00', 2, 29, 24, 0, 1, 64, 36, 3, 2, 15, 10, 4, 6, 0, 1, 4, 1, 0, 0, 0, '2017-02-14 18:48:18', '2017-03-07 08:20:15'),
(294, '', 2016, '2016-10-15 19:30:00', 2, 27, 40, 0, 1, 55, 45, 3, 4, 12, 13, 7, 6, 1, 1, 1, 4, 0, 1, 0, '2017-02-14 18:48:18', '2017-03-07 08:20:46'),
(295, '', 2016, '2016-10-15 17:00:00', 2, 30, 34, 2, 0, 57, 43, 6, 1, 10, 13, 6, 4, 2, 2, 1, 1, 0, 0, 0, '2017-02-14 18:48:18', '2017-03-07 08:44:31'),
(296, '', 2016, '2016-10-15 17:00:00', 2, 35, 21, 6, 1, 50, 51, 10, 4, 8, 14, 5, 4, 0, 0, 0, 3, 0, 0, 0, '2017-02-14 18:48:18', '2017-03-07 08:22:29'),
(297, '', 2016, '2016-10-15 17:00:00', 2, 28, 32, 1, 1, 29, 72, 4, 8, 14, 10, 5, 8, 1, 3, 2, 2, 0, 0, 0, '2017-02-14 18:48:18', '2017-03-07 08:45:13'),
(298, '', 2016, '2016-10-15 17:00:00', 2, 33, 31, 1, 1, 73, 27, 8, 2, 7, 9, 13, 1, 0, 6, 0, 2, 0, 0, 0, '2017-02-14 18:48:18', '2017-03-07 08:45:46'),
(299, '', 2016, '2016-10-15 17:00:00', 2, 37, 26, 3, 2, 49, 51, 6, 6, 7, 10, 5, 6, 9, 2, 0, 1, 1, 0, 0, '2017-02-14 18:48:18', '2017-03-07 08:22:01'),
(300, '', 2016, '2016-10-15 14:30:00', 2, 39, 22, 3, 0, 55, 45, 6, 0, 6, 12, 8, 5, 0, 1, 1, 1, 0, 0, 0, '2017-02-14 18:48:18', '2017-03-07 08:46:30'),
(301, '', 2016, '2016-10-23 18:00:00', 2, 39, 36, 4, 0, 44, 56, 6, 5, 7, 17, 5, 7, 2, 3, 3, 2, 0, 0, 0, '2017-02-14 19:27:50', '2017-02-14 19:27:50'),
(302, '', 2016, '2016-10-23 15:30:00', 2, 33, 23, 1, 1, 65, 35, 3, 2, 11, 10, 10, 3, 1, 4, 3, 3, 0, 0, 0, '2017-02-14 19:27:50', '2017-02-14 19:27:50'),
(303, '', 2016, '2016-10-22 19:30:00', 2, 38, 28, 2, 1, 68, 33, 7, 1, 9, 13, 3, 2, 3, 3, 1, 3, 0, 0, 0, '2017-02-14 19:27:50', '2017-02-14 19:27:50'),
(304, '', 2016, '2016-10-22 17:00:00', 2, 21, 30, 0, 2, 49, 51, 2, 6, 16, 8, 5, 7, 1, 0, 2, 3, 0, 0, 0, '2017-02-14 19:27:50', '2017-02-14 19:27:50'),
(305, '', 2016, '2016-10-22 17:00:00', 2, 25, 31, 2, 1, 35, 65, 3, 8, 16, 15, 2, 8, 1, 1, 2, 3, 0, 0, 0, '2017-02-14 19:27:50', '2017-02-14 19:27:50'),
(306, '', 2016, '2016-10-22 17:00:00', 2, 40, 34, 1, 0, 64, 36, 3, 2, 10, 13, 6, 2, 3, 1, 2, 5, 0, 0, 0, '2017-02-14 19:27:50', '2017-02-14 19:27:50'),
(307, '', 2016, '2016-10-22 17:00:00', 2, 22, 27, 3, 1, 45, 55, 4, 7, 10, 8, 8, 8, 1, 3, 0, 0, 0, 0, 0, '2017-02-14 19:27:50', '2017-02-14 19:27:50'),
(308, '', 2016, '2016-10-22 17:00:00', 2, 37, 29, 0, 0, 75, 25, 6, 4, 6, 13, 8, 3, 5, 2, 1, 0, 0, 0, 0, '2017-02-14 19:27:50', '2017-02-14 19:27:50'),
(309, '', 2016, '2016-10-22 17:00:00', 2, 26, 24, 0, 0, 54, 46, 5, 2, 15, 16, 7, 2, 1, 4, 2, 1, 0, 0, 0, '2017-02-14 19:27:50', '2017-02-14 19:27:50'),
(310, '', 2016, '2016-10-22 14:30:00', 2, 35, 32, 0, 0, 38, 62, 1, 4, 10, 15, 7, 4, 1, 3, 2, 4, 0, 0, 0, '2017-02-14 19:27:50', '2017-02-14 19:27:50'),
(311, '', 2016, '2016-10-31 23:00:00', 2, 30, 26, 3, 1, 46, 54, 4, 6, 7, 14, 6, 4, 2, 1, 2, 0, 0, 0, 0, '2017-02-14 19:32:42', '2017-02-14 19:32:42'),
(312, '', 2016, '2016-10-30 19:00:00', 2, 23, 39, 0, 2, 55, 45, 1, 7, 13, 16, 7, 3, 2, 0, 0, 0, 0, 0, 0, '2017-02-14 19:32:42', '2017-02-14 19:32:42'),
(313, '', 2016, '2016-10-30 16:30:00', 2, 31, 40, 2, 0, 49, 51, 6, 3, 15, 12, 8, 8, 2, 1, 2, 3, 0, 0, 0, '2017-02-14 19:32:42', '2017-02-14 19:32:42'),
(314, '', 2016, '2016-10-29 19:30:00', 2, 27, 38, 2, 4, 45, 55, 6, 10, 15, 5, 3, 3, 4, 1, 1, 2, 0, 0, 0, '2017-02-14 19:32:42', '2017-02-14 19:32:42'),
(315, '', 2016, '2016-10-29 17:00:00', 2, 28, 33, 0, 4, 30, 70, 1, 8, 17, 10, 1, 7, 3, 3, 4, 3, 0, 0, 0, '2017-02-14 19:32:42', '2017-02-14 19:32:42'),
(316, '', 2016, '2016-10-29 17:00:00', 2, 32, 22, 1, 1, 64, 36, 5, 1, 11, 20, 8, 1, 2, 1, 3, 4, 0, 0, 0, '2017-02-14 19:32:42', '2017-02-14 19:32:42'),
(317, '', 2016, '2016-10-29 17:00:00', 2, 29, 35, 2, 0, 40, 60, 3, 3, 7, 7, 4, 9, 0, 0, 2, 1, 0, 0, 0, '2017-02-14 19:32:42', '2017-02-14 19:32:42'),
(318, '', 2016, '2016-10-29 17:00:00', 2, 24, 21, 1, 0, 54, 46, 1, 2, 13, 8, 7, 2, 0, 2, 1, 2, 0, 0, 0, '2017-02-14 19:32:42', '2017-02-14 19:32:42'),
(319, '', 2016, '2016-10-29 17:00:00', 2, 36, 25, 0, 0, 72, 28, 11, 1, 12, 9, 19, 1, 0, 2, 2, 3, 1, 0, 0, '2017-02-14 19:32:42', '2017-03-06 20:37:32'),
(320, '', 2016, '2016-10-29 14:30:00', 2, 34, 37, 1, 4, 34, 66, 1, 7, 9, 13, 0, 8, 6, 1, 4, 3, 0, 0, 0, '2017-02-14 19:32:42', '2017-02-14 19:32:42'),
(321, '', 2016, '2016-11-06 19:30:00', 2, 22, 28, 1, 2, 59, 41, 2, 5, 8, 8, 5, 6, 4, 0, 0, 2, 0, 0, 0, '2017-02-14 19:40:31', '2017-02-14 19:40:31'),
(322, '', 2016, '2016-11-06 18:00:00', 2, 26, 36, 1, 3, 37, 63, 1, 3, 9, 16, 2, 0, 0, 1, 0, 2, 0, 0, 0, '2017-02-14 19:40:31', '2017-02-14 19:40:31'),
(323, '', 2016, '2016-11-06 17:15:00', 2, 38, 24, 6, 1, 60, 40, 17, 8, 14, 10, 6, 3, 1, 2, 1, 2, 0, 0, 0, '2017-02-14 19:40:31', '2017-02-14 19:40:31'),
(324, '', 2016, '2016-11-06 17:15:00', 2, 21, 23, 2, 1, 34, 66, 2, 7, 13, 15, 1, 10, 1, 1, 0, 5, 0, 0, 0, '2017-02-14 19:40:31', '2017-02-14 19:40:31'),
(325, '', 2016, '2016-11-06 15:00:00', 2, 37, 32, 1, 1, 46, 54, 2, 3, 11, 17, 7, 2, 7, 1, 1, 2, 0, 0, 0, '2017-02-14 19:40:31', '2017-02-14 19:40:31'),
(326, '', 2016, '2016-11-05 20:30:00', 2, 39, 31, 5, 0, 60, 40, 9, 0, 5, 16, 4, 2, 2, 1, 0, 3, 0, 0, 0, '2017-02-14 19:40:31', '2017-02-14 19:40:31'),
(327, '', 2016, '2016-11-05 18:00:00', 2, 25, 27, 3, 2, 38, 62, 7, 5, 11, 12, 4, 7, 3, 3, 1, 2, 0, 0, 0, '2017-02-14 19:40:31', '2017-02-14 19:40:31'),
(328, '', 2016, '2016-11-05 18:00:00', 2, 35, 34, 1, 2, 70, 30, 7, 4, 14, 17, 12, 2, 1, 2, 3, 3, 0, 1, 0, '2017-02-14 19:40:31', '2017-03-06 20:37:04'),
(329, '', 2016, '2016-11-05 18:00:00', 2, 40, 30, 1, 1, 58, 42, 2, 4, 11, 10, 6, 4, 4, 1, 4, 1, 0, 0, 0, '2017-02-14 19:40:31', '2017-02-14 19:40:31'),
(330, '', 2016, '2016-11-05 18:00:00', 2, 33, 29, 1, 1, 71, 29, 7, 3, 7, 15, 8, 2, 5, 2, 1, 3, 0, 0, 0, '2017-02-14 19:40:31', '2017-02-14 19:40:31'),
(331, '', 2016, '2016-11-21 23:00:00', 2, 28, 25, 4, 0, 46, 55, 6, 2, 12, 12, 4, 3, 2, 3, 0, 0, 0, 0, 0, '2017-02-14 19:48:25', '2017-02-14 19:48:25'),
(332, '', 2016, '2016-11-20 19:00:00', 2, 29, 39, 0, 1, 42, 58, 1, 3, 13, 10, 2, 3, 0, 1, 2, 3, 0, 0, 0, '2017-02-14 19:48:25', '2017-02-14 19:48:25');
INSERT INTO `play` (`id`, `link`, `year`, `date`, `league_id`, `home_team_id`, `away_team_id`, `home_score_full`, `away_score_full`, `h_tid_posses`, `a_tid_posses`, `h_tid_shot_on_goal`, `a_tid_shot_on_goal`, `h_tid_foul`, `a_tid_foul`, `h_tid_corner`, `a_tid_corner`, `h_tid_offside`, `a_tid_offside`, `h_tid_yellow_cart`, `a_tid_yellow_cart`, `h_tid_red_cart`, `a_tid_red_cart`, `delay`, `created_at`, `updated_at`) VALUES
(333, '', 2016, '2016-11-19 20:30:00', 2, 32, 40, 3, 2, 67, 33, 6, 3, 13, 16, 4, 5, 2, 6, 3, 3, 0, 1, 0, '2017-02-14 19:48:25', '2017-03-06 20:35:56'),
(334, '', 2016, '2016-11-19 18:00:00', 2, 34, 21, 3, 0, 41, 59, 4, 7, 9, 8, 2, 8, 1, 1, 2, 0, 1, 0, 0, '2017-02-14 19:48:25', '2017-03-06 20:36:23'),
(335, '', 2016, '2016-11-19 18:00:00', 2, 23, 38, 0, 0, 36, 65, 0, 2, 8, 11, 1, 8, 2, 2, 1, 1, 0, 0, 0, '2017-02-14 19:48:25', '2017-02-14 19:48:25'),
(336, '', 2016, '2016-11-19 18:00:00', 2, 27, 33, 1, 2, 38, 62, 2, 4, 12, 15, 2, 7, 1, 1, 1, 2, 0, 0, 0, '2017-02-14 19:48:25', '2017-02-14 19:48:25'),
(337, '', 2016, '2016-11-19 18:00:00', 2, 30, 35, 0, 1, 51, 49, 6, 2, 17, 10, 3, 4, 2, 3, 3, 3, 0, 0, 0, '2017-02-14 19:48:25', '2017-02-14 19:48:25'),
(338, '', 2016, '2016-11-19 18:00:00', 2, 31, 26, 1, 1, 63, 37, 6, 3, 13, 12, 10, 3, 1, 4, 5, 2, 0, 0, 0, '2017-02-14 19:48:26', '2017-02-14 19:48:26'),
(339, '', 2016, '2016-11-19 18:00:00', 2, 24, 22, 2, 1, 46, 54, 3, 2, 12, 18, 4, 6, 1, 0, 2, 3, 0, 0, 0, '2017-02-14 19:48:26', '2017-02-14 19:48:26'),
(340, '', 2016, '2016-11-19 15:30:00', 2, 36, 37, 1, 1, 46, 55, 5, 1, 14, 11, 10, 4, 3, 0, 3, 3, 0, 0, 0, '2017-02-14 19:48:26', '2017-02-14 19:48:26'),
(341, '', 2016, '2016-11-27 19:30:00', 2, 23, 31, 1, 0, 53, 47, 7, 1, 11, 15, 5, 2, 0, 0, 0, 2, 0, 0, 0, '2017-02-14 19:50:34', '2017-02-14 19:50:34'),
(342, '', 2016, '2016-11-27 19:30:00', 2, 36, 40, 1, 1, 68, 32, 8, 2, 16, 16, 8, 4, 4, 2, 3, 1, 0, 0, 0, '2017-02-14 19:50:34', '2017-02-14 19:50:34'),
(343, '', 2016, '2016-11-27 17:15:00', 2, 37, 35, 3, 1, 52, 49, 3, 3, 12, 13, 3, 10, 1, 4, 3, 5, 0, 0, 0, '2017-02-14 19:50:34', '2017-02-14 19:50:34'),
(344, '', 2016, '2016-11-27 15:00:00', 2, 24, 30, 0, 1, 50, 50, 2, 1, 24, 14, 3, 3, 1, 6, 4, 0, 1, 0, 0, '2017-02-14 19:50:34', '2017-03-06 20:35:19'),
(345, '', 2016, '2016-11-26 20:30:00', 2, 39, 32, 2, 1, 46, 54, 5, 6, 13, 16, 3, 8, 3, 3, 2, 1, 0, 0, 0, '2017-02-14 19:50:34', '2017-02-14 19:50:34'),
(346, '', 2016, '2016-11-26 18:00:00', 2, 38, 34, 2, 0, 77, 23, 7, 1, 5, 9, 9, 4, 0, 1, 1, 3, 0, 0, 0, '2017-02-14 19:50:34', '2017-02-14 19:50:34'),
(347, '', 2016, '2016-11-26 18:00:00', 2, 21, 28, 1, 1, 53, 47, 4, 2, 7, 10, 2, 6, 1, 0, 3, 2, 0, 0, 0, '2017-02-14 19:50:34', '2017-02-14 19:50:34'),
(348, '', 2016, '2016-11-26 18:00:00', 2, 26, 27, 5, 4, 57, 44, 9, 4, 12, 24, 10, 6, 2, 1, 4, 5, 0, 0, 0, '2017-02-14 19:50:34', '2017-02-14 19:50:34'),
(349, '', 2016, '2016-11-26 18:00:00', 2, 22, 29, 2, 2, 41, 59, 3, 2, 15, 12, 2, 3, 3, 1, 4, 4, 0, 0, 0, '2017-02-14 19:50:34', '2017-02-14 19:50:34'),
(350, '', 2016, '2016-11-26 15:30:00', 2, 25, 33, 1, 2, 33, 67, 5, 5, 8, 15, 5, 8, 4, 3, 2, 3, 0, 0, 0, '2017-02-14 19:50:34', '2017-02-14 19:50:34'),
(351, '', 2016, '2016-12-05 23:00:00', 2, 29, 21, 1, 0, 61, 39, 4, 2, 6, 10, 13, 7, 3, 2, 1, 1, 0, 0, 0, '2017-02-14 19:52:57', '2017-02-14 19:52:57'),
(352, '', 2016, '2016-12-04 19:00:00', 2, 31, 36, 1, 1, 46, 55, 6, 2, 13, 11, 6, 3, 3, 4, 2, 3, 0, 0, 0, '2017-02-14 19:52:58', '2017-02-14 19:52:58'),
(353, '', 2016, '2016-12-04 16:30:00', 2, 35, 38, 4, 3, 40, 60, 8, 3, 9, 17, 4, 9, 1, 1, 2, 2, 0, 0, 0, '2017-02-14 19:52:58', '2017-02-14 19:52:58'),
(354, '', 2016, '2016-12-03 20:30:00', 2, 40, 37, 1, 5, 51, 50, 3, 10, 10, 11, 3, 2, 0, 2, 3, 3, 0, 0, 0, '2017-02-14 19:52:58', '2017-02-14 19:52:58'),
(355, '', 2016, '2016-12-03 18:00:00', 2, 32, 26, 5, 0, 60, 40, 15, 0, 11, 17, 5, 0, 3, 4, 0, 4, 0, 0, 0, '2017-02-14 19:52:58', '2017-02-14 19:52:58'),
(356, '', 2016, '2016-12-03 18:00:00', 2, 30, 25, 2, 0, 56, 44, 4, 4, 7, 13, 4, 9, 3, 5, 3, 2, 0, 0, 0, '2017-02-14 19:52:58', '2017-02-14 19:52:58'),
(357, '', 2016, '2016-12-03 18:00:00', 2, 27, 23, 3, 0, 42, 58, 4, 3, 11, 13, 4, 9, 0, 0, 3, 1, 0, 0, 0, '2017-02-14 19:52:58', '2017-02-14 19:52:58'),
(358, '', 2016, '2016-12-03 18:00:00', 2, 28, 24, 3, 1, 40, 60, 3, 5, 12, 8, 3, 4, 1, 2, 2, 1, 0, 1, 0, '2017-02-14 19:52:58', '2017-03-06 20:34:16'),
(359, '', 2016, '2016-12-03 18:00:00', 2, 34, 22, 2, 1, 54, 47, 6, 5, 8, 12, 3, 4, 1, 3, 3, 1, 0, 0, 0, '2017-02-14 19:52:58', '2017-02-14 19:52:58'),
(360, '', 2016, '2016-12-03 15:30:00', 2, 33, 39, 1, 3, 61, 39, 5, 4, 14, 9, 9, 2, 2, 1, 2, 3, 2, 0, 0, '2017-02-14 19:52:58', '2017-03-06 20:34:44'),
(361, '', 2016, '2016-12-11 19:30:00', 2, 38, 40, 2, 2, 68, 32, 3, 3, 7, 8, 11, 4, 5, 3, 2, 0, 0, 0, 0, '2017-02-14 19:54:39', '2017-02-14 19:54:39'),
(362, '', 2016, '2016-12-11 17:15:00', 2, 36, 32, 1, 0, 40, 60, 5, 4, 19, 17, 3, 8, 1, 0, 3, 3, 0, 0, 0, '2017-02-14 19:54:39', '2017-02-14 19:54:39'),
(363, '', 2016, '2016-12-11 17:15:00', 2, 23, 29, 1, 0, 55, 45, 3, 2, 14, 12, 4, 2, 3, 2, 4, 3, 0, 0, 0, '2017-02-14 19:54:39', '2017-02-14 19:54:39'),
(364, '', 2016, '2016-12-11 15:00:00', 2, 39, 28, 1, 0, 67, 33, 2, 1, 6, 10, 3, 1, 2, 2, 2, 4, 0, 0, 0, '2017-02-14 19:54:39', '2017-02-14 19:54:39'),
(365, '', 2016, '2016-12-10 20:30:00', 2, 22, 33, 4, 2, 22, 78, 6, 4, 10, 7, 3, 11, 0, 3, 3, 1, 0, 0, 0, '2017-02-14 19:54:39', '2017-02-14 19:54:39'),
(366, '', 2016, '2016-12-10 18:00:00', 2, 26, 34, 3, 0, 62, 38, 5, 2, 10, 8, 7, 4, 1, 2, 1, 2, 0, 0, 0, '2017-02-14 19:54:39', '2017-02-14 19:54:39'),
(367, '', 2016, '2016-12-10 18:00:00', 2, 37, 30, 3, 1, 64, 36, 6, 5, 9, 6, 7, 7, 3, 3, 0, 0, 0, 0, 0, '2017-02-14 19:54:39', '2017-02-14 19:54:39'),
(368, '', 2016, '2016-12-10 18:00:00', 2, 21, 27, 3, 3, 57, 43, 6, 6, 16, 14, 4, 7, 2, 0, 2, 4, 0, 0, 0, '2017-02-14 19:54:39', '2017-02-14 19:54:39'),
(369, '', 2016, '2016-12-10 18:00:00', 2, 25, 35, 3, 2, 31, 69, 7, 4, 14, 18, 4, 11, 5, 0, 2, 2, 0, 0, 0, '2017-02-14 19:54:39', '2017-02-14 19:54:39'),
(370, '', 2016, '2016-12-10 15:30:00', 2, 24, 31, 3, 2, 47, 53, 6, 4, 11, 16, 2, 4, 3, 3, 2, 2, 0, 0, 0, '2017-02-14 19:54:39', '2017-02-14 19:54:39'),
(371, '', 2016, '2016-12-14 23:00:00', 2, 32, 21, 3, 0, 63, 37, 9, 5, 6, 14, 5, 5, 2, 4, 0, 2, 0, 0, 0, '2017-02-14 19:56:38', '2017-02-14 19:56:38'),
(372, '', 2016, '2016-12-14 23:00:00', 2, 33, 24, 2, 0, 63, 37, 7, 2, 16, 20, 5, 2, 3, 3, 1, 2, 0, 0, 0, '2017-02-14 19:56:38', '2017-02-14 19:56:38'),
(373, '', 2016, '2016-12-14 23:00:00', 2, 28, 26, 3, 1, 40, 60, 4, 4, 8, 8, 0, 11, 3, 1, 0, 0, 0, 0, 0, '2017-02-14 19:56:38', '2017-02-14 19:57:31'),
(374, '', 2016, '2016-12-14 23:00:00', 2, 30, 23, 0, 0, 29, 71, 3, 4, 9, 10, 3, 11, 1, 2, 1, 2, 1, 0, 0, '2017-02-14 19:56:38', '2017-03-06 20:32:56'),
(375, '', 2016, '2016-12-14 23:00:00', 2, 27, 36, 1, 2, 39, 61, 3, 6, 16, 10, 1, 8, 0, 1, 2, 3, 0, 0, 0, '2017-02-14 19:56:39', '2017-02-14 19:56:39'),
(376, '', 2016, '2016-12-14 22:45:00', 2, 40, 25, 1, 0, 58, 42, 7, 2, 12, 15, 6, 1, 0, 3, 0, 2, 0, 0, 0, '2017-02-14 19:56:39', '2017-02-14 19:56:39'),
(377, '', 2016, '2016-12-14 22:45:00', 2, 29, 38, 0, 3, 37, 63, 3, 4, 11, 14, 5, 2, 1, 4, 1, 0, 0, 0, 0, '2017-02-14 19:56:39', '2017-02-14 19:56:39'),
(378, '', 2016, '2016-12-14 22:45:00', 2, 34, 39, 0, 1, 34, 66, 3, 6, 15, 10, 5, 5, 1, 3, 3, 2, 0, 0, 0, '2017-02-14 19:56:39', '2017-02-14 19:56:39'),
(379, '', 2016, '2016-12-13 22:45:00', 2, 31, 37, 2, 1, 42, 58, 4, 3, 10, 10, 8, 3, 1, 2, 2, 1, 1, 0, 0, '2017-02-14 19:56:39', '2017-03-06 20:33:19'),
(380, '', 2016, '2016-12-13 22:45:00', 2, 35, 22, 1, 0, 63, 37, 3, 4, 5, 15, 4, 11, 4, 2, 0, 3, 0, 0, 0, '2017-02-14 19:56:39', '2017-02-14 19:56:39'),
(381, '', 2016, '2016-12-19 23:00:00', 2, 31, 38, 0, 1, 32, 68, 1, 4, 13, 9, 1, 6, 1, 1, 3, 1, 0, 0, 0, '2017-02-14 20:00:13', '2017-02-14 20:00:13'),
(382, '', 2016, '2016-12-18 19:00:00', 2, 32, 25, 2, 1, 60, 40, 9, 2, 10, 11, 11, 2, 0, 2, 1, 2, 0, 0, 0, '2017-02-14 20:00:13', '2017-02-14 20:00:13'),
(383, '', 2016, '2016-12-18 19:00:00', 2, 33, 37, 2, 1, 61, 39, 5, 1, 9, 13, 8, 1, 4, 1, 4, 2, 0, 0, 0, '2017-02-14 20:00:13', '2017-02-14 20:00:13'),
(384, '', 2016, '2016-12-18 16:30:00', 2, 35, 23, 1, 3, 47, 53, 5, 8, 6, 12, 7, 4, 0, 2, 0, 3, 0, 0, 0, '2017-02-14 20:00:13', '2017-02-14 20:00:13'),
(385, '', 2016, '2016-12-17 20:30:00', 2, 28, 36, 0, 2, 42, 58, 1, 5, 9, 13, 2, 3, 3, 2, 3, 3, 0, 0, 0, '2017-02-14 20:00:13', '2017-02-14 20:00:13'),
(386, '', 2016, '2016-12-17 18:00:00', 2, 40, 21, 1, 0, 56, 44, 6, 5, 13, 9, 10, 6, 1, 9, 2, 4, 0, 0, 0, '2017-02-14 20:00:13', '2017-02-14 20:00:13'),
(387, '', 2016, '2016-12-17 18:00:00', 2, 30, 22, 2, 2, 65, 35, 7, 8, 9, 12, 9, 9, 3, 0, 2, 6, 0, 1, 0, '2017-02-14 20:00:13', '2017-03-06 20:32:21'),
(388, '', 2016, '2016-12-17 18:00:00', 2, 34, 24, 1, 0, 43, 57, 2, 4, 10, 9, 4, 11, 2, 2, 1, 2, 0, 0, 0, '2017-02-14 20:00:13', '2017-02-14 20:00:13'),
(389, '', 2016, '2016-12-17 18:00:00', 2, 29, 26, 3, 0, 43, 57, 4, 2, 10, 11, 3, 8, 0, 3, 1, 0, 0, 0, 0, '2017-02-14 20:00:13', '2017-02-14 20:00:13'),
(390, '', 2016, '2016-12-17 15:30:00', 2, 27, 39, 0, 1, 54, 46, 2, 6, 12, 15, 5, 3, 1, 2, 2, 3, 0, 0, 0, '2017-02-14 20:00:13', '2017-02-14 20:00:59'),
(391, '', 2016, '2016-12-28 22:45:00', 2, 23, 32, 1, 4, 34, 66, 2, 5, 7, 16, 2, 10, 2, 0, 1, 4, 1, 0, 0, '2017-02-14 20:02:49', '2017-03-06 20:31:38'),
(392, '', 2016, '2016-12-27 20:15:00', 2, 38, 30, 4, 1, 64, 36, 6, 2, 9, 6, 8, 2, 0, 2, 0, 1, 0, 0, 0, '2017-02-14 20:02:50', '2017-02-14 20:02:50'),
(393, '', 2016, '2016-12-26 20:15:00', 2, 21, 33, 0, 3, 33, 67, 3, 6, 11, 14, 4, 7, 2, 1, 1, 0, 0, 0, 0, '2017-02-14 20:02:50', '2017-02-14 20:02:50'),
(394, '', 2016, '2016-12-26 18:00:00', 2, 25, 29, 1, 0, 46, 54, 4, 2, 17, 18, 7, 3, 3, 4, 6, 5, 0, 0, 0, '2017-02-14 20:02:50', '2017-02-14 20:02:50'),
(395, '', 2016, '2016-12-26 18:00:00', 2, 26, 40, 1, 4, 56, 44, 7, 7, 10, 12, 8, 4, 2, 1, 0, 0, 0, 0, 0, '2017-02-14 20:02:50', '2017-02-14 20:02:50'),
(396, '', 2016, '2016-12-26 18:00:00', 2, 36, 34, 3, 1, 62, 38, 9, 4, 6, 9, 5, 5, 4, 2, 1, 2, 0, 0, 0, '2017-02-14 20:02:50', '2017-02-14 20:02:50'),
(397, '', 2016, '2016-12-26 18:00:00', 2, 22, 31, 0, 2, 42, 58, 2, 3, 14, 7, 3, 4, 3, 3, 3, 0, 0, 0, 0, '2017-02-14 20:02:50', '2017-02-14 20:02:50'),
(398, '', 2016, '2016-12-26 18:00:00', 2, 39, 35, 3, 0, 44, 56, 4, 3, 13, 14, 5, 5, 1, 1, 1, 1, 0, 0, 0, '2017-02-14 20:02:50', '2017-02-14 20:02:50'),
(399, '', 2016, '2016-12-26 18:00:00', 2, 37, 28, 1, 0, 76, 24, 11, 1, 12, 7, 6, 5, 1, 4, 3, 1, 0, 0, 0, '2017-02-14 20:02:50', '2017-02-14 20:02:50'),
(400, '', 2016, '2016-12-26 15:30:00', 2, 24, 27, 1, 1, 56, 44, 3, 4, 18, 17, 7, 3, 0, 1, 2, 4, 0, 0, 0, '2017-02-14 20:02:50', '2017-02-14 20:02:50'),
(401, '', 2017, '2017-01-01 19:00:00', 2, 37, 27, 2, 0, 64, 36, 7, 4, 9, 7, 8, 4, 2, 3, 1, 1, 0, 0, 0, '2017-02-14 20:04:54', '2017-02-14 20:04:54'),
(402, '', 2017, '2017-01-01 16:30:00', 2, 24, 32, 1, 4, 34, 66, 2, 6, 11, 6, 0, 3, 5, 3, 3, 0, 0, 0, 0, '2017-02-14 20:04:54', '2017-02-14 20:04:54'),
(403, '', 2016, '2016-12-31 20:30:00', 2, 38, 33, 1, 0, 43, 57, 1, 2, 12, 12, 4, 6, 2, 2, 2, 1, 0, 0, 0, '2017-02-14 20:04:54', '2017-02-14 20:04:54'),
(404, '', 2016, '2016-12-31 18:00:00', 2, 23, 28, 1, 2, 68, 32, 1, 3, 13, 17, 8, 3, 1, 1, 2, 3, 1, 0, 0, '2017-02-14 20:04:54', '2017-03-06 20:31:09'),
(405, '', 2016, '2016-12-31 18:00:00', 2, 25, 34, 4, 1, 46, 54, 6, 3, 10, 9, 6, 2, 3, 2, 1, 1, 0, 0, 0, '2017-02-14 20:04:54', '2017-02-14 20:04:54'),
(406, '', 2016, '2016-12-31 18:00:00', 2, 26, 35, 0, 3, 45, 55, 5, 6, 14, 9, 4, 3, 1, 2, 2, 0, 0, 0, 0, '2017-02-14 20:04:54', '2017-02-14 20:04:54'),
(407, '', 2016, '2016-12-31 18:00:00', 2, 36, 29, 2, 1, 66, 34, 12, 2, 9, 14, 12, 2, 5, 0, 1, 1, 0, 0, 0, '2017-02-14 20:04:54', '2017-02-14 20:05:31'),
(408, '', 2016, '2016-12-31 18:00:00', 2, 22, 40, 1, 0, 40, 60, 4, 5, 11, 8, 7, 7, 3, 2, 5, 3, 0, 0, 0, '2017-02-14 20:04:54', '2017-02-14 20:04:54'),
(409, '', 2016, '2016-12-31 18:00:00', 2, 39, 30, 4, 2, 60, 40, 7, 2, 12, 10, 8, 3, 2, 2, 3, 2, 0, 0, 0, '2017-02-14 20:04:54', '2017-02-14 20:04:54'),
(410, '', 2016, '2016-12-30 23:00:00', 2, 21, 31, 2, 2, 43, 57, 4, 7, 10, 13, 5, 5, 4, 0, 2, 2, 0, 0, 0, '2017-02-14 20:04:54', '2017-02-14 20:04:54'),
(411, '', 2017, '2017-01-04 23:00:00', 2, 32, 39, 2, 0, 46, 54, 2, 2, 9, 8, 1, 6, 2, 4, 3, 2, 0, 0, 0, '2017-02-14 20:07:33', '2017-02-14 20:08:19'),
(412, '', 2017, '2017-01-03 23:00:00', 2, 30, 24, 2, 0, 54, 46, 5, 2, 10, 15, 7, 6, 3, 0, 1, 2, 0, 0, 0, '2017-02-14 20:07:33', '2017-02-14 20:07:33'),
(413, '', 2017, '2017-01-03 23:00:00', 2, 27, 26, 1, 2, 47, 53, 3, 4, 13, 14, 4, 5, 1, 1, 2, 1, 0, 0, 0, '2017-02-14 20:07:33', '2017-02-14 20:07:33'),
(414, '', 2017, '2017-01-03 22:45:00', 2, 35, 37, 3, 3, 40, 60, 6, 4, 10, 12, 4, 7, 2, 3, 3, 3, 1, 0, 0, '2017-02-14 20:07:33', '2017-03-06 20:29:24'),
(415, '', 2017, '2017-01-02 20:15:00', 2, 40, 36, 0, 2, 36, 64, 2, 6, 9, 13, 2, 1, 0, 5, 2, 2, 1, 0, 0, '2017-02-14 20:07:33', '2017-03-06 20:29:45'),
(416, '', 2017, '2017-01-02 18:00:00', 2, 33, 25, 2, 1, 55, 45, 3, 3, 11, 11, 8, 8, 3, 3, 4, 3, 1, 0, 0, '2017-02-14 20:07:33', '2017-03-06 20:30:14'),
(417, '', 2017, '2017-01-02 18:00:00', 2, 28, 21, 3, 1, 41, 59, 5, 6, 5, 4, 7, 9, 1, 0, 0, 0, 0, 0, 0, '2017-02-14 20:07:33', '2017-02-14 20:07:33'),
(418, '', 2017, '2017-01-02 18:00:00', 2, 34, 38, 2, 2, 29, 71, 5, 15, 10, 10, 2, 5, 3, 3, 2, 3, 0, 0, 0, '2017-02-14 20:07:33', '2017-02-14 20:07:33'),
(419, '', 2017, '2017-01-02 18:00:00', 2, 31, 23, 3, 0, 54, 46, 6, 3, 5, 14, 10, 8, 4, 2, 0, 1, 0, 0, 0, '2017-02-14 20:07:33', '2017-02-14 20:07:33'),
(420, '', 2017, '2017-01-02 15:30:00', 2, 29, 22, 0, 0, 63, 37, 1, 4, 10, 9, 2, 2, 0, 0, 3, 0, 0, 0, 0, '2017-02-14 20:07:33', '2017-02-14 20:07:33'),
(421, '', 2017, '2017-01-15 19:00:00', 2, 36, 38, 1, 1, 56, 44, 3, 4, 17, 13, 5, 7, 4, 2, 1, 3, 0, 0, 0, '2017-02-14 20:10:03', '2017-02-14 20:10:03'),
(422, '', 2017, '2017-01-15 16:30:00', 2, 31, 33, 4, 0, 29, 71, 4, 5, 17, 7, 3, 6, 4, 4, 2, 2, 0, 0, 0, '2017-02-14 20:10:03', '2017-02-14 20:10:03'),
(423, '', 2017, '2017-01-14 20:30:00', 2, 22, 39, 0, 3, 35, 65, 2, 3, 8, 9, 3, 5, 2, 1, 1, 0, 0, 0, 0, '2017-02-14 20:10:03', '2017-02-14 20:10:03'),
(424, '', 2017, '2017-01-14 18:00:00', 2, 24, 29, 0, 0, 47, 53, 5, 1, 15, 15, 3, 1, 2, 3, 3, 1, 0, 0, 0, '2017-02-14 20:10:04', '2017-02-14 20:10:04'),
(425, '', 2017, '2017-01-14 18:00:00', 2, 26, 37, 0, 4, 43, 57, 3, 6, 12, 8, 3, 2, 2, 0, 2, 0, 0, 0, 0, '2017-02-14 20:10:04', '2017-02-14 20:10:04'),
(426, '', 2017, '2017-01-14 18:00:00', 2, 21, 35, 3, 1, 39, 61, 3, 6, 13, 11, 4, 5, 3, 3, 0, 1, 0, 0, 0, '2017-02-14 20:10:04', '2017-02-14 20:10:04'),
(427, '', 2017, '2017-01-14 18:00:00', 2, 25, 23, 1, 0, 41, 59, 3, 5, 14, 14, 2, 7, 1, 2, 1, 2, 0, 0, 0, '2017-02-14 20:10:04', '2017-02-14 20:10:04'),
(428, '', 2017, '2017-01-14 18:00:00', 2, 40, 27, 3, 0, 44, 56, 3, 1, 10, 14, 2, 2, 1, 1, 4, 2, 0, 0, 0, '2017-02-14 20:14:17', '2017-02-14 20:14:17'),
(429, '', 2017, '2017-01-14 18:00:00', 2, 34, 30, 1, 3, 51, 49, 3, 6, 16, 11, 5, 2, 5, 1, 3, 1, 0, 0, 0, '2017-02-14 20:14:18', '2017-02-14 20:14:18'),
(430, '', 2017, '2017-01-14 15:30:00', 2, 32, 28, 4, 0, 73, 27, 11, 0, 11, 12, 8, 0, 1, 1, 0, 2, 0, 0, 0, '2017-02-14 20:14:18', '2017-02-14 20:14:18'),
(431, '', 2017, '2017-01-22 19:30:00', 2, 39, 21, 2, 0, 53, 47, 5, 4, 12, 10, 9, 7, 1, 1, 1, 3, 0, 0, 0, '2017-02-14 20:21:14', '2017-02-14 20:21:14'),
(432, '', 2017, '2017-01-22 17:15:00', 2, 37, 25, 2, 1, 70, 30, 8, 7, 12, 11, 10, 4, 2, 0, 1, 3, 1, 0, 0, '2017-02-14 20:21:14', '2017-03-06 20:28:08'),
(433, '', 2017, '2017-01-22 15:00:00', 2, 23, 22, 3, 0, 60, 40, 7, 2, 8, 10, 7, 2, 3, 1, 0, 1, 0, 0, 0, '2017-02-14 20:33:10', '2017-02-14 20:33:10'),
(434, '', 2017, '2017-01-21 20:30:00', 2, 33, 32, 2, 2, 55, 45, 7, 2, 10, 7, 5, 4, 3, 5, 2, 4, 0, 0, 0, '2017-02-14 20:33:10', '2017-02-14 20:33:10'),
(435, '', 2017, '2017-01-21 18:00:00', 2, 35, 24, 2, 2, 63, 37, 5, 3, 6, 16, 9, 4, 3, 2, 1, 2, 0, 0, 0, '2017-02-14 20:33:10', '2017-02-14 20:33:10'),
(436, '', 2017, '2017-01-21 18:00:00', 2, 28, 34, 2, 0, 44, 56, 5, 3, 15, 12, 1, 4, 2, 1, 1, 1, 0, 0, 0, '2017-02-14 20:33:10', '2017-02-14 20:33:10'),
(437, '', 2017, '2017-01-21 18:00:00', 2, 27, 31, 0, 1, 44, 56, 2, 8, 10, 15, 8, 7, 1, 1, 0, 1, 0, 0, 0, '2017-02-14 20:33:10', '2017-02-14 20:33:10'),
(438, '', 2017, '2017-01-21 18:00:00', 2, 30, 36, 1, 1, 35, 65, 1, 8, 13, 12, 1, 7, 0, 6, 4, 0, 0, 0, 0, '2017-02-14 20:55:08', '2017-02-14 20:55:08'),
(439, '', 2017, '2017-01-21 18:00:00', 2, 29, 40, 1, 3, 62, 39, 2, 5, 7, 14, 7, 5, 2, 0, 2, 1, 0, 0, 0, '2017-02-14 20:55:08', '2017-02-14 20:55:08'),
(440, '', 2017, '2017-01-21 15:30:00', 2, 38, 26, 2, 3, 74, 26, 5, 3, 7, 7, 6, 3, 2, 1, 1, 1, 0, 0, 0, '2017-02-14 20:55:08', '2017-02-14 20:55:08'),
(441, '', 2017, '2017-02-01 23:00:00', 2, 30, 31, 1, 1, 47, 53, 7, 5, 21, 12, 5, 5, 1, 3, 1, 0, 0, 0, 0, '2017-02-14 20:58:35', '2017-02-14 20:58:35'),
(442, '', 2017, '2017-02-01 23:00:00', 2, 36, 21, 0, 0, 67, 33, 6, 2, 20, 16, 7, 1, 6, 1, 1, 4, 0, 0, 0, '2017-02-14 20:58:35', '2017-02-14 20:58:35'),
(443, '', 2017, '2017-02-01 22:45:00', 2, 40, 33, 0, 4, 30, 70, 1, 4, 11, 14, 2, 4, 6, 3, 3, 3, 0, 0, 0, '2017-02-14 20:58:35', '2017-02-14 20:58:35'),
(444, '', 2017, '2017-01-31 23:00:00', 2, 38, 39, 1, 1, 62, 38, 3, 2, 13, 8, 3, 3, 5, 3, 2, 1, 0, 0, 0, '2017-02-14 20:58:35', '2017-02-14 20:58:35'),
(445, '', 2017, '2017-01-31 22:45:00', 2, 26, 23, 2, 1, 43, 57, 5, 2, 10, 19, 5, 4, 1, 1, 2, 0, 0, 0, 0, '2017-02-14 20:58:35', '2017-02-14 20:58:35'),
(446, '', 2017, '2017-01-31 22:45:00', 2, 29, 28, 1, 1, 62, 38, 3, 5, 12, 13, 4, 2, 0, 2, 2, 1, 0, 0, 0, '2017-02-14 20:58:35', '2017-02-14 20:58:35'),
(447, '', 2017, '2017-01-31 22:45:00', 2, 37, 24, 1, 2, 74, 26, 5, 6, 12, 15, 9, 5, 2, 1, 3, 3, 0, 0, 0, '2017-02-14 20:58:35', '2017-02-14 20:58:35'),
(448, '', 2017, '2017-01-31 22:45:00', 2, 34, 32, 0, 0, 28, 72, 1, 3, 9, 13, 2, 12, 2, 3, 2, 0, 0, 0, 0, '2017-02-14 20:58:35', '2017-02-14 20:58:35'),
(449, '', 2017, '2017-01-31 22:45:00', 2, 25, 22, 1, 0, 59, 41, 3, 5, 4, 8, 10, 2, 1, 4, 1, 0, 0, 0, 0, '2017-02-14 20:58:35', '2017-02-14 20:58:35'),
(450, '', 2017, '2017-01-31 22:45:00', 2, 35, 27, 0, 2, 65, 35, 2, 4, 14, 23, 2, 3, 1, 0, 0, 4, 0, 0, 0, '2017-02-14 20:58:35', '2017-02-14 20:58:35'),
(451, '', 2017, '2017-02-05 19:00:00', 2, 22, 36, 0, 3, 32, 68, 1, 9, 12, 13, 10, 3, 1, 2, 2, 4, 0, 0, 0, '2017-02-14 21:00:43', '2017-02-14 21:00:43'),
(452, '', 2017, '2017-02-05 16:30:00', 2, 33, 26, 2, 1, 69, 31, 5, 2, 9, 13, 10, 3, 4, 0, 2, 3, 0, 0, 0, '2017-02-14 21:00:43', '2017-02-14 21:00:43'),
(453, '', 2017, '2017-02-04 20:30:00', 2, 32, 29, 1, 0, 65, 35, 5, 0, 8, 11, 11, 2, 5, 1, 0, 1, 0, 0, 0, '2017-02-14 21:00:43', '2017-02-14 21:00:43'),
(454, '', 2017, '2017-02-04 18:00:00', 2, 21, 38, 2, 0, 28, 72, 4, 5, 9, 12, 1, 15, 2, 1, 2, 1, 0, 0, 0, '2017-02-14 21:00:43', '2017-02-14 21:00:43'),
(455, '', 2017, '2017-02-04 18:00:00', 2, 27, 34, 0, 4, 65, 35, 9, 7, 9, 8, 7, 1, 1, 1, 3, 3, 0, 0, 0, '2017-02-14 21:00:43', '2017-02-14 21:00:43'),
(456, '', 2017, '2017-02-04 18:00:00', 2, 24, 25, 2, 1, 60, 40, 7, 7, 12, 10, 3, 6, 2, 4, 5, 0, 0, 1, 0, '2017-02-14 21:00:43', '2017-03-06 20:27:32'),
(457, '', 2017, '2017-02-04 18:00:00', 2, 23, 40, 1, 3, 55, 45, 7, 4, 12, 15, 3, 2, 2, 3, 0, 2, 0, 0, 0, '2017-02-14 21:00:43', '2017-02-14 21:00:43'),
(458, '', 2017, '2017-02-04 18:00:00', 2, 31, 35, 6, 3, 46, 54, 10, 8, 14, 4, 4, 8, 4, 0, 3, 1, 0, 0, 0, '2017-02-14 21:00:44', '2017-02-14 21:00:44'),
(459, '', 2017, '2017-02-04 18:00:00', 2, 28, 30, 1, 0, 38, 62, 4, 2, 6, 13, 5, 6, 3, 2, 2, 2, 0, 0, 0, '2017-02-14 21:00:44', '2017-02-14 21:00:44'),
(460, '', 2017, '2017-02-04 15:30:00', 2, 39, 37, 3, 1, 42, 58, 6, 5, 14, 8, 10, 13, 4, 3, 1, 1, 0, 0, 0, '2017-02-14 21:00:44', '2017-02-14 21:01:24'),
(461, '', 2017, '2017-02-13 23:00:00', 2, 35, 33, 0, 2, 38, 62, 1, 5, 8, 11, 3, 7, 2, 2, 2, 3, 0, 0, 0, '2017-02-14 21:03:14', '2017-02-14 21:03:14'),
(462, '', 2017, '2017-02-12 19:00:00', 2, 26, 22, 2, 0, 49, 51, 4, 1, 7, 14, 7, 3, 0, 0, 2, 2, 0, 0, 0, '2017-02-14 21:03:14', '2017-02-14 21:03:14'),
(463, '', 2017, '2017-02-12 16:30:00', 2, 25, 39, 1, 1, 29, 71, 4, 2, 12, 11, 1, 1, 3, 0, 3, 2, 0, 0, 0, '2017-02-14 21:03:14', '2017-02-14 21:03:14'),
(464, '', 2017, '2017-02-11 20:30:00', 2, 38, 32, 2, 0, 51, 49, 9, 2, 14, 14, 10, 3, 2, 1, 3, 5, 0, 0, 0, '2017-02-14 21:03:14', '2017-02-14 21:03:14'),
(465, '', 2017, '2017-02-11 18:00:00', 2, 40, 28, 2, 2, 65, 35, 4, 3, 7, 14, 7, 5, 3, 1, 3, 2, 0, 0, 0, '2017-02-14 21:03:14', '2017-02-14 21:03:14'),
(466, '', 2017, '2017-02-11 18:00:00', 2, 34, 23, 0, 4, 46, 54, 1, 8, 12, 14, 6, 2, 1, 2, 1, 0, 0, 0, 0, '2017-02-14 21:03:14', '2017-02-14 21:03:14'),
(467, '', 2017, '2017-02-11 18:00:00', 2, 29, 31, 0, 0, 46, 54, 3, 3, 14, 9, 5, 2, 0, 2, 2, 0, 0, 0, 0, '2017-02-14 21:03:14', '2017-02-14 21:03:14'),
(468, '', 2017, '2017-02-11 18:00:00', 2, 30, 27, 1, 0, 58, 43, 4, 1, 10, 14, 5, 5, 3, 2, 1, 3, 0, 0, 0, '2017-02-14 21:03:14', '2017-02-14 21:03:14'),
(469, '', 2017, '2017-02-11 18:00:00', 2, 36, 24, 2, 0, 58, 42, 11, 3, 10, 12, 5, 1, 5, 0, 1, 0, 0, 0, 0, '2017-02-14 21:03:14', '2017-02-14 21:03:14'),
(470, '', 2017, '2017-02-11 15:30:00', 2, 37, 21, 2, 0, 49, 51, 7, 4, 12, 9, 3, 8, 4, 0, 3, 1, 0, 1, 0, '2017-02-14 21:03:14', '2017-03-06 20:26:56'),
(471, '', 2016, '2016-08-28 18:30:00', 3, 57, 58, 2, 2, 57, 43, 5, 9, 12, 14, 2, 9, 1, 1, 2, 4, 0, 0, 0, '2017-02-16 12:55:55', '2017-03-07 09:26:48'),
(472, '', 2016, '2016-08-28 16:30:00', 3, 55, 56, 2, 1, 55, 45, 5, 2, 10, 10, 5, 2, 1, 0, 0, 3, 0, 0, 0, '2017-02-16 12:55:55', '2017-03-07 09:30:48'),
(473, '', 2016, '2016-08-27 19:30:00', 3, 53, 54, 2, 1, 51, 49, 9, 6, 11, 16, 7, 3, 3, 4, 3, 3, 0, 0, 0, '2017-02-16 12:55:55', '2017-03-07 09:30:10'),
(474, '', 2016, '2016-08-27 16:30:00', 3, 51, 52, 1, 0, 44, 56, 4, 3, 11, 15, 7, 5, 0, 5, 2, 2, 1, 0, 0, '2017-02-16 12:55:55', '2017-03-07 09:31:31'),
(475, '', 2016, '2016-08-27 16:30:00', 3, 49, 50, 0, 2, 46, 54, 2, 6, 15, 17, 2, 3, 0, 1, 1, 2, 0, 0, 0, '2017-02-16 12:55:55', '2017-03-07 09:32:09'),
(476, '', 2016, '2016-08-27 16:30:00', 3, 47, 48, 2, 0, 59, 41, 8, 3, 11, 15, 6, 5, 5, 2, 3, 3, 0, 0, 0, '2017-02-16 12:55:55', '2017-03-07 09:29:37'),
(477, '', 2016, '2016-08-27 16:30:00', 3, 45, 46, 1, 1, 47, 53, 1, 5, 17, 15, 4, 5, 1, 1, 2, 2, 0, 0, 0, '2017-02-16 12:55:55', '2017-03-07 09:29:11'),
(478, '', 2016, '2016-08-27 16:30:00', 3, 43, 44, 2, 1, 74, 26, 8, 4, 3, 20, 7, 2, 2, 4, 0, 3, 0, 0, 0, '2017-02-16 12:55:56', '2017-03-07 09:28:42'),
(479, '', 2016, '2016-08-26 21:30:00', 3, 41, 42, 6, 0, 71, 29, 14, 2, 7, 8, 8, 1, 1, 1, 0, 1, 0, 0, 0, '2017-02-16 12:55:56', '2017-03-07 09:28:11'),
(480, '', 2016, '2016-09-11 18:30:00', 3, 44, 57, 4, 4, 30, 70, 6, 5, 19, 16, 8, 5, 1, 2, 1, 3, 1, 0, 0, '2017-02-16 12:59:44', '2017-03-07 09:36:47'),
(481, '', 2016, '2016-09-11 16:30:00', 3, 42, 49, 1, 2, 53, 47, 1, 5, 14, 28, 4, 4, 1, 1, 2, 3, 0, 0, 0, '2017-02-16 12:59:44', '2017-03-07 09:33:38'),
(482, '', 2016, '2016-09-10 19:30:00', 3, 58, 43, 1, 0, 34, 66, 4, 1, 16, 10, 5, 7, 3, 2, 2, 2, 0, 0, 0, '2017-02-16 12:59:44', '2017-03-07 09:34:04'),
(483, '', 2016, '2016-09-10 16:30:00', 3, 50, 47, 0, 0, 66, 34, 4, 9, 13, 14, 8, 4, 1, 1, 2, 3, 0, 0, 0, '2017-02-16 12:59:44', '2017-03-07 09:34:52'),
(484, '', 2016, '2016-09-10 16:30:00', 3, 48, 51, 1, 0, 23, 77, 1, 3, 16, 13, 1, 4, 3, 1, 1, 2, 0, 0, 0, '2017-02-16 12:59:44', '2017-03-07 09:35:23'),
(485, '', 2016, '2016-09-10 16:30:00', 3, 46, 55, 0, 2, 59, 41, 5, 6, 13, 20, 6, 1, 2, 0, 3, 1, 0, 0, 0, '2017-02-16 12:59:44', '2017-03-07 09:35:49'),
(486, '', 2016, '2016-09-10 16:30:00', 3, 54, 45, 3, 1, 62, 38, 5, 2, 13, 20, 4, 1, 4, 2, 2, 1, 0, 0, 0, '2017-02-16 12:59:44', '2017-03-07 09:34:30'),
(487, '', 2016, '2016-09-10 16:30:00', 3, 56, 53, 3, 1, 35, 65, 7, 2, 17, 11, 3, 4, 1, 3, 2, 2, 0, 0, 0, '2017-02-16 12:59:44', '2017-03-07 09:36:18'),
(488, '', 2016, '2016-09-09 22:30:00', 3, 52, 41, 0, 2, 31, 69, 2, 2, 13, 12, 2, 7, 2, 2, 2, 4, 0, 0, 0, '2017-02-16 12:59:44', '2017-02-16 12:59:44'),
(489, '', 2016, '2016-09-18 18:30:00', 3, 55, 52, 2, 0, 49, 51, 2, 4, 12, 17, 4, 6, 1, 2, 1, 1, 0, 0, 0, '2017-02-16 13:02:12', '2017-03-07 09:37:23'),
(490, '', 2016, '2016-09-18 16:30:00', 3, 49, 44, 1, 3, 53, 47, 5, 6, 15, 16, 2, 7, 4, 1, 1, 2, 0, 1, 0, '2017-02-16 13:02:12', '2017-03-07 09:43:13'),
(491, '', 2016, '2016-09-17 19:30:00', 3, 53, 42, 4, 1, 62, 38, 7, 5, 9, 19, 10, 4, 1, 0, 0, 3, 0, 1, 0, '2017-02-16 13:02:12', '2017-03-07 09:43:43'),
(492, '', 2016, '2016-09-17 16:30:00', 3, 43, 48, 6, 0, 79, 21, 13, 1, 8, 16, 12, 2, 2, 1, 0, 5, 0, 1, 0, '2017-02-16 13:02:12', '2017-03-07 09:40:49'),
(493, '', 2016, '2016-09-17 16:30:00', 3, 51, 54, 2, 1, 40, 60, 8, 3, 22, 14, 1, 3, 2, 7, 3, 0, 0, 0, 0, '2017-02-16 13:02:12', '2017-03-07 09:39:32'),
(494, '', 2016, '2016-09-17 16:30:00', 3, 41, 46, 3, 1, 69, 31, 5, 5, 18, 17, 5, 5, 1, 2, 1, 2, 0, 0, 0, '2017-02-16 13:02:12', '2017-03-07 09:40:04'),
(495, '', 2016, '2016-09-17 16:30:00', 3, 57, 50, 0, 0, 49, 51, 5, 9, 17, 18, 3, 11, 1, 3, 2, 1, 0, 0, 0, '2017-02-16 13:02:12', '2017-03-07 09:41:15'),
(496, '', 2016, '2016-09-17 16:30:00', 3, 45, 58, 0, 4, 63, 37, 2, 6, 17, 13, 8, 3, 1, 4, 5, 1, 0, 0, 0, '2017-02-16 13:02:12', '2017-03-07 09:42:36'),
(497, '', 2016, '2016-09-16 21:30:00', 3, 47, 56, 3, 0, 35, 65, 3, 8, 12, 10, 4, 6, 5, 0, 1, 1, 0, 0, 0, '2017-02-16 13:02:12', '2017-03-07 09:41:52'),
(498, '', 2016, '2016-09-21 21:00:00', 3, 52, 47, 1, 3, 67, 33, 8, 5, 17, 9, 8, 4, 3, 0, 2, 1, 0, 0, 0, '2017-02-16 13:03:36', '2017-03-07 09:45:08'),
(499, '', 2016, '2016-09-21 21:00:00', 3, 41, 55, 3, 0, 76, 24, 7, 2, 9, 9, 6, 2, 5, 1, 1, 0, 0, 0, 0, '2017-02-16 13:03:36', '2017-03-07 09:44:43'),
(500, '', 2016, '2016-09-21 21:00:00', 3, 42, 44, 1, 2, 44, 56, 7, 6, 15, 14, 3, 14, 2, 4, 2, 2, 0, 0, 0, '2017-02-16 13:03:36', '2017-03-07 09:46:14'),
(501, '', 2016, '2016-09-21 21:00:00', 3, 54, 49, 0, 0, 72, 28, 6, 2, 14, 16, 6, 3, 1, 3, 0, 2, 0, 0, 0, '2017-02-16 13:03:36', '2017-03-07 09:47:09'),
(502, '', 2016, '2016-09-21 21:00:00', 3, 58, 53, 1, 1, 43, 57, 5, 1, 15, 16, 5, 2, 2, 4, 1, 2, 0, 0, 0, '2017-02-16 13:03:36', '2017-03-07 09:47:38'),
(503, '', 2016, '2016-09-20 21:00:00', 3, 46, 51, 0, 2, 57, 43, 3, 5, 20, 19, 6, 4, 5, 1, 0, 1, 0, 0, 0, '2017-02-16 13:03:36', '2017-03-07 09:48:14'),
(504, '', 2016, '2016-09-20 21:00:00', 3, 56, 45, 1, 0, 49, 51, 4, 0, 17, 17, 7, 0, 1, 3, 1, 0, 0, 0, 0, '2017-02-16 13:03:36', '2017-03-07 09:48:40'),
(505, '', 2016, '2016-09-20 21:00:00', 3, 50, 43, 1, 5, 50, 50, 9, 9, 15, 12, 2, 3, 4, 3, 2, 0, 0, 0, 0, '2017-02-16 13:03:36', '2017-03-07 09:49:06'),
(506, '', 2016, '2016-09-20 21:00:00', 3, 48, 57, 1, 1, 29, 71, 3, 4, 16, 18, 2, 6, 7, 0, 1, 1, 0, 0, 0, '2017-02-16 13:03:36', '2017-03-07 09:49:44'),
(507, '', 2016, '2016-09-25 18:45:00', 3, 47, 58, 1, 1, 46, 54, 2, 2, 10, 16, 1, 6, 3, 0, 1, 2, 0, 0, 0, '2017-02-16 13:06:17', '2017-03-07 09:50:31'),
(508, '', 2016, '2016-09-25 16:30:00', 3, 57, 52, 2, 1, 43, 57, 2, 5, 11, 14, 2, 6, 2, 3, 1, 1, 0, 0, 0, '2017-02-16 13:06:17', '2017-03-07 09:51:10'),
(509, '', 2016, '2016-09-24 19:30:00', 3, 42, 50, 2, 1, 39, 61, 4, 3, 17, 14, 6, 2, 3, 1, 1, 3, 0, 0, 0, '2017-02-16 13:06:17', '2017-03-07 09:51:37'),
(510, '', 2016, '2016-09-24 16:30:00', 3, 45, 41, 0, 1, 31, 69, 1, 8, 17, 12, 3, 5, 3, 2, 2, 3, 0, 0, 0, '2017-02-16 13:06:17', '2017-03-07 09:54:25'),
(511, '', 2016, '2016-09-24 16:30:00', 3, 44, 54, 2, 3, 38, 62, 5, 6, 12, 14, 6, 1, 5, 2, 3, 2, 0, 0, 0, '2017-02-16 13:06:17', '2017-03-07 09:53:53'),
(512, '', 2016, '2016-09-24 16:30:00', 3, 49, 48, 1, 0, 67, 33, 6, 0, 7, 14, 3, 5, 2, 1, 2, 2, 0, 1, 0, '2017-02-16 13:06:17', '2017-03-07 09:52:55'),
(513, '', 2016, '2016-09-24 16:30:00', 3, 53, 46, 2, 0, 55, 45, 5, 2, 24, 14, 1, 3, 3, 4, 2, 3, 0, 0, 0, '2017-02-16 13:06:17', '2017-03-07 09:53:24'),
(514, '', 2016, '2016-09-24 16:30:00', 3, 51, 55, 3, 3, 57, 43, 4, 4, 15, 13, 4, 1, 1, 2, 4, 2, 0, 0, 0, '2017-02-16 13:06:17', '2017-03-07 09:52:15'),
(515, '', 2016, '2016-09-23 21:30:00', 3, 43, 56, 3, 1, 71, 29, 5, 5, 8, 27, 15, 3, 3, 1, 2, 3, 0, 0, 0, '2017-02-16 13:06:17', '2017-03-07 09:54:54'),
(516, '', 2016, '2016-10-02 18:30:00', 3, 52, 53, 4, 0, 28, 72, 8, 4, 11, 10, 3, 5, 2, 1, 0, 0, 0, 0, 0, '2017-02-16 13:08:40', '2017-03-07 09:55:39'),
(517, '', 2016, '2016-10-02 16:30:00', 3, 50, 44, 0, 0, 60, 40, 3, 2, 10, 7, 11, 3, 4, 1, 0, 0, 0, 0, 0, '2017-02-16 13:08:40', '2017-03-07 09:56:02'),
(518, '', 2016, '2016-10-01 19:30:00', 3, 54, 43, 2, 0, 30, 70, 6, 4, 21, 7, 1, 9, 4, 3, 5, 1, 0, 0, 0, '2017-02-16 13:08:40', '2017-03-07 09:56:36'),
(519, '', 2016, '2016-10-01 16:30:00', 3, 48, 42, 2, 2, 40, 60, 2, 7, 18, 20, 5, 10, 0, 1, 2, 1, 0, 0, 0, '2017-02-16 13:08:40', '2017-03-07 09:57:21'),
(520, '', 2016, '2016-10-01 16:30:00', 3, 41, 47, 1, 1, 68, 32, 3, 2, 4, 12, 10, 3, 4, 4, 1, 2, 0, 0, 0, '2017-02-16 13:08:40', '2017-03-07 09:58:18'),
(521, '', 2016, '2016-10-01 16:30:00', 3, 56, 51, 1, 0, 37, 63, 3, 3, 12, 13, 9, 4, 2, 3, 4, 3, 0, 0, 0, '2017-02-16 13:08:40', '2017-03-07 09:59:13'),
(522, '', 2016, '2016-10-01 16:30:00', 3, 46, 57, 1, 2, 52, 48, 5, 9, 22, 22, 8, 5, 4, 2, 1, 2, 0, 0, 0, '2017-02-16 13:08:40', '2017-03-07 09:59:51'),
(523, '', 2016, '2016-10-01 16:30:00', 3, 55, 45, 2, 0, 42, 58, 5, 3, 11, 20, 7, 3, 0, 1, 2, 6, 0, 0, 0, '2017-02-16 13:08:40', '2017-03-07 10:00:48'),
(524, '', 2016, '2016-09-30 21:30:00', 3, 58, 49, 2, 1, 57, 43, 10, 2, 15, 12, 6, 3, 2, 1, 0, 3, 0, 0, 0, '2017-02-16 13:08:40', '2017-03-07 10:01:19'),
(525, '', 2016, '2016-10-16 18:30:00', 3, 50, 58, 0, 1, 55, 45, 2, 6, 21, 18, 7, 4, 2, 3, 2, 1, 0, 0, 0, '2017-02-16 13:10:09', '2017-03-07 10:26:43'),
(526, '', 2016, '2016-10-16 16:30:00', 3, 44, 48, 2, 1, 49, 51, 5, 4, 20, 19, 7, 7, 4, 0, 3, 1, 0, 0, 0, '2017-02-16 13:10:09', '2017-03-07 10:27:44'),
(527, '', 2016, '2016-10-15 19:30:00', 3, 42, 54, 2, 1, 34, 66, 5, 6, 10, 15, 0, 2, 2, 2, 2, 2, 0, 0, 0, '2017-02-16 13:10:09', '2017-03-07 10:28:20'),
(528, '', 2016, '2016-10-15 16:30:00', 3, 53, 45, 0, 0, 77, 23, 4, 0, 10, 16, 10, 3, 5, 2, 2, 4, 0, 1, 0, '2017-02-16 13:10:09', '2017-03-07 10:31:38'),
(529, '', 2016, '2016-10-15 16:30:00', 3, 51, 41, 2, 2, 38, 62, 4, 5, 18, 11, 2, 6, 3, 4, 4, 4, 1, 0, 0, '2017-02-16 13:10:09', '2017-03-07 10:29:00'),
(530, '', 2016, '2016-10-15 16:30:00', 3, 47, 46, 2, 1, 61, 39, 3, 1, 27, 24, 5, 3, 3, 1, 3, 3, 0, 0, 0, '2017-02-16 13:10:10', '2017-03-07 10:30:39'),
(531, '', 2016, '2016-10-15 16:30:00', 3, 57, 56, 2, 1, 45, 55, 4, 6, 18, 15, 8, 5, 3, 7, 2, 3, 0, 0, 0, '2017-02-16 13:10:10', '2017-03-07 10:31:15'),
(532, '', 2016, '2016-10-15 16:30:00', 3, 49, 52, 1, 1, 51, 49, 5, 3, 14, 16, 6, 4, 0, 2, 2, 3, 0, 0, 0, '2017-02-16 13:10:10', '2017-03-07 10:33:15'),
(533, '', 2016, '2016-10-14 21:30:00', 3, 43, 55, 1, 1, 75, 25, 6, 2, 13, 22, 5, 0, 3, 1, 1, 5, 1, 1, 0, '2017-02-16 13:10:10', '2017-03-07 10:35:27'),
(534, '', 2016, '2016-10-23 18:30:00', 3, 52, 44, 3, 0, 52, 48, 5, 4, 16, 16, 3, 3, 0, 2, 2, 3, 0, 0, 0, '2017-02-16 13:12:18', '2017-02-16 13:12:18'),
(535, '', 2016, '2016-10-23 16:30:00', 3, 58, 42, 3, 1, 61, 39, 6, 3, 18, 10, 6, 5, 4, 3, 4, 3, 0, 0, 0, '2017-02-16 13:12:18', '2017-02-16 13:12:18'),
(536, '', 2016, '2016-10-22 19:30:00', 3, 41, 53, 2, 0, 63, 37, 5, 0, 4, 11, 8, 1, 1, 1, 0, 1, 0, 0, 0, '2017-02-16 13:12:18', '2017-02-16 13:12:18'),
(537, '', 2016, '2016-10-22 16:30:00', 3, 56, 49, 2, 1, 54, 46, 5, 6, 7, 10, 0, 1, 0, 2, 1, 0, 0, 0, 0, '2017-02-16 13:12:18', '2017-02-16 13:12:45'),
(538, '', 2016, '2016-10-22 16:30:00', 3, 46, 43, 3, 3, 27, 73, 7, 10, 19, 13, 2, 8, 3, 0, 0, 1, 0, 0, 0, '2017-02-16 13:12:18', '2017-02-16 13:13:09'),
(539, '', 2016, '2016-10-22 16:30:00', 3, 55, 47, 2, 1, 49, 51, 7, 2, 8, 16, 4, 5, 0, 4, 2, 1, 0, 0, 0, '2017-02-16 13:12:18', '2017-02-16 13:12:18'),
(540, '', 2016, '2016-10-22 16:30:00', 3, 54, 57, 0, 3, 46, 54, 1, 8, 6, 17, 5, 3, 2, 4, 0, 1, 1, 1, 0, '2017-02-16 13:12:18', '2017-02-16 13:12:18'),
(541, '', 2016, '2016-10-22 16:30:00', 3, 48, 50, 3, 1, 28, 72, 5, 1, 17, 15, 1, 4, 3, 2, 0, 2, 0, 0, 0, '2017-02-16 13:12:18', '2017-02-16 13:12:18'),
(542, '', 2016, '2016-10-21 21:30:00', 3, 45, 51, 0, 3, 41, 59, 0, 4, 16, 9, 0, 2, 4, 2, 1, 4, 1, 1, 0, '2017-02-16 13:12:18', '2017-02-16 13:12:18'),
(543, '', 2016, '2016-10-30 19:30:00', 3, 47, 45, 3, 0, 63, 37, 6, 2, 16, 17, 7, 4, 2, 1, 3, 1, 0, 0, 0, '2017-02-16 13:14:32', '2017-02-16 13:14:32'),
(544, '', 2016, '2016-10-30 17:30:00', 3, 57, 55, 1, 0, 56, 44, 7, 2, 10, 20, 7, 3, 4, 5, 0, 4, 0, 0, 0, '2017-02-16 13:14:32', '2017-02-16 13:14:57'),
(545, '', 2016, '2016-10-29 19:30:00', 3, 43, 52, 0, 0, 66, 34, 1, 2, 14, 21, 1, 4, 3, 6, 4, 4, 0, 0, 0, '2017-02-16 13:14:32', '2017-02-16 13:14:32'),
(546, '', 2016, '2016-10-29 16:30:00', 3, 42, 56, 1, 3, 56, 44, 4, 5, 25, 23, 4, 4, 2, 3, 1, 3, 0, 0, 0, '2017-02-16 13:14:32', '2017-02-16 13:14:32'),
(547, '', 2016, '2016-10-29 16:30:00', 3, 44, 46, 2, 0, 55, 45, 8, 2, 14, 9, 5, 0, 3, 2, 1, 1, 0, 0, 0, '2017-02-16 13:14:32', '2017-02-16 13:14:32'),
(548, '', 2016, '2016-10-29 16:30:00', 3, 48, 58, 0, 2, 34, 66, 0, 4, 12, 16, 2, 6, 3, 7, 4, 2, 0, 0, 0, '2017-02-16 13:14:32', '2017-02-16 13:14:32'),
(549, '', 2016, '2016-10-29 16:30:00', 3, 49, 41, 1, 3, 25, 75, 3, 8, 14, 6, 4, 10, 1, 3, 2, 0, 0, 0, 0, '2017-02-16 13:14:32', '2017-02-16 13:14:32'),
(550, '', 2016, '2016-10-29 16:30:00', 3, 50, 54, 1, 2, 48, 52, 2, 6, 15, 17, 1, 4, 0, 5, 1, 3, 0, 0, 0, '2017-02-16 13:14:32', '2017-02-16 13:14:32'),
(551, '', 2016, '2016-10-28 21:30:00', 3, 53, 51, 0, 0, 63, 37, 2, 1, 19, 15, 3, 6, 4, 2, 1, 2, 0, 0, 0, '2017-02-16 13:14:32', '2017-02-16 13:14:32'),
(552, '', 2016, '2016-11-06 19:30:00', 3, 52, 42, 3, 1, 53, 47, 6, 5, 13, 14, 3, 6, 4, 1, 2, 3, 0, 0, 0, '2017-02-16 13:16:22', '2017-02-16 13:16:22'),
(553, '', 2016, '2016-11-06 17:30:00', 3, 58, 44, 3, 1, 50, 50, 5, 3, 13, 12, 3, 6, 1, 2, 0, 3, 0, 0, 0, '2017-02-16 13:16:22', '2017-02-16 13:16:22'),
(554, '', 2016, '2016-11-05 20:30:00', 3, 51, 47, 1, 0, 49, 51, 1, 1, 20, 10, 4, 5, 0, 5, 3, 3, 0, 0, 0, '2017-02-16 13:16:22', '2017-02-16 13:16:22'),
(555, '', 2016, '2016-11-05 17:30:00', 3, 45, 43, 2, 5, 42, 58, 6, 6, 13, 15, 5, 3, 4, 4, 2, 0, 0, 0, 0, '2017-02-16 13:16:22', '2017-02-16 13:16:22'),
(556, '', 2016, '2016-11-05 17:30:00', 3, 41, 57, 1, 1, 66, 34, 5, 3, 7, 25, 8, 1, 3, 1, 0, 2, 0, 0, 0, '2017-02-16 13:16:22', '2017-02-16 13:16:22'),
(557, '', 2016, '2016-11-05 17:30:00', 3, 56, 50, 0, 3, 61, 39, 2, 5, 10, 19, 6, 9, 0, 2, 3, 2, 1, 1, 0, '2017-02-16 13:16:22', '2017-02-16 13:16:22'),
(558, '', 2016, '2016-11-05 17:30:00', 3, 46, 49, 0, 2, 49, 51, 5, 5, 15, 14, 3, 6, 0, 0, 2, 1, 1, 1, 0, '2017-02-16 13:16:22', '2017-02-16 13:16:49'),
(559, '', 2016, '2016-11-05 17:30:00', 3, 54, 48, 3, 2, 70, 30, 4, 3, 10, 10, 6, 5, 4, 2, 0, 1, 0, 0, 0, '2017-02-16 13:16:22', '2017-02-16 13:16:22'),
(560, '', 2016, '2016-11-04 22:30:00', 3, 55, 53, 3, 0, 50, 50, 6, 2, 14, 16, 4, 1, 2, 0, 2, 3, 0, 0, 0, '2017-02-16 13:16:22', '2017-02-16 13:16:22'),
(561, '', 2016, '2016-11-20 19:30:00', 3, 42, 51, 1, 2, 43, 57, 4, 9, 23, 18, 3, 6, 1, 3, 1, 2, 0, 0, 0, '2017-02-16 13:18:08', '2017-02-16 13:18:08'),
(562, '', 2016, '2016-11-20 17:30:00', 3, 57, 45, 2, 2, 60, 40, 5, 4, 12, 25, 8, 6, 2, 2, 1, 2, 0, 0, 0, '2017-02-16 13:18:08', '2017-02-16 13:18:08'),
(563, '', 2016, '2016-11-19 20:30:00', 3, 43, 41, 1, 0, 34, 66, 4, 3, 14, 14, 3, 9, 0, 4, 3, 2, 0, 0, 0, '2017-02-16 13:18:08', '2017-02-16 13:18:32'),
(564, '', 2016, '2016-11-19 17:30:00', 3, 50, 52, 0, 1, 44, 56, 0, 4, 17, 16, 3, 5, 3, 0, 2, 2, 0, 0, 0, '2017-02-16 13:18:08', '2017-02-16 13:18:08'),
(565, '', 2016, '2016-11-19 17:30:00', 3, 53, 47, 1, 2, 64, 36, 8, 4, 7, 22, 7, 3, 1, 6, 1, 5, 0, 0, 0, '2017-02-16 13:18:08', '2017-02-16 13:18:55'),
(566, '', 2016, '2016-11-19 17:30:00', 3, 48, 46, 0, 1, 42, 58, 4, 7, 19, 15, 8, 11, 0, 0, 1, 4, 0, 0, 0, '2017-02-16 13:18:08', '2017-02-16 13:18:08'),
(567, '', 2016, '2016-11-19 17:30:00', 3, 49, 55, 0, 0, 41, 59, 3, 4, 14, 16, 4, 3, 3, 0, 3, 1, 0, 0, 0, '2017-02-16 13:18:08', '2017-02-16 13:18:08'),
(568, '', 2016, '2016-11-19 17:30:00', 3, 44, 56, 4, 2, 35, 65, 6, 11, 21, 21, 3, 5, 4, 0, 4, 3, 0, 0, 0, '2017-02-16 13:18:08', '2017-02-16 13:18:08'),
(569, '', 2016, '2016-11-18 22:30:00', 3, 54, 58, 2, 3, 57, 43, 6, 4, 13, 15, 6, 9, 4, 3, 1, 3, 0, 0, 0, '2017-02-16 13:18:08', '2017-02-16 13:18:08'),
(570, '', 2016, '2016-11-27 19:30:00', 3, 55, 44, 2, 1, 65, 35, 5, 4, 12, 23, 5, 3, 2, 3, 2, 1, 1, 1, 0, '2017-02-16 13:20:15', '2017-02-16 13:20:15'),
(571, '', 2016, '2016-11-27 17:30:00', 3, 52, 48, 3, 1, 66, 34, 7, 2, 8, 13, 5, 6, 2, 3, 0, 2, 0, 0, 0, '2017-02-16 13:20:15', '2017-02-16 13:20:15'),
(572, '', 2016, '2016-11-26 20:30:00', 3, 41, 54, 2, 1, 56, 44, 8, 4, 8, 11, 6, 3, 3, 1, 0, 0, 0, 0, 0, '2017-02-16 13:20:15', '2017-02-16 13:20:15'),
(573, '', 2016, '2016-11-26 17:30:00', 3, 51, 43, 2, 1, 32, 68, 4, 5, 18, 13, 4, 5, 4, 5, 4, 3, 0, 0, 0, '2017-02-16 13:20:15', '2017-02-16 13:20:15'),
(574, '', 2016, '2016-11-26 17:30:00', 3, 45, 42, 2, 2, 51, 49, 7, 4, 17, 12, 5, 3, 3, 1, 2, 3, 0, 0, 0, '2017-02-16 13:20:15', '2017-02-16 13:20:15'),
(575, '', 2016, '2016-11-26 17:30:00', 3, 53, 57, 1, 1, 45, 55, 8, 4, 8, 17, 2, 6, 4, 2, 0, 2, 0, 0, 0, '2017-02-16 13:20:15', '2017-02-16 13:20:15'),
(576, '', 2016, '2016-11-26 17:30:00', 3, 46, 50, 1, 1, 39, 61, 5, 3, 12, 19, 4, 5, 2, 0, 2, 1, 0, 0, 0, '2017-02-16 13:20:15', '2017-02-16 13:20:15'),
(577, '', 2016, '2016-11-26 17:30:00', 3, 47, 49, 0, 0, 64, 36, 5, 2, 13, 15, 3, 5, 0, 1, 2, 3, 0, 0, 0, '2017-02-16 13:20:15', '2017-02-16 13:20:15'),
(578, '', 2016, '2016-11-25 22:30:00', 3, 56, 58, 1, 4, 53, 47, 3, 7, 10, 16, 4, 5, 1, 5, 2, 3, 0, 0, 0, '2017-02-16 13:20:15', '2017-02-16 13:20:42'),
(579, '', 2016, '2016-12-04 19:30:00', 3, 49, 51, 1, 1, 40, 60, 5, 4, 11, 13, 5, 2, 4, 2, 3, 2, 0, 0, 0, '2017-02-16 13:21:55', '2017-02-16 13:21:55'),
(580, '', 2016, '2016-12-04 17:30:00', 3, 48, 45, 0, 2, 54, 46, 2, 5, 16, 24, 1, 4, 4, 1, 2, 4, 0, 0, 0, '2017-02-16 13:21:55', '2017-02-16 13:21:55'),
(581, '', 2016, '2016-12-03 20:30:00', 3, 58, 52, 2, 1, 47, 53, 5, 5, 16, 20, 8, 5, 4, 5, 1, 5, 0, 0, 0, '2017-02-16 13:21:56', '2017-02-16 13:21:56'),
(582, '', 2016, '2016-12-03 17:30:00', 3, 43, 53, 4, 1, 65, 35, 7, 1, 10, 9, 9, 3, 1, 3, 1, 1, 0, 0, 0, '2017-02-16 13:21:56', '2017-02-16 13:21:56'),
(583, '', 2016, '2016-12-03 17:30:00', 3, 57, 47, 4, 0, 61, 39, 6, 1, 14, 11, 3, 4, 0, 3, 1, 1, 0, 0, 0, '2017-02-16 13:21:56', '2017-02-16 13:21:56'),
(584, '', 2016, '2016-12-03 17:30:00', 3, 42, 46, 2, 1, 48, 52, 5, 5, 18, 16, 3, 4, 1, 2, 0, 3, 0, 0, 0, '2017-02-16 13:21:56', '2017-02-16 13:21:56'),
(585, '', 2016, '2016-12-03 17:30:00', 3, 50, 55, 2, 3, 33, 67, 4, 8, 21, 9, 0, 2, 0, 1, 4, 2, 1, 1, 0, '2017-02-16 13:21:56', '2017-02-16 13:21:56'),
(586, '', 2016, '2016-12-03 17:30:00', 3, 54, 56, 1, 1, 68, 32, 6, 2, 10, 10, 4, 3, 3, 1, 0, 1, 0, 0, 0, '2017-02-16 13:21:56', '2017-02-16 13:21:56'),
(587, '', 2016, '2016-12-02 22:30:00', 3, 44, 41, 1, 3, 27, 73, 3, 6, 12, 13, 1, 5, 6, 3, 3, 2, 0, 0, 0, '2017-02-16 13:21:56', '2017-02-16 13:21:56'),
(588, '', 2016, '2016-12-11 19:30:00', 3, 52, 54, 0, 1, 31, 69, 1, 2, 10, 15, 4, 3, 2, 1, 3, 3, 1, 1, 0, '2017-02-16 13:23:21', '2017-02-16 13:23:21'),
(589, '', 2016, '2016-12-11 17:30:00', 3, 53, 44, 1, 0, 56, 44, 3, 4, 13, 15, 4, 1, 1, 3, 2, 1, 0, 0, 0, '2017-02-16 13:23:21', '2017-02-16 13:23:21'),
(590, '', 2016, '2016-12-10 20:30:00', 3, 55, 42, 0, 1, 59, 41, 4, 6, 17, 14, 5, 1, 2, 5, 0, 3, 0, 0, 0, '2017-02-16 13:23:21', '2017-02-16 13:23:21'),
(591, '', 2016, '2016-12-10 17:30:00', 3, 56, 48, 1, 0, 63, 37, 2, 4, 11, 9, 6, 5, 1, 3, 3, 4, 0, 0, 0, '2017-02-16 13:23:21', '2017-02-16 13:23:21'),
(592, '', 2016, '2016-12-10 17:30:00', 3, 46, 58, 1, 0, 30, 70, 1, 3, 19, 17, 3, 4, 2, 2, 2, 4, 1, 1, 0, '2017-02-16 13:23:21', '2017-02-16 13:23:21'),
(593, '', 2016, '2016-12-10 17:30:00', 3, 47, 43, 1, 1, 27, 73, 2, 4, 26, 18, 1, 6, 5, 1, 3, 3, 1, 1, 0, '2017-02-16 13:23:21', '2017-02-16 13:23:21'),
(594, '', 2016, '2016-12-10 17:30:00', 3, 41, 50, 5, 0, 68, 32, 10, 3, 13, 4, 10, 2, 1, 0, 1, 0, 0, 0, 0, '2017-02-16 13:23:21', '2017-02-16 13:23:21'),
(595, '', 2016, '2016-12-10 17:30:00', 3, 45, 49, 1, 0, 40, 60, 5, 1, 16, 16, 3, 5, 2, 3, 1, 4, 1, 1, 0, '2017-02-16 13:23:21', '2017-02-16 13:23:21'),
(596, '', 2016, '2016-12-09 22:30:00', 3, 51, 57, 0, 0, 43, 57, 3, 0, 28, 17, 11, 2, 2, 6, 5, 3, 1, 1, 0, '2017-02-16 13:23:21', '2017-02-16 13:23:21'),
(597, '', 2016, '2016-12-18 19:30:00', 3, 54, 46, 1, 2, 60, 40, 3, 7, 17, 16, 1, 4, 6, 4, 2, 2, 1, 1, 0, '2017-02-16 13:25:03', '2017-02-16 13:25:03'),
(598, '', 2016, '2016-12-18 17:30:00', 3, 48, 41, 0, 1, 21, 79, 2, 2, 18, 11, 3, 1, 2, 1, 1, 2, 0, 0, 0, '2017-02-16 13:25:03', '2017-02-16 13:25:03'),
(599, '', 2016, '2016-12-17 20:30:00', 3, 50, 51, 1, 0, 38, 62, 3, 1, 18, 18, 4, 2, 4, 3, 3, 4, 0, 0, 0, '2017-02-16 13:25:04', '2017-02-16 13:25:04'),
(600, '', 2016, '2016-12-17 17:30:00', 3, 58, 55, 2, 0, 64, 36, 8, 0, 10, 14, 9, 1, 2, 0, 1, 3, 0, 0, 0, '2017-02-16 13:25:04', '2017-02-16 13:25:04'),
(601, '', 2016, '2016-12-17 17:30:00', 3, 49, 53, 1, 0, 41, 59, 1, 3, 16, 12, 3, 0, 0, 1, 0, 0, 0, 0, 0, '2017-02-16 13:25:04', '2017-02-16 13:25:04'),
(602, '', 2016, '2016-12-17 17:30:00', 3, 44, 45, 3, 1, 56, 44, 8, 3, 12, 15, 6, 6, 5, 1, 2, 3, 0, 0, 0, '2017-02-16 13:25:04', '2017-02-16 13:25:04'),
(603, '', 2016, '2016-12-17 17:30:00', 3, 42, 47, 1, 1, 53, 47, 5, 5, 17, 17, 4, 5, 2, 3, 1, 4, 0, 0, 0, '2017-02-16 13:25:04', '2017-02-16 13:25:04'),
(604, '', 2016, '2016-12-17 17:30:00', 3, 52, 56, 1, 1, 65, 35, 2, 2, 12, 9, 9, 1, 4, 0, 1, 0, 0, 0, 0, '2017-02-16 13:25:04', '2017-02-16 13:25:04'),
(605, '', 2016, '2016-12-16 22:30:00', 3, 57, 43, 2, 2, 53, 47, 5, 4, 22, 18, 2, 4, 4, 1, 5, 2, 0, 0, 0, '2017-02-16 13:25:04', '2017-02-16 13:25:04'),
(606, '', 2016, '2016-12-21 22:00:00', 3, 57, 42, 1, 1, 61, 39, 3, 3, 11, 19, 5, 9, 1, 1, 2, 2, 0, 0, 0, '2017-02-16 13:26:29', '2017-02-16 13:26:29'),
(607, '', 2016, '2016-12-21 22:00:00', 3, 55, 48, 2, 0, 66, 34, 5, 0, 13, 15, 6, 4, 0, 3, 1, 3, 0, 0, 0, '2017-02-16 13:26:29', '2017-02-16 13:26:29'),
(608, '', 2016, '2016-12-21 22:00:00', 3, 46, 56, 1, 2, 54, 46, 6, 5, 17, 12, 6, 3, 2, 2, 4, 2, 0, 0, 0, '2017-02-16 13:26:29', '2017-02-16 13:26:29'),
(609, '', 2016, '2016-12-21 22:00:00', 3, 47, 54, 1, 1, 45, 55, 2, 6, 7, 16, 4, 5, 1, 1, 0, 0, 0, 0, 0, '2017-02-16 13:26:29', '2017-02-16 13:26:29'),
(610, '', 2016, '2016-12-21 22:00:00', 3, 41, 58, 3, 0, 76, 24, 11, 2, 13, 13, 9, 4, 4, 1, 1, 1, 0, 0, 0, '2017-02-16 13:26:29', '2017-02-16 13:26:29'),
(611, '', 2016, '2016-12-20 22:00:00', 3, 45, 52, 2, 1, 45, 55, 7, 3, 13, 11, 4, 5, 3, 6, 2, 4, 0, 0, 0, '2017-02-16 13:26:29', '2017-02-16 13:26:29'),
(612, '', 2016, '2016-12-20 22:00:00', 3, 43, 49, 1, 1, 74, 26, 8, 3, 10, 19, 6, 2, 1, 3, 1, 2, 0, 0, 0, '2017-02-16 13:26:29', '2017-02-16 13:26:29'),
(613, '', 2016, '2016-12-20 22:00:00', 3, 51, 44, 3, 0, 57, 43, 4, 6, 14, 9, 6, 6, 1, 5, 3, 0, 0, 0, 0, '2017-02-16 13:26:29', '2017-02-16 13:26:29'),
(614, '', 2016, '2016-12-20 22:00:00', 3, 53, 50, 1, 2, 61, 39, 4, 7, 18, 18, 5, 6, 0, 0, 1, 2, 0, 0, 0, '2017-02-16 13:26:29', '2017-02-16 13:26:29'),
(615, '', 2017, '2017-01-22 19:30:00', 3, 44, 47, 0, 0, 44, 56, 5, 3, 12, 10, 5, 5, 0, 3, 1, 1, 0, 0, 0, '2017-02-16 13:28:27', '2017-02-16 13:28:27'),
(616, '', 2017, '2017-01-22 17:30:00', 3, 54, 55, 3, 1, 55, 45, 9, 3, 14, 15, 7, 3, 1, 4, 0, 2, 0, 0, 0, '2017-02-16 13:28:27', '2017-02-16 13:28:27'),
(617, '', 2017, '2017-01-21 20:30:00', 3, 58, 51, 3, 0, 71, 29, 7, 3, 8, 15, 3, 3, 5, 0, 1, 2, 0, 0, 0, '2017-02-16 13:28:27', '2017-02-16 13:28:27'),
(618, '', 2017, '2017-01-21 17:30:00', 3, 42, 43, 1, 2, 42, 58, 5, 8, 16, 12, 3, 5, 5, 4, 3, 1, 1, 1, 0, '2017-02-16 13:28:27', '2017-02-16 13:28:27'),
(619, '', 2017, '2017-01-21 17:30:00', 3, 50, 45, 1, 0, 73, 27, 3, 1, 15, 23, 5, 3, 0, 0, 2, 2, 0, 0, 0, '2017-02-16 13:28:27', '2017-02-16 13:28:27'),
(620, '', 2017, '2017-01-21 17:30:00', 3, 52, 46, 1, 0, 52, 48, 5, 3, 11, 16, 7, 3, 6, 1, 1, 0, 0, 0, 0, '2017-02-16 13:28:27', '2017-02-16 13:28:58'),
(621, '', 2017, '2017-01-21 17:30:00', 3, 48, 53, 0, 0, 34, 66, 2, 4, 12, 16, 4, 6, 1, 2, 1, 1, 0, 0, 0, '2017-02-16 13:28:27', '2017-02-16 13:28:27'),
(622, '', 2017, '2017-01-21 17:30:00', 3, 49, 57, 0, 2, 48, 52, 2, 3, 18, 14, 4, 4, 1, 1, 3, 4, 0, 0, 0, '2017-02-16 13:28:27', '2017-02-16 13:29:24'),
(623, '', 2017, '2017-01-20 22:30:00', 3, 56, 41, 1, 2, 25, 75, 3, 5, 8, 7, 1, 11, 1, 3, 2, 2, 0, 0, 0, '2017-02-16 13:28:27', '2017-02-16 13:28:27'),
(624, '', 2017, '2017-01-29 19:30:00', 3, 44, 43, 1, 1, 39, 61, 1, 4, 13, 13, 2, 4, 3, 3, 2, 1, 0, 0, 0, '2017-02-16 13:30:39', '2017-02-16 13:30:39'),
(625, '', 2017, '2017-01-29 17:30:00', 3, 56, 55, 2, 1, 39, 61, 4, 2, 11, 18, 6, 4, 2, 3, 0, 2, 0, 0, 0, '2017-02-16 13:30:39', '2017-02-16 13:31:01'),
(626, '', 2017, '2017-01-28 20:30:00', 3, 54, 53, 2, 3, 60, 40, 4, 7, 12, 8, 9, 5, 0, 1, 0, 0, 0, 0, 0, '2017-02-16 13:30:39', '2017-02-16 13:31:26'),
(627, '', 2017, '2017-01-28 17:30:00', 3, 46, 45, 3, 1, 45, 55, 7, 3, 13, 18, 1, 6, 1, 0, 0, 2, 0, 0, 0, '2017-02-16 13:30:39', '2017-02-16 13:30:39'),
(628, '', 2017, '2017-01-28 17:30:00', 3, 42, 41, 1, 2, 36, 64, 4, 4, 17, 16, 2, 7, 3, 2, 4, 1, 0, 0, 0, '2017-02-16 13:30:39', '2017-02-16 13:30:39'),
(629, '', 2017, '2017-01-28 17:30:00', 3, 50, 49, 1, 2, 62, 38, 5, 5, 13, 17, 5, 6, 0, 1, 2, 2, 0, 0, 0, '2017-02-16 13:30:39', '2017-02-16 13:30:39'),
(630, '', 2017, '2017-01-28 17:30:00', 3, 58, 57, 2, 1, 61, 39, 5, 2, 17, 16, 7, 4, 6, 1, 3, 3, 0, 0, 0, '2017-02-16 13:30:39', '2017-02-16 13:30:39'),
(631, '', 2017, '2017-01-28 17:30:00', 3, 48, 47, 1, 6, 43, 57, 4, 7, 24, 20, 3, 4, 4, 1, 2, 4, 0, 0, 0, '2017-02-16 13:30:39', '2017-02-16 13:30:39'),
(632, '', 2017, '2017-01-27 22:30:00', 3, 52, 51, 0, 1, 52, 48, 2, 1, 18, 17, 3, 2, 7, 1, 2, 1, 0, 0, 0, '2017-02-16 13:30:39', '2017-02-16 13:30:39'),
(633, '', 2017, '2017-02-05 19:30:00', 3, 51, 48, 2, 0, 71, 29, 6, 0, 7, 16, 8, 2, 2, 3, 2, 4, 0, 0, 0, '2017-02-16 13:32:47', '2017-02-16 13:32:47'),
(634, '', 2017, '2017-02-05 17:30:00', 3, 49, 42, 3, 2, 40, 60, 7, 4, 13, 12, 2, 4, 0, 0, 3, 2, 0, 0, 0, '2017-02-16 13:32:47', '2017-02-16 13:32:47'),
(635, '', 2017, '2017-02-04 20:30:00', 3, 43, 58, 1, 0, 56, 44, 4, 1, 15, 17, 5, 2, 5, 4, 1, 3, 0, 0, 0, '2017-02-16 13:32:47', '2017-02-16 13:32:47'),
(636, '', 2017, '2017-02-04 17:30:00', 3, 47, 50, 1, 0, 46, 54, 2, 2, 14, 21, 6, 6, 2, 2, 4, 3, 0, 0, 0, '2017-02-16 13:32:47', '2017-02-16 13:32:47'),
(637, '', 2017, '2017-02-04 17:30:00', 3, 53, 56, 3, 0, 48, 52, 3, 4, 9, 10, 3, 8, 0, 1, 1, 1, 0, 0, 0, '2017-02-16 13:32:47', '2017-02-16 13:32:47'),
(638, '', 2017, '2017-02-04 17:30:00', 3, 41, 52, 1, 1, 60, 40, 4, 3, 14, 15, 8, 3, 3, 4, 1, 1, 0, 0, 0, '2017-02-16 13:32:48', '2017-02-16 13:32:48'),
(639, '', 2017, '2017-02-04 17:30:00', 3, 57, 44, 4, 0, 57, 43, 7, 2, 14, 13, 3, 6, 1, 0, 2, 2, 0, 0, 0, '2017-02-16 13:32:48', '2017-02-16 13:32:48'),
(640, '', 2017, '2017-02-04 17:30:00', 3, 55, 46, 1, 0, 53, 47, 2, 4, 15, 20, 1, 3, 0, 3, 2, 2, 0, 0, 0, '2017-02-16 13:32:48', '2017-02-16 13:32:48'),
(641, '', 2017, '2017-02-03 22:30:00', 3, 45, 54, 1, 0, 39, 61, 3, 0, 13, 23, 4, 3, 5, 1, 0, 3, 0, 0, 0, '2017-02-16 13:32:48', '2017-02-16 13:32:48'),
(642, '', 2017, '2017-02-12 19:30:00', 3, 56, 47, 2, 1, 58, 42, 6, 5, 17, 15, 7, 1, 0, 4, 1, 1, 0, 0, 0, '2017-02-16 13:35:40', '2017-02-16 13:35:40'),
(643, '', 2017, '2017-02-12 17:30:00', 3, 50, 57, 2, 1, 38, 62, 7, 7, 16, 18, 4, 5, 2, 3, 3, 2, 0, 0, 0, '2017-02-16 13:35:40', '2017-02-16 13:35:40'),
(644, '', 2017, '2017-02-11 20:30:00', 3, 52, 55, 2, 0, 56, 44, 3, 2, 20, 17, 2, 2, 3, 2, 1, 2, 0, 0, 0, '2017-02-16 13:35:40', '2017-02-16 13:35:40'),
(645, '', 2017, '2017-02-11 17:30:00', 3, 58, 45, 0, 3, 68, 32, 0, 5, 10, 17, 3, 6, 4, 5, 2, 2, 0, 0, 0, '2017-02-16 13:35:40', '2017-02-16 13:35:40'),
(646, '', 2017, '2017-02-11 17:30:00', 3, 48, 43, 2, 1, 35, 65, 7, 4, 10, 20, 0, 12, 3, 2, 2, 2, 0, 0, 0, '2017-02-16 13:35:40', '2017-02-16 13:35:40'),
(647, '', 2017, '2017-02-11 17:30:00', 3, 46, 41, 0, 2, 29, 71, 0, 5, 15, 14, 2, 4, 1, 4, 2, 1, 0, 0, 0, '2017-02-16 13:35:40', '2017-02-16 13:35:40'),
(648, '', 2017, '2017-02-11 17:30:00', 3, 54, 51, 3, 0, 50, 50, 7, 3, 10, 10, 7, 6, 3, 2, 2, 1, 0, 0, 0, '2017-02-16 13:35:40', '2017-02-16 13:35:40'),
(649, '', 2017, '2017-02-11 17:30:00', 3, 42, 53, 0, 1, 60, 40, 6, 3, 16, 17, 9, 3, 1, 4, 2, 2, 0, 0, 0, '2017-02-16 13:35:41', '2017-02-16 13:35:41'),
(650, '', 2017, '2017-02-10 22:30:00', 3, 44, 49, 2, 0, 48, 52, 4, 6, 10, 15, 6, 2, 1, 0, 1, 3, 0, 0, 0, '2017-02-16 13:35:41', '2017-02-16 13:35:41'),
(652, '', 2017, '2017-02-17 22:45:00', 1, 7, 6, 4, 1, 44, 56, 8, 2, 18, 9, 4, 7, 5, 3, 4, 1, 1, 1, 0, '2017-02-18 11:42:07', '2017-02-18 11:42:07'),
(654, '', 2017, '2017-02-18 15:00:00', 1, 11, 15, 1, 4, 55, 45, 2, 6, 12, 10, 12, 3, 0, 6, 1, 1, 0, 0, 0, '2017-02-19 19:35:21', '2017-02-19 19:35:21'),
(655, '', 2017, '2017-02-18 18:15:00', 1, 14, 10, 2, 0, 68, 32, 3, 1, 12, 13, 13, 2, 4, 1, 3, 4, 0, 0, 0, '2017-02-19 19:35:21', '2017-02-19 19:35:21'),
(656, '', 2017, '2017-02-18 20:30:00', 1, 3, 16, 0, 1, 59, 41, 4, 4, 13, 13, 10, 6, 2, 4, 5, 3, 0, 0, 0, '2017-02-19 19:35:21', '2017-02-19 19:35:21'),
(657, '', 2017, '2017-02-18 22:45:00', 1, 9, 4, 2, 0, 56, 44, 5, 3, 13, 11, 5, 2, 10, 3, 2, 3, 0, 0, 0, '2017-02-19 19:35:21', '2017-02-19 19:35:21'),
(658, '', 2017, '2017-02-19 14:00:00', 1, 13, 8, 0, 1, 64, 36, 0, 3, 8, 19, 7, 4, 5, 1, 2, 4, 0, 0, 0, '2017-02-19 19:35:21', '2017-02-19 19:35:21'),
(659, '', 2017, '2017-02-19 18:15:00', 1, 19, 12, 2, 0, 58, 42, 5, 5, 17, 11, 3, 1, 6, 2, 0, 1, 0, 0, 0, '2017-02-19 19:35:21', '2017-02-19 19:35:21'),
(660, '', 2017, '2017-02-19 20:30:00', 1, 17, 2, 3, 0, 60, 40, 4, 3, 14, 18, 3, 5, 7, 0, 1, 0, 0, 0, 0, '2017-02-19 19:35:21', '2017-02-19 19:35:21'),
(661, '', 2017, '2017-02-20 22:30:00', 3, 49, 54, 1, 3, 51, 49, 4, 10, 12, 14, 2, 4, 3, 1, 3, 1, 0, 0, 0, '2017-02-20 16:41:49', '2017-02-20 16:41:49'),
(662, '', 2017, '2017-02-20 17:30:00', 3, 43, 50, 3, 0, 62, 38, 10, 3, 17, 15, 9, 2, 6, 2, 2, 1, 0, 0, 0, '2017-02-20 16:41:49', '2017-02-20 16:41:49'),
(663, '', 2017, '2017-02-20 17:30:00', 3, 44, 42, 0, 2, 63, 37, 5, 4, 14, 10, 7, 6, 3, 0, 3, 4, 0, 0, 0, '2017-02-20 16:41:49', '2017-02-20 16:41:49'),
(664, '', 2017, '2017-02-20 17:30:00', 3, 55, 41, 1, 1, 29, 71, 2, 7, 19, 10, 3, 4, 3, 4, 2, 3, 0, 0, 0, '2017-02-20 16:41:49', '2017-02-20 16:41:49');
INSERT INTO `play` (`id`, `link`, `year`, `date`, `league_id`, `home_team_id`, `away_team_id`, `home_score_full`, `away_score_full`, `h_tid_posses`, `a_tid_posses`, `h_tid_shot_on_goal`, `a_tid_shot_on_goal`, `h_tid_foul`, `a_tid_foul`, `h_tid_corner`, `a_tid_corner`, `h_tid_offside`, `a_tid_offside`, `h_tid_yellow_cart`, `a_tid_yellow_cart`, `h_tid_red_cart`, `a_tid_red_cart`, `delay`, `created_at`, `updated_at`) VALUES
(665, '', 2017, '2017-02-20 17:30:00', 3, 57, 48, 2, 0, 58, 42, 5, 4, 12, 19, 4, 2, 3, 2, 3, 4, 0, 0, 0, '2017-02-20 16:41:49', '2017-02-20 16:41:49'),
(666, '', 2017, '2017-02-20 17:30:00', 3, 51, 46, 0, 2, 51, 49, 6, 11, 16, 12, 4, 5, 4, 3, 4, 0, 1, 1, 0, '2017-02-20 16:41:49', '2017-02-20 16:41:49'),
(667, '', 2017, '2017-02-20 20:30:00', 3, 45, 56, 2, 2, 48, 52, 4, 3, 15, 9, 7, 5, 3, 2, 3, 2, 0, 0, 0, '2017-02-20 16:41:49', '2017-02-20 16:41:49'),
(668, '', 2017, '2017-02-20 17:30:00', 3, 53, 58, 1, 2, 55, 45, 3, 5, 18, 17, 8, 3, 7, 7, 4, 3, 0, 0, 0, '2017-02-20 16:41:49', '2017-02-20 17:01:57'),
(669, '', 2017, '2017-02-20 19:30:00', 3, 47, 52, 1, 1, 50, 51, 4, 4, 12, 14, 5, 0, 8, 1, 2, 3, 0, 0, 0, '2017-02-20 16:41:49', '2017-02-20 16:41:49'),
(670, '', 2017, '2017-02-19 22:45:00', 1, 5, 18, 2, 1, 72, 28, 6, 6, 8, 18, 4, 4, 0, 1, 1, 3, 0, 0, 0, '2017-02-21 15:20:38', '2017-02-21 15:20:38'),
(671, '', 2017, '2017-02-20 22:45:00', 1, 1, 20, 2, 1, 38, 62, 6, 4, 23, 14, 2, 6, 7, 6, 4, 4, 1, 0, 0, '2017-02-21 15:20:38', '2017-03-06 20:20:15'),
(672, '', 2017, '2017-02-24 22:45:00', 1, 20, 13, 0, 1, 61, 39, 6, 2, 14, 19, 6, 1, 4, 2, 2, 2, 0, 0, 0, '2017-02-26 12:19:28', '2017-02-26 12:19:28'),
(673, '', 2017, '2017-02-25 15:00:00', 1, 16, 19, 2, 1, 44, 56, 5, 2, 13, 16, 2, 1, 3, 3, 4, 3, 0, 1, 0, '2017-02-26 12:19:28', '2017-03-06 20:19:25'),
(674, '', 2017, '2017-02-25 18:15:00', 1, 6, 9, 1, 2, 44, 56, 4, 4, 19, 17, 4, 4, 1, 1, 3, 3, 0, 0, 0, '2017-02-26 12:19:28', '2017-02-26 12:19:28'),
(675, '', 2017, '2017-02-25 20:30:00', 1, 18, 3, 4, 0, 52, 48, 5, 3, 18, 13, 2, 7, 1, 0, 2, 5, 0, 1, 0, '2017-02-26 12:19:28', '2017-03-06 20:18:55'),
(676, '', 2017, '2017-02-25 22:45:00', 1, 4, 1, 3, 0, 59, 41, 4, 2, 11, 18, 2, 2, 6, 2, 2, 5, 0, 1, 0, '2017-02-26 12:19:28', '2017-03-06 20:18:26'),
(677, '', 2017, '2017-02-25 18:00:00', 2, 39, 26, 3, 1, 66, 34, 5, 2, 11, 14, 8, 1, 1, 0, 1, 3, 0, 0, 0, '2017-02-26 12:24:16', '2017-02-26 12:24:16'),
(678, '', 2017, '2017-02-25 18:00:00', 2, 27, 29, 1, 0, 46, 54, 3, 4, 13, 15, 4, 2, 2, 0, 3, 1, 0, 0, 0, '2017-02-26 12:24:16', '2017-02-26 12:24:16'),
(679, '', 2017, '2017-02-25 18:00:00', 2, 31, 34, 2, 0, 63, 37, 8, 1, 10, 16, 10, 6, 1, 0, 0, 2, 0, 0, 0, '2017-02-26 12:24:16', '2017-02-26 12:24:16'),
(680, '', 2017, '2017-02-25 18:00:00', 2, 21, 25, 1, 1, 66, 34, 1, 3, 8, 13, 6, 3, 0, 6, 1, 2, 0, 1, 0, '2017-02-26 12:24:16', '2017-03-06 20:26:31'),
(681, '', 2017, '2017-02-25 18:00:00', 2, 28, 35, 2, 1, 32, 68, 4, 4, 12, 5, 8, 6, 4, 0, 2, 0, 0, 0, 0, '2017-02-26 12:24:16', '2017-02-26 12:24:16'),
(682, '', 2017, '2017-02-25 20:30:00', 2, 24, 40, 1, 1, 36, 64, 1, 2, 18, 14, 4, 6, 2, 2, 4, 2, 0, 1, 0, '2017-02-26 12:24:16', '2017-03-06 20:26:00'),
(683, '', 2017, '2017-02-24 22:30:00', 3, 50, 42, 1, 2, 65, 35, 6, 3, 13, 15, 13, 1, 1, 0, 1, 3, 0, 0, 0, '2017-02-26 12:30:16', '2017-02-27 17:23:54'),
(684, '', 2017, '2017-02-25 17:30:00', 3, 41, 45, 8, 0, 72, 28, 12, 1, 16, 11, 4, 4, 2, 2, 0, 1, 0, 0, 0, '2017-02-26 12:30:16', '2017-02-27 17:25:15'),
(685, '', 2017, '2017-02-25 17:30:00', 3, 54, 44, 0, 2, 63, 37, 3, 5, 20, 17, 9, 8, 0, 4, 1, 3, 0, 0, 0, '2017-02-26 12:30:16', '2017-02-27 17:26:49'),
(686, '', 2017, '2017-02-25 17:30:00', 3, 48, 49, 1, 2, 55, 45, 2, 3, 17, 16, 1, 1, 1, 2, 1, 0, 0, 0, 0, '2017-02-26 12:30:16', '2017-02-27 17:27:34'),
(687, '', 2017, '2017-02-25 17:30:00', 3, 56, 43, 0, 3, 36, 64, 3, 10, 8, 10, 5, 3, 3, 2, 1, 0, 0, 0, 0, '2017-02-26 12:30:16', '2017-02-27 17:28:23'),
(688, '', 2017, '2017-02-25 17:30:00', 3, 58, 47, 3, 1, 52, 48, 5, 1, 15, 10, 3, 0, 3, 1, 1, 4, 0, 0, 0, '2017-02-26 12:30:17', '2017-02-27 17:29:22'),
(689, '', 2017, '2017-02-25 20:30:00', 3, 55, 51, 2, 0, 57, 43, 4, 2, 11, 16, 3, 6, 4, 2, 2, 2, 0, 0, 0, '2017-02-26 12:30:17', '2017-02-27 17:30:30'),
(690, '', 2017, '2017-02-26 14:00:00', 1, 10, 2, 3, 0, 68, 32, 6, 1, 11, 10, 10, 2, 4, 1, 1, 4, 0, 1, 0, '2017-02-27 16:39:19', '2017-03-06 20:17:54'),
(691, '', 2017, '2017-02-26 18:15:00', 1, 15, 5, 1, 2, 37, 63, 4, 6, 28, 14, 6, 5, 3, 0, 4, 2, 0, 0, 0, '2017-02-27 16:39:19', '2017-02-27 16:42:02'),
(692, '', 2017, '2017-02-26 20:30:00', 1, 12, 7, 3, 1, 55, 45, 7, 2, 14, 16, 0, 3, 2, 3, 1, 5, 0, 0, 0, '2017-02-27 16:39:19', '2017-02-27 16:39:19'),
(693, '', 2017, '2017-02-26 20:30:00', 1, 11, 17, 1, 1, 37, 63, 6, 5, 9, 17, 7, 5, 3, 3, 2, 4, 1, 0, 0, '2017-02-27 16:39:19', '2017-03-06 20:17:30'),
(694, '', 2017, '2017-02-26 22:45:00', 1, 8, 14, 2, 3, 50, 50, 4, 6, 15, 6, 5, 5, 1, 3, 4, 2, 0, 0, 0, '2017-02-27 16:39:19', '2017-02-27 16:39:19'),
(702, '', 2017, '2017-02-27 17:30:00', 3, 46, 53, 0, 2, 52, 48, 3, 4, 11, 14, 6, 4, 2, 4, 2, 0, 0, 0, 0, '2017-02-27 16:53:52', '2017-02-27 16:53:52'),
(703, '', 2017, '2017-02-27 19:30:00', 3, 52, 57, 1, 1, 41, 59, 2, 4, 20, 13, 6, 3, 2, 2, 0, 2, 0, 0, 0, '2017-02-27 16:53:52', '2017-02-27 16:53:52'),
(704, '', 2017, '2017-02-28 21:30:00', 1, 13, 4, 2, 2, 56, 44, 7, 4, 12, 20, 3, 5, 1, 2, 4, 5, 1, 1, 0, '2017-03-04 17:10:40', '2017-03-04 17:10:40'),
(705, '', 2017, '2017-02-28 23:30:00', 1, 1, 6, 1, 2, 61, 39, 4, 5, 8, 16, 7, 5, 2, 2, 3, 5, 0, 0, 0, '2017-03-04 17:10:40', '2017-03-04 17:10:40'),
(706, '', 2017, '2017-02-28 23:30:00', 1, 19, 18, 1, 0, 56, 44, 6, 0, 12, 26, 7, 3, 1, 3, 3, 3, 1, 0, 0, '2017-03-04 17:10:40', '2017-03-06 20:16:37'),
(707, '', 2017, '2017-03-01 21:30:00', 1, 2, 8, 1, 4, 45, 55, 3, 6, 10, 13, 8, 2, 2, 4, 3, 3, 0, 0, 0, '2017-03-04 17:10:40', '2017-03-04 17:10:40'),
(708, '', 2017, '2017-03-01 21:30:00', 1, 5, 11, 6, 1, 74, 26, 9, 2, 14, 12, 10, 3, 4, 2, 1, 3, 0, 0, 0, '2017-03-04 17:10:40', '2017-03-04 17:10:40'),
(709, '', 2017, '2017-03-01 23:30:00', 1, 17, 10, 2, 2, 51, 49, 4, 2, 16, 8, 1, 2, 1, 0, 3, 2, 1, 0, 0, '2017-03-04 17:10:40', '2017-03-06 20:16:05'),
(710, '', 2017, '2017-03-01 23:30:00', 1, 14, 20, 3, 3, 44, 56, 7, 8, 15, 16, 7, 4, 8, 1, 5, 3, 1, 0, 0, '2017-03-04 17:10:40', '2017-03-06 20:15:39'),
(711, '', 2017, '2017-03-01 23:30:00', 1, 7, 16, 2, 1, 44, 56, 6, 5, 19, 15, 4, 4, 2, 4, 6, 6, 0, 2, 0, '2017-03-04 17:10:40', '2017-03-06 20:15:12'),
(712, '', 2017, '2017-03-02 22:45:00', 1, 3, 15, 1, 1, 44, 56, 2, 4, 14, 10, 7, 2, 0, 1, 3, 1, 0, 0, 0, '2017-03-04 17:10:40', '2017-03-04 17:10:40'),
(713, '', 2017, '2017-03-02 23:30:00', 1, 9, 12, 1, 0, 47, 53, 4, 4, 16, 10, 6, 9, 1, 1, 6, 2, 0, 0, 0, '2017-03-04 17:10:40', '2017-03-04 17:10:40'),
(714, '', 2017, '2017-03-03 22:45:00', 1, 6, 13, 2, 3, 46, 54, 5, 6, 18, 15, 7, 6, 0, 1, 4, 2, 0, 0, 0, '2017-03-04 17:23:19', '2017-03-04 17:23:19'),
(715, '', 2017, '2017-03-04 15:00:00', 1, 18, 7, 1, 0, 62, 38, 4, 1, 17, 19, 7, 4, 5, 2, 3, 2, 0, 0, 0, '2017-03-04 17:23:19', '2017-03-04 17:23:19'),
(716, '', 2017, '2017-03-04 18:15:00', 1, 4, 14, 1, 4, 49, 51, 2, 7, 13, 14, 4, 4, 2, 6, 1, 2, 0, 0, 0, '2017-03-04 17:23:19', '2017-03-04 17:23:19'),
(717, '', 2017, '2017-03-04 20:30:00', 1, 8, 10, 2, 0, 51, 49, 6, 2, 13, 18, 1, 1, 3, 2, 2, 2, 0, 0, 0, '2017-03-05 14:25:32', '2017-03-05 14:25:32'),
(718, '', 2017, '2017-03-04 22:45:00', 1, 5, 17, 5, 0, 64, 36, 9, 2, 10, 16, 10, 1, 3, 1, 1, 3, 0, 0, 0, '2017-03-05 14:25:32', '2017-03-05 14:25:32'),
(719, '', 2017, '2017-03-05 14:00:00', 1, 11, 3, 0, 1, 50, 50, 2, 3, 11, 13, 6, 4, 5, 1, 4, 5, 0, 0, 0, '2017-03-05 14:25:32', '2017-03-05 14:25:32'),
(728, '', 2017, '2017-02-26 16:30:00', 2, 32, 30, 4, 0, 64, 36, 9, 3, 11, 14, 8, 5, 1, 2, 2, 3, 0, 0, 0, '2017-03-05 16:35:58', '2017-03-05 16:35:58'),
(729, '', 2017, '2017-02-27 23:00:00', 2, 22, 38, 3, 1, 31, 69, 7, 7, 8, 5, 5, 12, 3, 2, 0, 0, 0, 0, 0, '2017-03-05 16:35:58', '2017-03-05 16:35:58'),
(738, '', 2017, '2017-02-25 00:00:00', 2, 23, 37, 0, 0, 0, 0, 0, 0, 0, 0, 0, 0, 0, 0, 0, 0, 0, 0, 1, '2017-03-06 20:09:48', '2017-03-06 20:09:48'),
(739, '', 2017, '2017-02-26 00:00:00', 2, 33, 36, 0, 0, 0, 0, 0, 0, 0, 0, 0, 0, 0, 0, 0, 0, 0, 0, 1, '2017-03-06 20:09:48', '2017-03-06 20:09:48'),
(740, '', 2017, '2017-03-05 18:15:00', 1, 15, 19, 3, 0, 43, 57, 8, 2, 17, 9, 6, 2, 2, 1, 1, 2, 0, 0, 0, '2017-03-07 16:49:04', '2017-03-07 16:49:04'),
(741, '', 2017, '2017-03-05 20:30:00', 1, 20, 2, 5, 2, 73, 27, 8, 4, 7, 21, 5, 1, 2, 2, 4, 4, 0, 0, 0, '2017-03-07 16:49:04', '2017-03-07 16:49:04'),
(742, '', 2017, '2017-03-05 22:45:00', 1, 12, 1, 1, 0, 59, 41, 3, 2, 13, 18, 8, 2, 1, 2, 3, 5, 0, 0, 0, '2017-03-07 16:49:04', '2017-03-07 16:49:04'),
(743, '', 2017, '2017-03-06 22:45:00', 1, 16, 9, 1, 1, 45, 55, 4, 1, 12, 16, 2, 2, 2, 3, 2, 5, 0, 0, 0, '2017-03-07 16:49:04', '2017-03-07 16:49:04'),
(744, '', 2017, '2017-03-04 15:30:00', 2, 36, 35, 1, 1, 68, 32, 7, 1, 9, 11, 15, 2, 3, 0, 3, 3, 0, 1, 0, '2017-03-07 17:02:49', '2017-03-07 17:02:49'),
(745, '', 2017, '2017-03-04 18:00:00', 2, 22, 21, 3, 1, 50, 51, 5, 4, 12, 13, 10, 4, 1, 0, 1, 1, 0, 0, 0, '2017-03-07 17:02:50', '2017-03-07 17:02:50'),
(746, '', 2017, '2017-03-04 18:00:00', 2, 30, 29, 2, 0, 55, 45, 8, 2, 16, 20, 6, 1, 1, 4, 1, 2, 0, 0, 0, '2017-03-07 17:02:50', '2017-03-07 17:02:50'),
(747, '', 2017, '2017-03-04 18:00:00', 2, 26, 25, 3, 2, 71, 29, 10, 4, 7, 13, 9, 2, 1, 1, 2, 2, 0, 0, 0, '2017-03-07 17:02:50', '2017-03-07 17:02:50'),
(748, '', 2017, '2017-03-04 18:00:00', 2, 24, 23, 3, 4, 37, 63, 4, 11, 16, 9, 6, 5, 2, 2, 3, 2, 0, 0, 0, '2017-03-07 17:02:50', '2017-03-07 17:02:50'),
(749, '', 2017, '2017-03-04 18:00:00', 2, 28, 27, 0, 2, 52, 48, 1, 4, 8, 12, 5, 5, 0, 0, 0, 1, 0, 0, 0, '2017-03-07 17:02:50', '2017-03-07 17:04:20'),
(750, '', 2017, '2017-03-04 20:30:00', 2, 38, 37, 3, 1, 52, 48, 7, 3, 8, 15, 9, 3, 5, 3, 1, 2, 0, 0, 0, '2017-03-07 17:02:50', '2017-03-07 17:02:50'),
(751, '', 2017, '2017-03-05 16:30:00', 2, 32, 31, 3, 2, 51, 49, 7, 4, 9, 14, 7, 2, 2, 4, 1, 2, 0, 0, 0, '2017-03-07 17:02:50', '2017-03-07 17:02:50'),
(752, '', 2017, '2017-03-05 19:00:00', 2, 34, 33, 0, 2, 29, 71, 3, 7, 11, 4, 6, 4, 4, 3, 1, 0, 0, 0, 0, '2017-03-07 17:06:18', '2017-03-07 17:06:18'),
(753, '', 2017, '2017-03-06 23:00:00', 2, 40, 39, 1, 2, 52, 48, 2, 4, 8, 8, 6, 4, 1, 1, 0, 1, 0, 0, 0, '2017-03-07 17:06:18', '2017-03-07 17:06:18'),
(763, '', 2017, '2017-03-03 22:30:00', 3, 49, 58, 2, 2, 33, 67, 2, 5, 15, 15, 1, 6, 7, 5, 4, 2, 0, 0, 0, '2017-03-12 09:09:12', '2017-03-12 09:09:12'),
(764, '', 2017, '2017-03-04 17:30:00', 3, 43, 54, 6, 2, 54, 46, 12, 3, 8, 20, 7, 3, 2, 2, 0, 6, 0, 0, 0, '2017-03-12 09:09:12', '2017-03-12 09:09:12'),
(765, '', 2017, '2017-03-04 17:30:00', 3, 44, 50, 1, 1, 38, 62, 2, 5, 15, 12, 4, 6, 0, 0, 0, 0, 0, 0, 0, '2017-03-12 09:09:12', '2017-03-12 09:09:12'),
(766, '', 2017, '2017-03-04 17:30:00', 3, 47, 41, 0, 3, 25, 75, 2, 8, 11, 9, 2, 9, 1, 1, 0, 2, 0, 0, 0, '2017-03-12 09:09:12', '2017-03-12 09:09:12'),
(767, '', 2017, '2017-03-04 17:30:00', 3, 42, 48, 2, 0, 42, 58, 4, 3, 10, 17, 2, 7, 1, 2, 1, 1, 0, 0, 0, '2017-03-12 09:09:12', '2017-03-12 09:09:12'),
(768, '', 2017, '2017-03-04 17:30:00', 3, 57, 46, 5, 2, 60, 40, 12, 4, 19, 21, 3, 6, 5, 3, 2, 2, 0, 0, 0, '2017-03-12 09:09:12', '2017-03-12 09:09:12'),
(769, '', 2017, '2017-03-04 20:30:00', 3, 53, 52, 4, 2, 39, 61, 7, 2, 6, 16, 3, 2, 4, 5, 0, 4, 0, 0, 0, '2017-03-12 09:09:12', '2017-03-12 09:09:12'),
(770, '', 2017, '2017-03-05 19:30:00', 3, 45, 55, 1, 0, 42, 58, 3, 1, 14, 11, 5, 2, 3, 2, 1, 2, 0, 0, 0, '2017-03-12 09:09:12', '2017-03-12 09:09:12'),
(771, '', 2017, '2017-03-05 17:30:00', 3, 51, 56, 1, 2, 47, 53, 3, 3, 13, 14, 12, 1, 3, 3, 2, 1, 0, 0, 0, '2017-03-12 09:25:16', '2017-03-12 09:25:16'),
(772, '', 2017, '2017-03-10 22:30:00', 3, 54, 42, 1, 1, 53, 47, 7, 3, 12, 12, 4, 3, 0, 5, 1, 2, 1, 0, 0, '2017-03-12 09:37:14', '2017-03-12 09:37:14'),
(773, '', 2017, '2017-03-11 17:30:00', 3, 41, 51, 3, 0, 72, 29, 7, 4, 11, 8, 3, 2, 4, 1, 2, 3, 0, 0, 0, '2017-03-12 09:37:14', '2017-03-12 09:37:14'),
(774, '', 2017, '2017-03-11 17:30:00', 3, 55, 43, 2, 1, 32, 68, 4, 2, 7, 15, 4, 8, 2, 2, 2, 4, 0, 0, 0, '2017-03-12 09:37:14', '2017-03-12 09:37:14'),
(775, '', 2017, '2017-03-11 17:30:00', 3, 48, 44, 2, 1, 42, 58, 5, 6, 16, 17, 5, 11, 1, 1, 3, 3, 1, 1, 0, '2017-03-12 09:37:14', '2017-03-12 09:37:14'),
(776, '', 2017, '2017-03-11 17:30:00', 3, 56, 57, 1, 1, 41, 59, 4, 7, 12, 11, 6, 6, 6, 1, 2, 2, 0, 0, 0, '2017-03-12 09:37:14', '2017-03-12 09:37:14'),
(777, '', 2017, '2017-03-11 17:30:00', 3, 58, 50, 0, 1, 57, 43, 6, 5, 16, 17, 7, 3, 3, 4, 3, 4, 0, 0, 0, '2017-03-12 09:37:14', '2017-03-12 09:37:14'),
(778, '', 2017, '2017-03-11 20:30:00', 3, 46, 47, 2, 2, 57, 43, 9, 2, 13, 24, 11, 0, 1, 1, 4, 3, 0, 0, 0, '2017-03-12 09:37:14', '2017-03-12 09:37:14'),
(779, '', 2017, '2017-03-08 23:00:00', 2, 33, 30, 0, 0, 65, 35, 1, 2, 8, 11, 8, 1, 1, 1, 1, 3, 0, 0, 0, '2017-03-12 11:25:34', '2017-03-12 11:25:34'),
(780, '', 2017, '2017-03-11 00:00:00', 2, 37, 22, 0, 0, 0, 0, 0, 0, 0, 0, 0, 0, 0, 0, 0, 0, 0, 0, 1, '2017-03-12 11:25:34', '2017-03-12 11:25:34'),
(781, '', 2017, '2017-03-11 00:00:00', 2, 27, 32, 0, 0, 0, 0, 0, 0, 0, 0, 0, 0, 0, 0, 0, 0, 0, 0, 1, '2017-03-12 11:25:34', '2017-03-12 11:25:34'),
(782, '', 2017, '2017-03-11 00:00:00', 2, 29, 34, 0, 0, 0, 0, 0, 0, 0, 0, 0, 0, 0, 0, 0, 0, 0, 0, 1, '2017-03-12 11:25:34', '2017-03-12 11:25:34'),
(783, '', 2017, '2017-03-11 18:00:00', 2, 35, 40, 3, 2, 52, 48, 9, 7, 20, 15, 5, 6, 0, 0, 4, 2, 0, 0, 0, '2017-03-12 11:25:34', '2017-03-12 11:25:34'),
(784, '', 2017, '2017-03-11 18:00:00', 2, 31, 28, 3, 0, 63, 37, 5, 2, 8, 12, 4, 6, 0, 0, 1, 2, 0, 0, 0, '2017-03-12 11:25:34', '2017-03-12 11:25:34'),
(785, '', 2017, '2017-03-11 18:00:00', 2, 21, 26, 2, 1, 50, 50, 7, 3, 14, 5, 2, 7, 7, 3, 3, 1, 0, 0, 0, '2017-03-12 11:25:34', '2017-03-12 11:25:34'),
(786, '', 2017, '2017-03-12 16:30:00', 2, 23, 36, 0, 0, 0, 0, 0, 0, 0, 0, 0, 0, 0, 0, 0, 0, 0, 0, 1, '2017-03-12 11:25:34', '2017-03-12 11:25:34'),
(787, '', 2017, '2017-03-13 23:00:00', 2, 39, 24, 0, 0, 0, 0, 0, 0, 0, 0, 0, 0, 0, 0, 0, 0, 0, 0, 1, '2017-03-12 11:25:34', '2017-03-12 11:25:34'),
(788, '', 2017, '2017-03-10 22:45:00', 1, 10, 20, 4, 3, 33, 67, 6, 5, 18, 12, 2, 5, 1, 1, 2, 4, 0, 0, 0, '2017-03-12 12:52:24', '2017-03-12 12:52:24'),
(789, '', 2017, '2017-03-11 15:00:00', 1, 19, 11, 1, 1, 59, 41, 7, 4, 15, 20, 7, 8, 3, 3, 3, 5, 0, 0, 0, '2017-03-12 12:52:24', '2017-03-12 12:52:24'),
(790, '', 2017, '2017-03-11 18:15:00', 1, 9, 18, 1, 1, 63, 37, 4, 4, 20, 20, 4, 1, 2, 0, 2, 3, 0, 0, 0, '2017-03-12 12:52:24', '2017-03-12 12:52:24'),
(791, '', 2017, '2017-03-11 20:30:00', 1, 1, 16, 1, 2, 58, 42, 9, 2, 17, 13, 5, 3, 0, 1, 2, 2, 0, 1, 0, '2017-03-12 12:52:24', '2017-03-12 12:52:24'),
(792, '', 2017, '2017-03-11 22:45:00', 1, 7, 15, 0, 1, 51, 49, 2, 6, 14, 15, 4, 9, 0, 6, 4, 3, 1, 0, 0, '2017-03-12 12:52:24', '2017-03-12 12:52:24');

-- --------------------------------------------------------

--
-- Структура таблицы `team`
--

CREATE TABLE `team` (
  `team_id` int(25) NOT NULL,
  `team_name` varchar(50) NOT NULL,
  `team_embl` varchar(50) NOT NULL,
  `team_stadium` varchar(30) NOT NULL,
  `team_league` int(11) NOT NULL
) ENGINE=InnoDB DEFAULT CHARSET=utf8;

--
-- Дамп данных таблицы `team`
--

INSERT INTO `team` (`team_id`, `team_name`, `team_embl`, `team_stadium`, `team_league`) VALUES
(1, 'Малага', '/img/embl/spain1.png', 'Ла Розаледа', 1),
(2, 'Осасуна', '/img/embl/spain2.png', 'Рейно де Наварра', 1),
(3, 'Депортиво', '/img/embl/spain3.png', 'Риазор', 1),
(4, 'Эйбар', '/img/embl/spain4.png', 'Ипуруа', 1),
(5, 'Барселона', '/img/embl/spain5.png', 'Камп Ноу', 1),
(6, 'Бетис', '/img/embl/spain6.png', 'Эстадио Бенито Вильямарин', 1),
(7, 'Гранада', '/img/embl/spain7.png', 'Нуэво Лос Карменес', 1),
(8, 'Вильярреал', '/img/embl/spain8.png', 'Эль Мадригал', 1),
(9, 'Севилья', '/img/embl/spain9.png', 'Рамон Санчес Писхуан', 1),
(10, 'Эспаньол', '/img/embl/spain10.png', 'Корнелия-Эль Прат', 1),
(11, 'Спортинг Хихон', '/img/embl/spain11.png', 'Эль Молинон', 1),
(12, 'Атлетик', '/img/embl/spain12.png', 'Сан-Мамес', 1),
(13, 'Реал Сосьедад', '/img/embl/spain13.png', 'Аноэта', 1),
(14, 'Реал Мадрид', '/img/embl/spain14.png', 'Сантьяго Бернабеу', 1),
(15, 'Атлетико', '/img/embl/spain15.png', 'Висенте Кальдерон', 1),
(16, 'Алавес', '/img/embl/spain16.png', 'Мендизорроза', 1),
(17, 'Сельта', '/img/embl/spain17.png', 'Балаидос', 1),
(18, 'Леганес', '/img/embl/spain18.png', 'Бутарке', 1),
(19, 'Валенсия', '/img/embl/spain19.png', 'Месталья', 1),
(20, 'Лас-Пальмас', '/img/embl/spain20.png', 'Эстадио де Гран Канария', 1),
(21, 'Халл Сити', '/img/embl/hull.png', 'Кингстон Коммьюникейшн', 2),
(22, 'Лестер', '/img/embl/leicester.png', 'Кинг Пауэр', 2),
(23, 'Саутгемптон', '/img/embl/southampton.png', 'Сент-Мэрис', 2),
(24, 'Уотфорд', '/img/embl/watford.png', 'Викаридж Роуд', 2),
(25, 'Бернли', '/img/embl/burnley.png', 'Терф Мур', 2),
(26, 'Суонси', '/img/embl/swansey.png', 'Либерти', 2),
(27, 'Кристал Пэлас', '/img/embl/Crystal.png', 'Селхерст Парк', 2),
(28, 'Вест Бромвич', '/img/embl/west_brom.png', 'Хоторн', 2),
(29, 'Миддлсбро', '/img/embl/middlesbr.png', 'Риверсайд', 2),
(30, 'Сток Сити', '/img/embl/stoke.png', 'Бет365', 2),
(31, 'Эвертон', '/img/embl/everton.png', 'Гудисон Парк', 2),
(32, 'Тоттенхэм', '/img/embl/tottenham.png', 'Уайт Харт Лейн', 2),
(33, 'Ман Сити', '/img/embl/manchester_city.png', 'Этихад', 2),
(34, 'Сандерленд', '/img/embl/sunder.png', 'Стэдиум оф Лайт', 2),
(35, 'Борнмут', '/img/embl/bourmouth.png', 'Виталити Стэдиум', 2),
(36, 'МЮ', '/img/embl/mancherster_unt.png', 'Олд Траффорд', 2),
(37, 'Арсенал', '/img/embl/arsenal.png', 'Эмирейтс', 2),
(38, 'Ливерпуль', '/img/embl/liverpool.png', 'Энфилд', 2),
(39, 'Челси', '/img/embl/chelsea.png', 'Стэмфорд Бридж', 2),
(40, 'Вест Хэм', '/img/embl/west_ham.png', 'Олимпийский стадион', 2),
(41, 'Бавария', '/img/embl/bayern_munchen.png', 'Альянц Арена', 3),
(42, 'Вердер', '/img/embl/werder.png', 'Везерштадион', 3),
(43, 'Боруссия Д', '/img/embl/borrusia_dortm.png', 'Сигнал Идуна Парк', 3),
(44, 'Майнц', '/img/embl/mainz.png', 'Кофас Арена', 3),
(45, 'Гамбург', '/img/embl/hambourg.png', 'Имтех Арена', 3),
(46, 'Ингольштадт 04', '/img/embl/ingolstadt.png', 'Ауди-Спортпарк', 3),
(47, 'Кёльн', '/img/embl/koln.png', 'Рейн Энерги', 3),
(48, 'Дармштадт 98', '/img/embl/darmstadt.png', 'Штадион ам Бёлленфалльтор', 3),
(49, 'Аугсбург', '/img/embl/ausbourg.png', 'ВВК Арена', 3),
(50, 'Вольфсбург', '/img/embl/wolfsbourg.png', 'Фольксваген-Арена', 3),
(51, 'Айнтрахт', '/img/embl/aintracht.png', 'Коммерцбанк-Арена', 3),
(52, 'Шальке', '/img/embl/shalke.png', 'Фельтинс-Арена', 3),
(53, 'Боруссия М', '/img/embl/borrusia_munchen.png', 'Боруссия Парк', 3),
(54, 'Байер', '/img/embl/bayer.png', 'БайАрена', 3),
(55, 'Герта', '/img/embl/hertha.png', 'Олимпийский стадион', 3),
(56, 'Фрайбург', '/img/embl/freibourg.png', 'Шварцвальд-Штадион', 3),
(57, 'Хоффенхайм', '/img/embl/hoffenheim.png', 'Райн-Неккар-Арена', 3),
(58, 'РБ Лейпциг', '/img/embl/leipzig.png', 'Ред Булл Арена', 3);

-- --------------------------------------------------------

--
-- Структура таблицы `user`
--

CREATE TABLE `user` (
  `id` int(15) NOT NULL,
  `username` varchar(255) NOT NULL,
  `password` varchar(255) NOT NULL,
  `auth_key` varchar(255) DEFAULT NULL
) ENGINE=InnoDB DEFAULT CHARSET=utf8;

--
-- Дамп данных таблицы `user`
--

INSERT INTO `user` (`id`, `username`, `password`, `auth_key`) VALUES
(1, 'admin', '$2y$13$pi..72IYUQ4YVdEDnUJzR.09b3WGfJeMiSmN/CX4MbiLZLKYCbmGS', 'b7CRioZtZP7eAxek8UAguqC-4vkcPvV4');

--
-- Индексы сохранённых таблиц
--

--
-- Индексы таблицы `league`
--
ALTER TABLE `league`
  ADD PRIMARY KEY (`id`);

--
-- Индексы таблицы `play`
--
ALTER TABLE `play`
  ADD PRIMARY KEY (`id`);

--
-- Индексы таблицы `team`
--
ALTER TABLE `team`
  ADD PRIMARY KEY (`team_id`);

--
-- Индексы таблицы `user`
--
ALTER TABLE `user`
  ADD PRIMARY KEY (`id`);

--
-- AUTO_INCREMENT для сохранённых таблиц
--

--
-- AUTO_INCREMENT для таблицы `league`
--
ALTER TABLE `league`
  MODIFY `id` int(25) NOT NULL AUTO_INCREMENT, AUTO_INCREMENT=4;
--
-- AUTO_INCREMENT для таблицы `play`
--
ALTER TABLE `play`
  MODIFY `id` bigint(255) NOT NULL AUTO_INCREMENT, AUTO_INCREMENT=793;
--
-- AUTO_INCREMENT для таблицы `team`
--
ALTER TABLE `team`
  MODIFY `team_id` int(25) NOT NULL AUTO_INCREMENT, AUTO_INCREMENT=59;
--
-- AUTO_INCREMENT для таблицы `user`
--
ALTER TABLE `user`
  MODIFY `id` int(15) NOT NULL AUTO_INCREMENT, AUTO_INCREMENT=2;
/*!40101 SET CHARACTER_SET_CLIENT=@OLD_CHARACTER_SET_CLIENT */;
/*!40101 SET CHARACTER_SET_RESULTS=@OLD_CHARACTER_SET_RESULTS */;
/*!40101 SET COLLATION_CONNECTION=@OLD_COLLATION_CONNECTION */;
